node_id,x,y,u_x,u_y,u_mag,u_x_vp,u_y_vp,u_mag_vp
1,50.0,20.0,-4.932752760078587,3.8157241717261554,6.236329108278217,-4.930174498072144,3.848717622046019,6.254538185644762
2,100.0,20.0,4.931234495686703,3.8216155083993266,6.238735348248773,4.928656305675852,3.8546087682154133,6.25696905342207
3,85.0,30.0,0.7882283284484566,-4.769869411104469,4.834558728235571,0.7917993462773343,-4.71258979816575,4.7786450810393015
4,65.0,30.0,-0.7924515209287161,-4.73420019996459,4.800065723129944,-0.7960228979180834,-4.676920882029051,4.744179738455247
5,0.0,10.0,0.0,-0.022076395145495174,0.022076395145495174,0.0,-0.0011037412119300621,0.0011037412119300621
6,150.0,10.0,0.0,-0.022076899703358997,0.022076899703358997,0.0,-0.0011042459610215959,0.0011042459610215959
7,150.0,20.0,0.0,-0.028526506410101626,0.028526506410101626,0.0,-0.0007618906223954246,0.0007618906223954246
8,0.0,20.0,0.0,-0.02852637285781968,0.02852637285781968,0.0,-0.0007617571491487299,0.0007617571491487299
9,0.0,0.0,0.0,0.0,0.0,0.0,0.0,0.0
10,150.0,0.0,0.0,0.0,0.0,0.0,0.0,0.0
11,53.333333333298924,20.0,-5.4912770483697555,1.3475400335577516,5.654200895263033,-5.4880957848702705,1.3852959186459233,5.660233221884756
12,56.666666666597855,20.0,-5.4856845079670995,-0.00023217307975886852,5.485684512880282,-5.482323762852036,0.042283956132479227,5.4824868238490385
13,59.99999999989678,20.0,-5.481905071685792,-1.3319252116010074,5.641392379924729,-5.478741595090168,-1.2852036350097829,5.627464602217726
14,63.33333333319571,20.0,-5.378967280572429,-2.6753394680009923,6.007556098324224,-5.376295247717863,-2.62523570165021,5.983010369358601
15,66.66666666649463,20.0,-4.813525482823619,-3.7682159136911335,6.1130580519072,-4.811530056268953,-3.7156302319196217,6.079204676825298
16,69.99999999979357,20.0,-3.492680901150069,-4.052783755763912,5.350128601093837,-3.4914574836368444,-3.9985890544624945,5.308388624291838
17,73.3333333330925,20.0,-1.2919824951140646,-3.8634587320536324,4.073761424281327,-1.2915712130286754,-3.8084773892829205,4.02152411692428
18,76.66666666639141,20.0,1.2537199821365683,-3.7853177514503775,3.9875361155798776,1.253308902281096,-3.73033619941803,3.9352498478782256
19,79.99999999969032,20.0,3.48410103391198,-4.0547025234413585,5.345986585103656,3.482877563281231,-4.0005079538953625,5.30419645280865
20,83.33333333303179,20.0,4.814708125349453,-3.7878705334989853,6.1261225510804085,4.8127127008273884,-3.7352847806463783,6.0921716926916725
21,86.66666666642541,20.0,5.376496226171921,-2.686789553162212,6.010453374997805,5.373824104759904,-2.636685865320188,5.985824743615357
22,89.99999999981907,20.0,5.48368376188242,-1.3404073978809163,5.645128837557813,5.480520278353881,-1.2936858245668539,5.631138919804173
23,93.3333333332127,20.0,5.488197298254342,-0.004779970120181672,5.488199379822184,5.484836553030761,0.037736126857938285,5.4849663653237295
24,96.66666666660635,20.0,5.493619234656385,1.345997415949625,5.65610832102159,5.4904379998056605,1.3837532483335284,5.662127028068478
25,97.0,22.0,4.724046440140041,1.4636486803488662,4.94559220195992,4.722814842682111,1.50129426263329,4.955690113523453
26,94.0,24.0,4.0317210494330435,0.21568187515588486,4.0374860113333195,4.032017062863807,0.25871199848272153,4.040308588880781
27,91.0,26.0,3.3068348500059908,-1.059275561229117,3.4723509960589247,3.3084868029357977,-1.0107688196701876,3.459441939391063
28,88.0,28.0,2.3472084708503123,-2.610836155649993,3.510819425330886,2.3498834996962707,-2.5573411482107185,3.4730312711630615
29,81.0,30.0,0.030786611647430327,-6.7245254782552095,6.724595952409348,0.033104655286273585,-6.664239985988223,6.664322209275744
30,77.0,30.0,-0.06599818019118199,-8.337429072987392,8.33769028609746,-0.06522514638193537,-8.275775312994204,8.2760323435137
31,73.0,30.0,0.07848513217060325,-8.290200379433433,8.290571889027323,0.07771170994233996,-8.228546300290287,8.228913253029413
32,69.0,30.0,-0.05633138100741667,-6.624384276228331,6.624623782799092,-0.05864919057177882,-6.56409908076298,6.5643610861703925
33,53.00000000000654,22.00000000000436,-4.7251873471654235,1.4654637008853122,4.9472193527702695,-4.723955820277468,1.5031092209877155,4.957327497972235
34,56.00000000001307,24.00000000000871,-4.033037210373083,0.21976409465666513,4.039020351218122,-4.033333231026895,0.2627942178701344,4.041885420623874
35,59.0000000000196,26.000000000013067,-3.3101724660976966,-1.050257607957359,3.472791787364111,-3.311824376280392,-1.0017508393505872,3.4600123472994446
36,62.00000000002613,28.00000000001742,-2.3491939753419167,-2.6033913717649937,3.5066164558393282,-2.3518685127460315,-2.5498964061484752,3.4688985547771702
37,3.0612244897899354,10.0,-0.0007072792796429751,-0.022086698432575668,0.022098020083956678,-0.0005908135255393184,-0.001115496729451132,0.0012622969442157303
38,6.1224489795796755,10.0,-0.0014276080342311489,-0.022094235253226523,0.022140309305073384,-0.0011919714578656072,-0.0011275555651067137,0.0016407856376655001
39,9.183673469369415,10.0,-0.0021770199505857873,-0.022105640787873568,0.022212581356243762,-0.0018164134687341806,-0.001147020155900083,0.002148258161264607
40,12.244897959159154,10.0,-0.002966991361972742,-0.022120092213627342,0.02231818803759386,-0.0024722955353075507,-0.0011737611333947108,0.002736779204132055
41,15.306122448948894,10.0,-0.0038131164286754624,-0.022124440685284793,0.022450628778172776,-0.003171160740075749,-0.0011952889500793408,0.003388949116404604
42,18.367346938738635,10.0,-0.004728957653997918,-0.022111251206249523,0.022611290772513993,-0.0039217528601790085,-0.001204324956286057,0.004102504612630636
43,21.42857142852837,10.0,-0.005748393190127707,-0.02206957877004369,0.02280592754867624,-0.004751537225943046,-0.0011890385418398264,0.004898052537846355
44,24.489795918318112,10.0,-0.006871295467809995,-0.021967681058452225,0.023017248152023446,-0.005653276728762855,-0.0011143970820100546,0.0057620672183135956
45,27.551020408107856,10.0,-0.00810716810591446,-0.0217620110838796,0.023223076908808944,-0.006627129789795045,-0.0009291648435256691,0.006691950131107747
46,30.612244897897593,10.0,-0.009344735743634109,-0.02143666734198452,0.02338492661628979,-0.0075515020084609055,-0.0006028357751986409,0.007575525959010928
47,33.673469387687334,10.0,-0.010583747807927046,-0.02091781034499574,0.023442920195466503,-0.008415173062914293,-3.5913995678368144e-05,0.0084152496988434
48,36.73469387747708,10.0,-0.011893293429293036,-0.020400945601308635,0.02361459315810499,-0.00927790435975243,0.0006177318493079016,0.009298446211403414
49,39.79591836726683,10.0,-0.013029374599148335,-0.020056651083383992,0.023917229252686027,-0.009892404811014915,0.0012495886924003378,0.009971015236432339
50,42.85714285705657,10.0,-0.01350942268163933,-0.021305957334059423,0.02522792736456865,-0.009789720470869399,0.0005208428650228906,0.009803565891439941
51,45.918367346846324,10.0,-0.014803384608965854,-0.023308990012248575,0.02761248288857905,-0.010486256090700363,-0.0006418264778961687,0.010505879688416342
52,48.979591836636075,10.0,-0.016523993815955502,-0.02578408220922359,0.03062452068199168,-0.011686586035193501,-0.0019084114966893238,0.011841381996991557
53,52.040816326425826,10.0,-0.01848546745004099,-0.028772155193589364,0.034198675724807184,-0.013320303494721597,-0.00336979427476913,0.013739941726432439
54,55.10204081621558,10.0,-0.02025484948602256,-0.03262744894386062,0.038403246637304767,-0.015043845338500074,-0.0055285934488154935,0.016027558394558918
55,58.16326530600532,10.0,-0.021821648092183656,-0.03738871205156122,0.0432908779575289,-0.01687026155317805,-0.008602725976663842,0.018937069971413326
56,61.22448979579507,10.0,-0.022025776526821694,-0.041709566672610186,0.047168027133073984,-0.01761203362763152,-0.011393032980724093,0.020975817719476167
57,64.28571428558244,10.0,-0.019894137407558906,-0.04586879390749826,0.04999722950043716,-0.016244180981396152,-0.014272408188309917,0.021623483790779146
58,67.34693877535808,10.0,-0.0162334991413688,-0.048802666249340626,0.051431767687075976,-0.013515007158495301,-0.016227574521579878,0.021118465695869282
59,70.40816326513333,10.0,-0.010797476779073063,-0.049896359298151866,0.05105127007239769,-0.009123697603983967,-0.01666474168844103,0.01899882821416645
60,73.46938775490857,10.0,-0.0032453879114114677,-0.04884538025933701,0.04895307666914068,-0.002680480771372216,-0.015285242530399736,0.015518492722517773
61,76.53061224469829,10.0,0.0032142465833832528,-0.04880297127598443,0.04890870460831438,0.0026493427798397083,-0.01524284860063,0.015471375201539673
62,79.59183673450254,10.0,0.010802187751767669,-0.04990446637365214,0.051060190209824094,0.009128399001411373,-0.0166728967595499,0.01900823912632566
63,82.65306122430677,10.0,0.01627918738882206,-0.04879695357956325,0.05144078752008404,0.013560750439589864,-0.01622192130989429,0.021143431213245387
64,85.714285714111,10.0,0.01993105546511588,-0.045884064208683045,0.05002593647559308,0.016281126356029785,-0.014287696223208315,0.02166133280266219
65,88.77551020391525,10.0,0.022012847342875674,-0.041726597545478555,0.047177053647542315,0.017599111856938385,-0.011410055970122606,0.020974225024881367
66,91.83673469371948,10.0,0.021821246351373138,-0.037415541451773685,0.04331384922235278,0.016869844709576646,-0.00862950334295342,0.01894887829058162
67,94.89795918352372,10.0,0.02026396295495145,-0.032638686125885344,0.038417600480296854,0.015052920544396511,-0.005539726644835034,0.016039918585061763
68,97.95918367332796,10.0,0.018498711757392674,-0.028803578968374374,0.03423227275642791,0.013333581633691999,-0.0034011696559668528,0.013760536116409065
69,101.02040816313219,10.0,0.016522255219167878,-0.025805135211578924,0.030641310690229795,0.01168482138870285,-0.001929398848557022,0.011843041450687436
70,104.08163265293643,10.0,0.014802210684538753,-0.02332679502295031,0.027626885586186013,0.010485118830528582,-0.0006595520017321534,0.010505842457094716
71,107.14285714274067,10.0,0.013504011609872937,-0.021314402337592853,0.025232163533243968,0.00978430489233871,0.0005124099000652915,0.009797713311376698
72,110.20408163254493,10.0,0.013029005175388035,-0.020061024744924397,0.023920695844326042,0.009892052706637584,0.0012452001102372448,0.009970116853148251
73,113.26530612234916,10.0,0.011880683589667027,-0.020402802045449385,0.0236098490859975,0.009265277514368965,0.000615869087143478,0.009285723566355509
74,116.32653061215338,10.0,0.01058282746311097,-0.02091564567855918,0.023440573185504812,0.00841425462340195,-3.375116104158138e-05,0.008414322314263504
75,119.38775510195764,10.0,0.00934752325959835,-0.021433921678563513,0.02338352389208109,0.007554291014864472,-0.000600089905829923,0.007578088191116612
76,122.44897959176187,10.0,0.008110563218821774,-0.021760231059869926,0.023222594418053993,0.006630513348550208,-0.0009273842613673998,0.006695054057551324
77,125.51020408156607,10.0,0.0068745446041512896,-0.021967123507461144,0.02301768621531099,0.005656540475771871,-0.001113845154938526,0.005765162719579171
78,128.57142857137032,10.0,0.0057513170157228646,-0.022069536450537663,0.02280662374304785,0.004754447896544849,-0.001189008949250621,0.0049008690129769645
79,131.63265306117455,10.0,0.004731800476028021,-0.022111940779115307,0.02261255980122643,0.003924596354515012,-0.0012050172278515701,0.004105426051616519
80,134.69387755097878,10.0,0.0038155380184580444,-0.022126314568109883,0.02245288682413133,0.00317358001944035,-0.0011971657429370244,0.0033918749911889395
81,137.75510204078304,10.0,0.002968455455414123,-0.02212225564325573,0.022320526932318105,0.002473766620680433,-0.0011759272786997371,0.0027390374693280228
82,140.81632653058728,10.0,0.0021779478726180346,-0.02210706035669109,0.022214085048685314,0.0018173368352222283,-0.0011484428084743911,0.002149798608472917
83,143.8775510203915,10.0,0.0014282573497657466,-0.02209504568190878,0.022141159923156597,0.001192626435410335,-0.0011283657124362134,0.0016418181980478975
84,146.93877551019574,10.0,0.0007076768560796054,-0.022087245358944955,0.02209857945839203,0.0005912105612494176,-0.0011160445887074405,0.00126296692423674
85,150.0,14.999999999999996,0.0,-0.02748003749531312,0.02748003749531312,0.0,-0.0013485583517145114,0.0013485583517145114
86,103.33333333329152,20.0,4.336319560651932,4.35874704910665,6.148361014952561,4.334005067850061,4.388837432990737,6.168102945101576
87,106.66666666658304,20.0,3.3243363552927914,3.3086581627331078,4.690248505243809,3.3219516147370998,3.3372985058779565,4.708813422507805
88,109.99999999987457,20.0,1.7444873793327809,1.695547597697983,2.4327182065974586,1.7420967047085119,1.72344773620903,2.450545455199778
89,113.3333333331661,20.0,0.5315628255987072,0.47930707472585615,0.7157473782283377,0.5292493590625551,0.5068593859201734,0.7328105629448177
90,116.6666666664576,20.0,0.05331399785610012,0.009481946136350426,0.05415062021743518,0.05114935961662777,0.036906396674785166,0.06307407632861305
91,119.99999999974912,20.0,0.015039157779575332,-0.02561956136648758,0.029707544350386555,0.013073661066786712,0.001793999960162225,0.013196175565150561
92,123.33333333304063,20.0,0.012116529999969228,-0.026798714354039844,0.029410565963095228,0.010379368254127953,0.000659089484956174,0.010400273280254656
93,126.66666666633215,20.0,0.010035932477431784,-0.027388722752727586,0.02916954018693726,0.00853937071118546,0.00013319259542554293,0.008540409381904843
94,129.9999999996825,20.0,0.008202418032780816,-0.027795912962730113,0.02898089782971114,0.00694661854122823,-0.00020899032524783825,0.006949761586801594
95,133.33333333306874,20.0,0.006526796110125502,-0.028079830371248116,0.0288283877652084,0.005504590692230584,-0.0004358834115204234,0.005521821532558822
96,136.666666666455,20.0,0.005017541031917526,-0.02826823996726214,0.028710087231732555,0.004218291484484854,-0.0005785635104968538,0.004257783318084174
97,139.99999999984124,20.0,0.003645552911829247,-0.028391945615547334,0.028625035054461404,0.0030580193908738194,-0.0006682265534090383,0.0031301772029137913
98,143.3333333332275,20.0,0.0023751281217271377,-0.028469662144113853,0.02856856482560173,0.0019894701126174264,-0.0007227625468293301,0.0021166901114941733
99,146.66666666661376,20.0,0.0011716149466555917,-0.02851273415922285,0.028536795384516117,0.0009806316771181647,-0.0007524416775836137,0.0012360448876689017
100,46.666666666690354,20.0,-4.339465818483692,4.357573231831798,6.149748617672543,-4.337151456804856,4.387663493462675,6.169479207447705
101,43.33333333338071,20.0,-3.330782936878913,3.31400727841971,4.698591194605307,-3.3283982279178836,3.3426476026892074,4.717152505417947
102,40.000000000071054,20.0,-1.7516093606775687,1.7018150887426344,2.4421936755067937,-1.7492186826161809,1.7297152297924754,2.4600164177886135
103,36.6666666667614,20.0,-0.5341674611856138,0.48156924335748486,0.719196643997582,-0.5318540006278294,0.509121553177219,0.7362563642464566
104,33.33333333345176,20.0,-0.05345018632674653,0.009585004155621654,0.0543028058485674,-0.05128554650670879,0.03700944722089613,0.06324481373273294
105,30.000000000129063,20.0,-0.014986486899204605,-0.02566364317353372,0.02971897324132338,-0.01302099104063702,0.0017499172660332026,0.013138052295462622
106,26.666666666795727,20.0,-0.012106321852241607,-0.026802093205232903,0.02940944115368489,-0.01036916129565833,0.0006557102247595446,0.010389873044182636
107,23.3333333334624,20.0,-0.010027781347240639,-0.02739088159290057,0.029168763998228767,-0.00853122021319439,0.00013103275539434397,0.008532226433294113
108,20.000000000129063,20.0,-0.008195467663319564,-0.027796942490744117,0.028979918944922058,-0.006939667357819392,-0.00021002148979644766,0.006942844666515326
109,16.66666666678509,20.0,-0.006521450470129682,-0.028080043599942085,0.028827385674198815,-0.005499246723177794,-0.0004360952685021867,0.005516510999317567
110,13.333333333428072,20.0,-0.005013565929272084,-0.028268018149572922,0.02870917437739619,-0.004214317569654601,-0.0005783418940687145,0.004253816160147785
111,10.000000000071054,20.0,-0.003642892134129243,-0.028391547893249595,0.028624301823373548,-0.0030553585973417366,-0.0006678290526017129,0.003127492893972577
112,6.666666666714036,20.0,-0.0023735477645465647,-0.028469321718956393,0.028568094233393064,-0.0019878899115777994,-0.0007224221453828554,0.0021150886640262526
113,3.333333333357011,20.0,-0.0011708970667617985,-0.028512531144988706,0.028536563076777526,-0.0009799138700265614,-0.0007522387245166469,0.0012353518896787525
114,0.0,14.999999999999996,0.0,-0.027479513109410506,0.027479513109410506,0.0,-0.0013480340402804887,0.0013480340402804887
115,3.0612244897899354,0.0,0.0,0.0,0.0,0.0,0.0,0.0
116,6.1224489795796755,0.0,0.0,0.0,0.0,0.0,0.0,0.0
117,9.183673469369415,0.0,0.0,0.0,0.0,0.0,0.0,0.0
118,12.244897959159154,0.0,0.0,0.0,0.0,0.0,0.0,0.0
119,15.306122448948894,0.0,0.0,0.0,0.0,0.0,0.0,0.0
120,18.367346938738635,0.0,0.0,0.0,0.0,0.0,0.0,0.0
121,21.42857142852837,0.0,0.0,0.0,0.0,0.0,0.0,0.0
122,24.489795918318112,0.0,0.0,0.0,0.0,0.0,0.0,0.0
123,27.551020408107856,0.0,0.0,0.0,0.0,0.0,0.0,0.0
124,30.612244897897593,0.0,0.0,0.0,0.0,0.0,0.0,0.0
125,33.673469387687334,0.0,0.0,0.0,0.0,0.0,0.0,0.0
126,36.73469387747708,0.0,0.0,0.0,0.0,0.0,0.0,0.0
127,39.79591836726683,0.0,0.0,0.0,0.0,0.0,0.0,0.0
128,42.85714285705657,0.0,0.0,0.0,0.0,0.0,0.0,0.0
129,45.918367346846324,0.0,0.0,0.0,0.0,0.0,0.0,0.0
130,48.979591836636075,0.0,0.0,0.0,0.0,0.0,0.0,0.0
131,52.040816326425826,0.0,0.0,0.0,0.0,0.0,0.0,0.0
132,55.10204081621558,0.0,0.0,0.0,0.0,0.0,0.0,0.0
133,58.16326530600532,0.0,0.0,0.0,0.0,0.0,0.0,0.0
134,61.22448979579507,0.0,0.0,0.0,0.0,0.0,0.0,0.0
135,64.28571428558244,0.0,0.0,0.0,0.0,0.0,0.0,0.0
136,67.34693877535808,0.0,0.0,0.0,0.0,0.0,0.0,0.0
137,70.40816326513333,0.0,0.0,0.0,0.0,0.0,0.0,0.0
138,73.46938775490857,0.0,0.0,0.0,0.0,0.0,0.0,0.0
139,76.53061224469829,0.0,0.0,0.0,0.0,0.0,0.0,0.0
140,79.59183673450254,0.0,0.0,0.0,0.0,0.0,0.0,0.0
141,82.65306122430677,0.0,0.0,0.0,0.0,0.0,0.0,0.0
142,85.714285714111,0.0,0.0,0.0,0.0,0.0,0.0,0.0
143,88.77551020391525,0.0,0.0,0.0,0.0,0.0,0.0,0.0
144,91.83673469371948,0.0,0.0,0.0,0.0,0.0,0.0,0.0
145,94.89795918352372,0.0,0.0,0.0,0.0,0.0,0.0,0.0
146,97.95918367332796,0.0,0.0,0.0,0.0,0.0,0.0,0.0
147,101.02040816313219,0.0,0.0,0.0,0.0,0.0,0.0,0.0
148,104.08163265293643,0.0,0.0,0.0,0.0,0.0,0.0,0.0
149,107.14285714274067,0.0,0.0,0.0,0.0,0.0,0.0,0.0
150,110.20408163254493,0.0,0.0,0.0,0.0,0.0,0.0,0.0
151,113.26530612234916,0.0,0.0,0.0,0.0,0.0,0.0,0.0
152,116.32653061215338,0.0,0.0,0.0,0.0,0.0,0.0,0.0
153,119.38775510195764,0.0,0.0,0.0,0.0,0.0,0.0,0.0
154,122.44897959176187,0.0,0.0,0.0,0.0,0.0,0.0,0.0
155,125.51020408156607,0.0,0.0,0.0,0.0,0.0,0.0,0.0
156,128.57142857137032,0.0,0.0,0.0,0.0,0.0,0.0,0.0
157,131.63265306117455,0.0,0.0,0.0,0.0,0.0,0.0,0.0
158,134.69387755097878,0.0,0.0,0.0,0.0,0.0,0.0,0.0
159,137.75510204078304,0.0,0.0,0.0,0.0,0.0,0.0,0.0
160,140.81632653058728,0.0,0.0,0.0,0.0,0.0,0.0,0.0
161,143.8775510203915,0.0,0.0,0.0,0.0,0.0,0.0,0.0
162,146.93877551019574,0.0,0.0,0.0,0.0,0.0,0.0,0.0
163,150.0,5.0000000000000036,0.0,-0.013513526586319895,0.013513526586319895,0.0,-0.0012457713067871978,0.0012457713067871978
164,0.0,5.0000000000000036,0.0,-0.01351264015189395,0.01351264015189395,0.0,-0.0012448852243387189,0.0012448852243387189
165,74.99999999974195,22.886751345918317,-0.09625065454958984,-5.942662048208267,5.943441461621045,-0.0962484943191476,-5.883989980758126,5.884777129706843
166,68.3911796009193,22.954628185022017,-3.591300169771447,-5.04044197186727,6.1889815140426485,-3.590560409701208,-4.983434042243721,6.142209611296842
167,81.6088203986308,22.954628185045983,3.6004230147789564,-5.036408932158545,6.190998369994646,3.599682957070156,-4.979400684536621,6.144277709266168
168,62.11975696572904,24.46716015630558,-3.6202583597136466,-2.346453819471827,4.314176180685076,-3.6200471428921994,-2.293713301349068,4.28554104233615
169,87.88024303425263,24.467160156291243,3.6174736513213626,-2.357992839624848,4.318129901905032,3.617262546127809,-2.3052523854759466,4.289379545850609
170,71.08727298403211,26.29842489608059,-1.5188876624392662,-7.017613080534997,7.180105366859606,-1.5192567076463304,-6.957012338055982,7.120966340012536
171,79.3603141699069,26.535139921133556,1.4686510265536858,-7.032784978545701,7.184497226128997,1.4691319235948976,-6.972234358937347,7.12533511947839
172,82.95530408774519,26.430538449944283,2.161038091098091,-5.099496685726182,5.538497276239214,2.161810474894646,-5.040952284723306,5.484945256447081
173,67.11929377110039,26.39108594572525,-2.171683715077264,-5.130943083019758,5.571605431069226,-2.172428050976422,-5.072360194741548,5.517996156383922
174,75.21973128776985,26.662760303005538,0.09412748073005162,-8.043499752263992,8.044050487615024,0.09415648412180369,-7.982105321932618,7.982660635021835
175,78.33333333304085,22.886751345918338,2.178826189177242,-5.83396041988217,6.227549898908588,2.17843879935712,-5.775722253859974,6.172889368543537
176,71.6666666664431,22.886751345918277,-2.1443735876578787,-5.812116580508397,6.195081696706295,-2.1439886967161574,-5.75387673402335,6.140340788749583
177,85.22005583020183,23.15883558001583,4.029430318829356,-3.493524707168504,5.333012617076584,4.02844430284252,-3.4388769770332432,5.296625186311908
178,64.85042929034262,23.039626117851142,-4.075746715522432,-3.504549215686705,5.3752745505938755,-4.074703621231447,-3.4499407565318485,5.339035570630356
179,91.36384424290229,22.527781147142303,4.480372199474592,-0.8002560373676628,4.551279465289754,4.478811206524989,-0.7533096567639568,4.541720517894916
180,58.63615575696442,22.52778114714293,-4.4807761758117515,-0.7927984230614542,4.550371905386516,-4.479215199137719,-0.7458520450851582,4.540888026955087
181,94.47276884854428,21.705556229428463,4.807222043521613,0.452576055861167,4.828478938761043,4.805225331328103,0.49436296160941584,4.830588496513495
182,55.52723115137616,21.705556229431203,-4.8064536062769765,0.45603048312088296,4.8280389466975535,-4.804456917520935,0.497817380257768,4.8301789217793445
183,64.21789600543964,26.37957444397988,-2.6816284321671224,-3.4907485933719067,4.401869692566449,-2.682649013482402,-3.4347468359191997,4.3582211458799405
184,85.81112059043994,26.411306837250272,2.6751134705871364,-3.4738126239176403,4.384473312338247,2.676159401120696,-3.4178305879056077,4.340897956394492
185,61.66666666654625,21.9217523181599,-4.683662555182196,-2.04040308777718,5.108810007372213,-4.681734976516948,-1.989960178990763,5.0870997537212785
186,88.33333333312224,21.92175231808383,4.682217242821002,-2.0513112592271097,5.111852520486308,4.680289644944029,-2.0008682369800375,5.090047628689334
187,73.24341773449675,24.68367197273068,-1.0558354297477281,-6.827003363631362,6.908166426899724,-1.0558152513449421,-6.7668704687377925,6.848743080715484
188,74.99999999980346,12.651098174838687,-0.00017989989310660947,-0.06490249106818738,0.06490274039536144,-0.00017992418003050673,-0.024329037803664466,0.024329703104696825
189,111.73469387744697,12.615482917306307,0.022477754188459972,-0.02170292302799857,0.03124526046164539,0.0195006696279151,0.002479666066279803,0.01965769212642598
190,38.265306122371946,12.651098174844975,-0.022640517984455533,-0.021647989164299258,0.03132456686790852,-0.019663603425383765,0.002569264900212656,0.019830744358148255
191,32.142857142792465,12.605929148213884,-0.01301309683536509,-0.024255430696503783,0.02752574444986887,-0.010891245481694588,-0.0003704836450915995,0.010897544965441213
192,117.8571428570555,12.605929148224254,0.013024112407255988,-0.02424756780419163,0.02752402674783815,0.010902259622070413,-0.000362618191357595,0.010908288445935522
193,68.87755102024569,12.60498417792913,-0.9096760796370971,-0.40839727263292697,0.9971453766417069,-0.9073753676851566,-0.36878386549821063,0.9794547449135032
194,81.12244897940437,12.604421312933106,0.9144480890264423,-0.40983255636241656,1.0020868384419912,0.9121474108155428,-0.3702205936385632,0.9844166734729703
195,105.61224489783858,12.603527342195562,0.4595799556953513,0.25829604298130576,0.5271912191005667,0.4554455185453962,0.28370220737465207,0.5365795028067462
196,44.38775510195146,12.603003295439237,-0.4622495216070435,0.257781430054384,0.5292691998471325,-0.45811506807592206,0.2831870474941945,0.5385761965281105
197,7.653061224474545,12.651098174844972,-0.002178441699531966,-0.025640352648661636,0.025732728036218573,-0.0018259797391595208,-0.001505772759953044,0.0023667601510160845
198,142.34693877548938,12.651098174857522,0.0021796045336246028,-0.025641494165827484,0.025733963918898345,0.0018271426569757682,-0.0015069141180417273,0.002368383509504731
199,124.32394237669234,12.35580515736549,0.008887132922550762,-0.024829159723204285,0.026371733051573906,0.007427943820774751,-0.001169336629327184,0.007519421357875357
200,25.676057623166347,12.355805157351195,-0.008881255840557638,-0.024830599515875837,0.026371108767422966,-0.0074220662614488,-0.0011707779249003625,0.007513839799913927
201,62.555793494833964,12.27160992051802,-3.1008328298655288,-0.4848005962406601,3.138502167736572,-3.0965348704781346,-0.4485659262383441,3.1288559561394163
202,87.44420650486394,12.271609920518195,3.0727349921375406,-0.4807392559860577,3.1101142365116625,3.0684370390866578,-0.4445045989828225,3.1004661264648217
203,99.11477851412799,12.343044388015613,2.898792076938854,0.4361983607902662,2.931427044168009,2.8934798144639826,0.464630327244861,2.9305471805971988
204,50.90052234759281,12.333750900042617,-2.914674275366184,0.43466350150167343,2.946906596928224,-2.9093605371059956,0.46309301600723296,2.945986061804156
205,14.183637133021884,12.334675914113102,-0.004165361248386311,-0.02527090650304029,0.02561189078953294,-0.003488407142470136,-0.0014999391357773534,0.0037972097390943753
206,135.8219369497553,12.33451285831843,0.0041662162031925725,-0.02527220133889991,0.025613307439017685,0.0034895732532660424,-0.0015013601182990513,0.0037988424150955107
207,19.897959183633503,12.651098174844968,-0.0063692074160848645,-0.025453228722103628,0.026238019275258404,-0.0053332828565265025,-0.0014177163394897725,0.005518498495693894
208,130.10204081627234,12.651098174857522,0.006373510633309261,-0.025453567388569215,0.02623939272539173,0.0053375846632145564,-0.0014180552564034797,0.005522743045552345
209,56.632653061110425,12.651098174844975,-4.841376261140078,-0.03258306552954456,4.841485903944158,-4.835981168482816,0.0005424261675167422,4.835981198903338
210,93.36734693862161,12.651098174857522,4.823258582467525,-0.03301758048834698,4.8233715919435385,4.817863475067989,0.00010789425291225091,4.817863476276115
211,35.05820832880154,17.330228354329485,-0.03452019187753616,-0.011157480069184137,0.036278547500639476,-0.03214286445410815,0.015889585065388248,0.03585585933798517
212,114.93197278895828,17.333732775227286,0.03484883654589458,-0.010919022819390068,0.03651939851548542,0.03247085218302881,0.016129562867411754,0.036256296553645616
213,78.2524492673601,17.323058303056026,2.1539057622839577,-2.1692013483041066,3.0569174869931297,2.1528416405356503,-2.118875974434921,3.0206559758207763
214,71.76718849643015,17.326413599654472,-2.195241895266757,-2.205895451567507,3.1120831804404907,-2.1941844211616925,-2.15555980039835,3.0758548937103725
215,108.44671201803347,17.31623329589458,1.2380387401073305,1.1738610666632077,1.706074361167833,1.2350582173217686,1.2016031463996677,1.7231421652352443
216,41.553287981871414,17.319439468182814,-1.2449925990505832,1.1795596747148072,1.7150415732290656,-1.2420127437711488,1.2073028271429582,1.7321015478652853
217,5.0394263169976385,17.38622695815075,-0.0017105498833773851,-0.028412217952064146,0.02846366297332651,-0.0014352313676650017,-0.0010714380824866608,0.0017910523843071267
218,144.9605736829539,17.38622695814283,0.00171167251167905,-0.028412771274270478,0.028464282781606273,0.0014363539354149994,-0.0010719913529396614,0.0017922829264821897
219,121.57855349194173,17.361058711536597,0.012776139401792038,-0.026747499927556567,0.029642174184574613,0.010944033651086014,0.0002796834350129,0.010947606833455597
220,28.421446507909508,17.361058711528155,-0.012763401076955075,-0.02675146479363837,0.029640264432971766,-0.010931296552721936,0.0002757180440234354,0.010934773192131174
221,65.28192772551532,17.280281782635683,-5.233438801301867,-2.6917731536711673,5.885110398097622,-5.230392560727138,-2.6441714595964605,5.860772052132233
222,84.7278911562253,17.278119480358995,5.233762690616626,-2.6900127166886896,5.884593470889679,5.23071327499214,-2.6424207089707274,5.8602686430211
223,101.80197550991468,17.358658787554965,4.743460512278241,3.4963495204941326,5.892781821941357,4.739505063397489,3.5270944854612405,5.907901806508089
224,48.213526221101404,17.354188451336803,-4.759201762539695,3.4921380617097584,5.9029678686744464,-4.755241270246181,3.5228937227333206,5.918031743741017
225,11.526244976074238,17.3545103787167,-0.004074029127071938,-0.028304983860915102,0.028596675063630998,-0.003425681842595286,-0.00101459333375176,0.0035727714339963794
226,138.47944414645704,17.35697636286578,0.004075037428293051,-0.028306377580510987,0.028598198225979976,0.0034269919663331948,-0.001015088135477453,0.00357416813539869
227,128.33834850005132,17.30325278110311,0.008643280486922754,-0.02773008330549955,0.029045891580489733,0.007326627015894916,-0.0005997466410243915,0.007351133209476025
228,21.652669155980863,17.307701665645972,-0.008632579486769886,-0.02773259884454051,0.029045110901279234,-0.007316464977392162,-0.0006005576328849543,0.007341071395635822
229,58.348723998325056,17.30387472833076,-6.365488751687491,-0.6406802413485426,6.39764942924465,-6.360981365987295,-0.5988996888507029,6.389112988180994
230,91.67168362946128,17.303264398945313,6.368692160842778,-0.6371737895928042,6.400486721939536,6.364181988796292,-0.5954154342552709,6.391974024185997
231,88.12531477417703,17.2715785707877,6.062937252072443,-1.8489409000668018,6.338595315565396,6.0590375372382645,-1.803852266515083,6.321852487766061
232,81.42642861918513,17.354947914373405,3.8206099186484104,-2.777417825671123,4.723463763895127,3.8185438852327778,-2.727998090343255,4.692893668555158
233,25.008138125049108,17.368653164494134,-0.010550524066060062,-0.027344468181455688,0.02930927324576908,-0.008983834010017951,-0.00025604735531803424,0.008987482059382403
234,124.99036481747726,17.367911683746,0.010560080361171037,-0.027342172580339677,0.02931057315453707,0.008993291510075597,-0.0002540282333282143,0.008996878488038262
235,31.84978374264614,17.375758628166935,-0.015652172025974527,-0.025987068572967426,0.030336747059413124,-0.013543673035973506,0.0010205740537865965,0.013582070928419503
236,44.75705406782448,17.361575481091492,-2.8013146695948787,2.7020968293369076,3.8921319547517954,-2.7979561379982303,2.7308308326209723,3.909730884160101
237,68.57848082145416,17.35802981643296,-3.83669290096944,-2.76883516089285,4.731454381534903,-3.8346287415916565,-2.719407903804314,4.7010165850711685
238,38.301462537041544,17.405225598323828,-0.322719397913474,0.26130724272043354,0.4152460534283146,-0.32006674606623053,0.28858711808032406,0.4309585208106829
239,61.87972297719811,17.272040676067625,-6.06652555913309,-1.8417445706108377,6.339933392630364,-6.062627116231129,-1.796650991338556,6.323243023570957
240,75.00327296047934,17.405169875414675,0.020835331381627763,-1.7729960899411334,1.7731185087241998,0.02083429809107373,-1.7221916048183326,1.722317622183461
241,111.69690098248768,17.40557355501663,0.32150010725113287,0.26008183884281433,0.41352736530772616,0.31884735570652917,0.28736198717356165,0.42923251031740844
242,118.14857977686962,17.376342698318012,0.01567250647780531,-0.025970095053720676,0.030332710007451302,0.013563878194701206,0.0010377447705771752,0.013603518143831438
243,105.24552955391667,17.363799353059136,2.7923780433111935,2.6963486371596392,3.8817098178353175,2.789020616012476,2.7250822420046354,3.899321636160785
244,141.9112047855764,17.369657927356503,0.0027893853533636857,-0.028375498458947986,0.028512270752139673,0.0023425537358453892,-0.0010545867954764553,0.0025689903297825955
245,8.089743401467674,17.369246930004493,-0.002787777904047743,-0.028374674053326453,0.02851129308317696,-0.0023408968454732707,-0.0010539091231973746,0.00256720129345273
246,131.67724270630356,17.321439746952088,0.00697816645677256,-0.0280108102275488,0.02886694124257328,0.005895435140772083,-0.0008160837419812841,0.005951650877947775
247,135.0317248945488,17.358432238803662,0.005478418855475882,-0.02819500130702232,0.028722311394785486,0.004616353988505804,-0.0009399733616903098,0.00471107992586422
248,133.20965077549164,14.55869501005171,0.005700254285407125,-0.027030890461493137,0.027625385754040485,0.0047945723397307865,-0.0013040961474232414,0.004968761483773968
249,98.37613744794722,17.32849185851783,6.066346617930114,2.0091700416577876,6.390408871517322,6.061796220071278,2.043287797053897,6.396905379576894
250,95.02258387009302,17.36217877389963,6.3888281850344075,0.6516256807492885,6.4219733420267335,6.384106677273036,0.6896954598292466,6.421253607677495
251,14.97165060754449,17.326525892221902,-0.005471221250715866,-0.02818825771513666,0.02871431933703542,-0.004609594773472933,-0.0009442513152398413,0.00470531343503928
252,18.32216627712638,17.356507600569262,-0.006978788277398949,-0.028016922681452477,0.028873022743717832,-0.005895270087332432,-0.00081016904665486,0.0059506792290253884
253,16.78872054463376,14.56069331077748,-0.0056959407464284685,-0.027031450550903936,0.027625044070060573,-0.004790300109173201,-0.0013031706488022612,0.004964396123985725
254,51.65643899336095,17.32526207015472,-6.072815221127287,1.9934968006476554,6.391644092418452,-6.068259606442042,2.0276492646065734,6.398057220081398
255,55.0064899324226,17.353912946473656,-6.388350319143741,0.6424431422294645,6.420572637319946,-6.383626015461652,0.6805388055625581,6.419798608301924
256,53.491284535618206,14.55772071850809,-5.817725008983672,0.89618918908149,5.886346858857419,-5.812320753406032,0.9295807235670449,5.886186614617473
257,96.52527054644419,14.565680119673114,5.8125387770462975,0.9019936935673625,5.882108436428401,5.80713601754512,0.9353798075972066,5.881986408580896
258,60.021739029146346,14.407629426102147,-5.695494092728524,-0.9075884901877058,5.767353797698448,-5.6906727131572605,-0.8687388518130192,5.756601698999334
259,89.99098033979558,14.443768228438987,5.716132769455172,-0.9128397891665809,5.788562025125493,5.7113123572597795,-0.8739355281078885,5.77778955565859
260,23.115940636225844,14.569314025808952,-0.008591574560197917,-0.026666022822762387,0.028015922733465776,-0.007246898688832829,-0.0010256132293760684,0.007319113546221168
261,126.87907124685236,14.567188758693419,0.008599793355146301,-0.026663751194616503,0.028016282292974412,0.007254810613951397,-0.0010249665245510471,0.007326856994697801
262,78.06122448960016,12.568340465960398,0.20166974424407091,-0.16702606354467286,0.2618556694950447,0.20049932224214193,-0.12686747682057428,0.2372663796124036
263,102.31922288802953,12.473002256988254,1.5429839176217335,0.5060718243065563,1.623855923841853,1.5381743225773377,0.532739760424332,1.6278181406328
264,114.79591836725123,12.570886334222944,0.015794865534295013,-0.023282395662865794,0.028134457966143445,0.013281274646205979,0.0006452654230205933,0.013296940388454017
265,121.1272601534599,12.477929276870363,0.010743632369780336,-0.02460066748762232,0.02684433790082277,0.008982377487906545,-0.0008471835641845719,0.009022240593482018
266,108.67346938764284,12.561753793234356,0.06339717148542165,0.010887164742025838,0.06432520274722786,0.05987660183579062,0.03545592369248841,0.06958685200732509
267,41.32653061216171,12.5663735419135,-0.06272490282792746,0.01030604508574692,0.06356593427365313,-0.05920443509564338,0.034879383114709395,0.06871489286506183
268,35.204081632582216,12.572126872667774,-0.015767071604113246,-0.023291326571360634,0.028126258912678097,-0.013253450671392542,0.0006375419913305508,0.013268775922810106
269,47.68410066331218,12.46973013210464,-1.553012835431059,0.5045919010332409,1.63293044971363,-1.548202580737224,0.5312578053083543,1.6368158377479276
270,65.78310843949353,12.382962313443056,-1.9376953528771892,-0.5522623987632183,2.0148590614853332,-1.9343407946348048,-0.5142386404787364,2.0015283383329416
271,71.93877551002146,12.570100214636678,-0.19295103276422815,-0.16575835501713349,0.2543736096822316,-0.19178054469505068,-0.1255953956933329,0.2292465501221233
272,28.872739846392463,12.477929276863856,-0.010735890944695946,-0.02460442570689072,0.026844685111625154,-0.00897463719165097,-0.0008509434150884287,0.009014888652526283
273,10.963712764804296,12.478535064994412,-0.0031567718841806996,-0.025447506611900896,0.025642558403784394,-0.0026451060545208474,-0.0015046956089920932,0.0030431389904805417
274,4.699964548817338,12.497136684458932,-0.0013118945145069217,-0.02548264907711932,0.025516396124939028,-0.0011000330321968223,-0.001496470922232651,0.0018572823945248542
275,145.30003545115216,12.497136684459663,0.001312595458738874,-0.025483455220843543,0.025517237249181972,0.0011007343968464493,-0.0014972768380064894,0.00185834715326056
276,139.03799593050283,12.478139406068466,0.003157976132959546,-0.025448561387576982,0.025643753429512153,0.0026464079551200463,-0.001506148509806033,0.0030449890637756975
277,84.21689156018397,12.380706200354526,1.9058095589729969,-0.5386140164582198,1.980458314077351,1.9024550547585102,-0.5005955626693193,1.9672140586983458
278,113.27366169435139,14.929355734335667,0.026409255382623432,-0.019194544909870305,0.03264780734079477,0.023727311587200598,0.006745618480412243,0.024667563394858906
279,36.72802982930463,14.917934651182119,-0.026018750036238495,-0.019477396693515135,0.03250145128151687,-0.023336016010199207,0.006455383168531444,0.024212426873009507
280,73.44935036765956,14.927694729109371,-0.47938166821885975,-0.5269249217514661,0.7123599209578578,-0.4788075394548123,-0.48114184600286575,0.6787887269348373
281,76.53818115483735,14.897551719808261,0.4899890442148712,-0.5265018301373022,0.7192311454522333,0.4894190106901281,-0.4807830061768239,0.6860636027755208
282,39.83862665663464,14.93975578887634,-0.15604903409365542,0.10338419802828133,0.18718865735806142,-0.1529377171643658,0.12965107169071655,0.20049774492995895
283,110.1613825171172,14.93447709910864,0.1538836981375343,0.10239846485163638,0.18483949295660707,0.15077184821592327,0.12866187930285167,0.1982070367070427
284,33.67346938768735,14.816836041677176,-0.016365961257866397,-0.025040626426023053,0.02991450584083962,-0.014044077457137063,0.0006990751095282063,0.01406146569994847
285,116.32653061215342,14.816836041665765,0.016367768085210958,-0.025035679125561136,0.029911353385784937,0.014045875188662767,0.0007040211479514419,0.014063507940491063
286,79.67563228911561,14.91328304987733,1.7848518693558844,-1.217117106649123,2.1603403081091477,1.783138140869484,-1.1718882699646953,2.133753440935556
287,70.40816326513333,14.79713111964641,-1.7437293208502274,-1.1859157233201831,2.1087882888547225,-1.7420398475276335,-1.1409144412928656,2.0823997197283504
288,107.03682850458088,14.918205269922206,0.83869381146974,0.7178902482270729,1.1039808503308235,0.8350627505390142,0.744799502204261,1.1189531249438016
289,42.963603627881675,14.917918207286984,-0.8431413767359897,0.7200135402862003,1.1087411236892621,-0.8395101866981588,0.7469227343663918,1.123686310623808
290,6.214416301713359,14.824349896070764,-0.0019544884607507365,-0.0273629577304389,0.027432671778392162,-0.001640553610372279,-0.0013638651053270862,0.002133434830041542
291,143.78564128979087,14.824374859457503,0.001955667161115808,-0.027363837917097105,0.02743363372938824,0.0016417350044671728,-0.0013647274057847908,0.0021348945447007242
292,119.73267546380244,14.966251428461499,0.01324195701156749,-0.0259094166559423,0.029097204280607816,0.01127258087445606,-9.143518980670243e-05,0.01127295169709724
293,30.267051789320135,14.96615408343354,-0.013232131280219925,-0.02591427990972903,0.029097065169132783,-0.01126278402089544,-9.636199984894983e-05,0.01126319623980478
294,67.24376174027194,14.819840755669539,-3.3089205341202903,-1.624487384627928,3.686178829619935,-3.3061329279710505,-1.580488290202282,3.664486072136305
295,82.81392971970425,14.868050890573404,3.3232652612896962,-1.6380789330414278,3.7050498765561866,3.320462279912448,-1.5940044367228479,3.683248552109061
296,103.67007363358097,14.979865680899582,2.645017288280251,1.8505905048342681,3.228126650533427,2.6407325768841345,1.8788641212382537,3.240925628380497
297,46.33433994701188,14.978446749364437,-2.6599243537999335,1.8557132421539428,3.243280623850408,-2.6556384506473876,1.8839881117308428,3.2560446535175163
298,9.630085333660912,14.974877513607083,-0.003107584263616928,-0.027421195831383242,0.02759672192088309,-0.0026099545571811,-0.0013347084356565668,0.0029314346997269427
299,140.37209494727185,14.974926744976502,0.0031088777859468878,-0.02742231919486702,0.027597983823336194,0.002611366224715014,-0.0013357849120267141,0.002933181700948743
300,123.26590329914663,15.046418819746169,0.010843932420986187,-0.02650398364351928,0.028636550408993974,0.009192525044572913,-0.000594180318287757,0.009211708144841584
301,26.733686234167457,15.04658702934151,-0.010835520443592688,-0.026506422322969146,0.02863562340245297,-0.009184143734003005,-0.0005965030608254367,0.009203494555243719
302,63.794342234409854,14.73906081240601,-4.80773233488338,-1.4879507223673505,5.032721684742434,-4.803866060190868,-1.4458788434474539,5.016741447810787
303,86.21986900915832,14.752305548505298,4.816598023508452,-1.5042357610135852,5.046022368636275,4.812729014824592,-1.4621465698057512,5.029933713452814
304,49.895542560009616,15.044823082957258,-4.854094540034159,1.8339795929336773,5.188999417121436,-4.849126435485846,1.8646950455110312,5.195297373594802
305,100.11273178933448,15.045184787872783,4.839341532779614,1.8337375206283268,5.175115434987501,4.834374788280273,1.864446467945606,5.181441906013689
306,3.3059066955639738,14.953417734286148,-0.001035490875703062,-0.027449394833901658,0.027468919128736963,-0.0008690933715504557,-0.0013527562329951719,0.001607878326982557
307,2.3357332691837245,17.467928938487383,-0.0007875444057859849,-0.028446469248685928,0.02845736879803751,-0.0006605176018930466,-0.0010713905074855833,0.0012586346260693596
308,146.6941029029964,14.9534218948493,0.0010361083101340894,-0.02745003217561956,0.0274695792991607,0.0008697113263635284,-0.0013533906187844884,0.0016087460825807373
309,147.66426865051284,17.467929770598428,0.0007880441712089874,-0.028446876166556737,0.028457789395017846,0.0006610174545420298,-0.0010717970613873598,0.0012592430329399502
310,127.07733741855068,11.914818418183287,0.007336043934288552,-0.02457362906144478,0.025645287790455683,0.006120795152048024,-0.001348222602753451,0.006267522435533031
311,22.921664957974436,11.915243471601023,-0.0073311898301059285,-0.02457444027263328,0.025644677011775155,-0.006115993545855708,-0.0013485548209036247,0.006262904849822571
312,13.215746559813253,15.050088184895259,-0.0044053406084126724,-0.027405843067833606,0.027757652280674838,-0.0037032576317472983,-0.0012962528876908595,0.003923568354946999
313,136.78825310792465,15.050618415247229,0.004407034945821176,-0.027407230145932812,0.027759290720150206,0.003705174609629772,-0.0012972488743324614,0.003925706755452064
314,59.719588137378224,11.866067504293028,-3.4265502174760942,-0.26996689305951305,3.437168677303119,-3.4216266340459462,-0.2362521958053143,3.429773159093094
315,90.28295573618318,11.87329526476294,3.412332696017189,-0.2639180868610648,3.422523511223895,3.407408182208447,-0.23018981304602285,3.4151746471024342
316,93.31557306488313,15.265197939162912,6.412350037689052,0.006209222221802514,6.41235304395285,6.4071524924067935,0.04356140279427661,6.407300574873009
317,19.955491159520072,15.289062955529326,-0.007271870448165337,-0.027263656621001824,0.028216787063072877,-0.006132989314934003,-0.0010841104656577824,0.006228069800415164
318,130.04127080899423,15.280334894331569,0.007276387653214817,-0.027259318652680452,0.02821376030748524,0.006137555223589643,-0.0010853134016069813,0.006232775409263535
319,56.700178111324526,15.254847198851923,-6.4088617189118855,0.005607594578650346,6.408864172164297,-6.403663818166344,0.042959977132678503,6.403807918397304
320,96.3729077712091,11.911964536509252,3.3040454178236955,0.24904893640294612,3.313418400348075,3.2985683955354,0.27872376068420407,3.310323306686966
321,2.2134191468342492,12.490110883749015,-0.0006038533884105614,-0.02547588069982997,0.025483036246622265,-0.0005048424931815975,-0.001493075289225005,0.0015761154025692864
322,147.78658277286885,12.490111715861792,0.0006041925461955733,-0.02547650110831079,0.025483664519739685,0.0005051818475412153,-0.0014936948806646769,0.001576811052602378
323,53.5714285713207,11.884278712620018,-3.268651575948803,0.2580607054233561,3.278822723575673,-3.26317744102251,0.2876510830172939,3.2758312162196694
324,133.1632653060764,11.883801652048513,0.004940119294739218,-0.024728460455570735,0.02521708815761606,0.004130104912262584,-0.0014678255698409581,0.004383181320659056
325,16.83673469384377,11.882567791978362,-0.004936371657715697,-0.024725977064159375,0.025213918912387147,-0.0041264103760751255,-0.0014667128442901502,0.0043793274779794856
326,68.8775510202457,7.348901825167584,-0.009485355291178223,-0.03600388865777896,0.03723240475018538,-0.0075656314744977655,-0.010693507102946118,0.01309923180070764
327,62.75510204068875,7.3489018251621605,-0.018518131841551592,-0.034709149866297175,0.03934013588362608,-0.015004860165161987,-0.010769804694451768,0.01846982733359195
328,74.99999999980346,2.6510981748386864,-4.813491773575272e-07,-0.012711160532067728,0.012711160541181649,-4.6675333826365526e-07,-0.0027623293340436252,0.002762329373477496
329,19.93894121223451,2.5235716924194227,-0.0016010993374522852,-0.007730050727192604,0.00789412460842626,-0.0013255243337352669,-0.001092351460208107,0.0017176281529897868
330,29.08163265300272,2.651098174844969,-0.002804282246805983,-0.008032713874428287,0.008508142635627585,-0.0022223934508107702,-0.0010625385443726867,0.0024633353016762114
331,7.653061224474543,2.6006428237380064,-0.0005838777158593812,-0.007853057396795702,0.007874733244018165,-0.0004967192204531145,-0.0010271071149103366,0.0011409114818718344
332,13.857474261256044,7.550366058281654,-0.0027223218557249794,-0.018438522272894713,0.01863840497183684,-0.0022651741561343325,-0.0013070099860176612,0.0026152034454643815
333,35.204081632582216,7.348901825155027,-0.008869473204726107,-0.017024868375937263,0.019196710607480207,-0.006822138068036096,-0.00017067168214663156,0.0068242726090356354
334,41.32653061216171,7.348901825155025,-0.011710004820472056,-0.017353539540472307,0.020934888284349994,-0.008719914576412078,-9.951403061467246e-06,0.008719920254815793
335,56.60338018353945,7.475967925660992,-0.020642496911519512,-0.0291532699770235,0.03572150373507969,-0.016184184339089337,-0.0070116115589067135,0.017637758343242455
336,47.448979591741185,7.348901825155019,-0.015163341521594476,-0.020377816924160682,0.02540043993113349,-0.01117098665863855,-0.0017903839911762205,0.011313550183887487
337,123.97959183666396,7.3489018251425025,0.005724205690816494,-0.017982074208565853,0.018871182359172546,0.00462258803660207,-0.0012481773331950718,0.004788138136190156
338,114.79591836725123,7.348901825142491,0.008867683391436138,-0.017022549600250993,0.019193827227099797,0.006820346929791292,-0.00016835360027379204,0.006822424435450982
339,130.10204081627234,2.651098174857522,0.0016690118104081995,-0.008073507914122972,0.00824421800189007,0.0013810490263367725,-0.0011250372434324857,0.001781293129233904
340,139.25644140811076,2.5240320743416946,0.0008119989134527543,-0.0076682746812061645,0.007711146401273675,0.0006889875029754758,-0.0010297929810386408,0.0012390227451717067
341,87.24489795901316,7.399357176253705,0.0186053143788982,-0.0349193274399246,0.039566616635672895,0.015078476243663366,-0.01083766179307858,0.018569204586407994
342,102.52174753045992,7.475967925658242,0.015228470047649562,-0.02061529340808086,0.025629994582391586,0.011193406093967493,-0.001772222068962364,0.011332833319438958
343,108.67346938764284,2.651098174857522,0.006995058938629043,-0.008278995283924905,0.010838478327982433,0.0056121895103243636,-0.0010313916170118986,0.005706175581546474
344,81.15172185697571,2.524032074338951,0.0029640199627346594,-0.012094479266459129,0.012452383027609587,0.00209212480349225,-0.002751146921611913,0.0034562690256521107
345,96.42857142842587,2.6006428237463544,0.01105019629861136,-0.011279059062722563,0.015789997200070308,0.008980168764338926,-0.003092098815923745,0.009497605283619946
346,65.81632653047028,2.651098174832588,-0.00478523837271608,-0.012643719000723702,0.013518954710071928,-0.0034759045015775973,-0.003031482747564476,0.004612136137720619
347,59.693877550900204,2.6510981748439475,-0.008669330998749248,-0.01237437564534997,0.015109019576997876,-0.006758743360190368,-0.003324773426314853,0.00753224602261814
348,22.959183673423237,7.348901825155029,-0.004855475272558025,-0.01808547073371258,0.018725914978510307,-0.003964213504315371,-0.0013423291845906168,0.004185311977332164
349,4.654288694675607,7.485427799337312,-0.0008631696923805287,-0.018266344059804384,0.018286727078102173,-0.0007232219414022576,-0.0012290437055865917,0.001426042918978132
350,38.265306122371946,2.651098174844975,-0.005484354993670006,-0.007953025394203107,0.009660681270874875,-0.004346556177067494,-0.0008303052358772595,0.004425150549430921
351,50.510204081530965,2.6006428237379824,-0.0110441276804089,-0.01053733804765832,0.015264607736584708,-0.009047098414376849,-0.002693000808847639,0.009439398448835292
352,44.38775510195145,2.6510981748449782,-0.008718728890919977,-0.008967538480065006,0.012507317053021773,-0.007084071520813618,-0.0015369273874565655,0.007248876816881125
353,78.06122448960042,7.348901825148761,0.004534861670432247,-0.035671434726018546,0.0359585348113985,0.0035555417337837262,-0.010012189401357532,0.010624773580144374
354,117.85714285705549,2.6510981748575158,0.0034149910346541485,-0.007967243364663522,0.00866828302482926,0.0026819085076102544,-0.0009709829871021418,0.002852269483136904
355,133.16326530607662,7.399357176253668,0.0033434018512675467,-0.018199345066419813,0.01850390490641579,0.0027699949103000693,-0.001341280549545458,0.003077646067317887
356,93.36734693862162,7.3489018251424785,0.020561254956520263,-0.02884340647455265,0.03542184781237837,0.016148495330104286,-0.007005020209796518,0.017602392154649253
357,90.30612244881732,2.651098174857522,0.008666067098589135,-0.012371967118257854,0.015105174256939332,0.006755574617455622,-0.003322442049844214,0.007528373634895102
358,142.34693877548938,7.3489018251424785,0.0014141935267993325,-0.018047580085220047,0.018102902813186408,0.0011836038050569858,-0.001252927681866748,0.0017235851424671073
359,145.30472929232104,2.5381438930853375,0.0003470917940474889,-0.00767168387661285,0.007679531640417707,0.0002959820293679439,-0.0009982748513543537,0.0010412291008972633
360,29.08163265300272,7.348901825155031,-0.0066668856301566395,-0.017766479659258514,0.01897617357341663,-0.005308958754020857,-0.001029013894076846,0.005407764107845116
361,13.816492232655031,2.5769818384932734,-0.0010801774456478152,-0.007837057500480867,0.007911147424990236,-0.0009108518292998743,-0.0010693913071495864,0.0014047237531792606
362,123.97959183666396,2.6510981748574975,0.0023520978727249947,-0.008073704088964597,0.008409343738903834,0.0018911872298134976,-0.0011168977444265486,0.0021963719424803172
363,108.67346938764288,7.3489018251424785,0.011705376943665477,-0.01735576620160749,0.02093414602600632,0.008715297453537179,-1.2191787476665411e-05,0.008715305981049288
364,102.51003837943018,2.577071131325102,0.010125238893639006,-0.009642759686211384,0.013982248639588824,0.008304931896299637,-0.002159992307652299,0.008581227218253353
365,74.99999999980663,7.348901825148511,1.0502403828089585e-06,-0.03563305316450264,0.03563305317997991,1.0447826318556555e-06,-0.009857315894324935,0.009857315949693494
366,71.93877551002089,2.651098174832416,-0.0015158333146995777,-0.012717725472866363,0.012807743432827935,-0.001053624464406394,-0.0028067405631442156,0.0029979855071021887
367,78.06371367986324,2.588899297300647,0.0014765609514624852,-0.012417297759720874,0.012504779722048399,0.001023324044346448,-0.00273091153244741,0.0029163452981071755
368,81.16343100800604,7.4229288686745445,0.009695828466979126,-0.03640457366705858,0.03767362570209267,0.00775320534071983,-0.010875951018213446,0.013356590268700489
369,71.93877551002622,7.3489018251584355,-0.004550261973167923,-0.035671304043456586,0.035960350612656435,-0.0035709515508006596,-0.010012095407584819,0.010629851806528003
370,59.69138836063354,7.411100702699082,-0.02043220492254955,-0.03237166426997143,0.038280538731904006,-0.01633969447390187,-0.009250027293404347,0.01877627813037463
371,62.75510204068874,2.6510981748362488,-0.006626195507864251,-0.01253605273378228,0.014179530494787568,-0.00497421523098963,-0.0031767603554475367,0.005902086370102726
372,65.81632653046724,7.348901825162227,-0.014759139472965047,-0.03606984767231029,0.038972632822098424,-0.011979539499849347,-0.011336770250173468,0.016493384320195443
373,84.23148583591339,7.393309876162971,0.01491933527204898,-0.0362684207750852,0.03921715071851136,0.012117734179046599,-0.011415352929923354,0.01664781559691072
374,85.80421849910347,4.915078450450207,0.011403539394894566,-0.023774998355796367,0.02636837608858445,0.008951032946420355,-0.00681017734964693,0.011247199933385497
375,56.591671032510334,2.5770711313188883,-0.010109757904735154,-0.011712376976377883,0.015472135577519402,-0.008092608207180886,-0.0032470319885851955,0.00871972042727443
376,136.18350776727675,7.380972035574228,0.002664407949761745,-0.01815155202582946,0.01834605981319006,0.0022174313396724336,-0.0013147024863660317,0.0025778759422863057
377,134.60508315566972,4.913022143685459,0.002136671425485483,-0.013432702311641283,0.013601575503362074,0.0017790346965293013,-0.0013577010095112713,0.002237926826927777
378,53.523616204619685,2.6066901238280358,-0.011084132500780814,-0.011283274021937894,0.015816771666462285,-0.009010377905953038,-0.0030839964997967633,0.009523546840271504
379,51.95088354144031,5.084921549542637,-0.01661353611797299,-0.01880245729421554,0.02509067521299481,-0.013117532949497088,-0.004080716142747038,0.013737609505253016
380,105.60975570756872,7.411100702688868,0.013336750339237244,-0.018736585957053166,0.022998446967940827,0.009808501497287686,-0.000771010430448589,0.00983875798595307
381,117.85714285705549,7.348901825142484,0.007696988088670465,-0.017429904863897113,0.019053745280171015,0.006026580205120032,-0.0006606304345817895,0.006062681052128698
382,93.36734693862158,2.6226645444477326,0.010254450679238152,-0.011914066295626687,0.015719374492310933,0.008208026111075586,-0.0033021008796235915,0.00884734778672736
383,105.6097557075687,2.609891922248101,0.00864419485167615,-0.008857577042139365,0.012376541346078023,0.007031471016664802,-0.0015336052080053572,0.007196772164812383
384,127.0408163264684,7.348901825142491,0.00485662550645518,-0.018085162846242904,0.018725915905105302,0.0039653559983752204,-0.0013419922298245832,0.0041862861033092206
385,120.91836734685967,2.6510981748576494,0.0028107905992548264,-0.008035183582249118,0.008512621158803267,0.0022289464306469494,-0.0010650427838211525,0.0024703275738377868
386,120.91836734685967,7.348901825142349,0.006666827387675441,-0.01776417133384595,0.01897399195201931,0.005308893093427101,-0.0010266925584469476,0.005407258407641373
387,47.44897959174121,2.622664544437572,-0.010216470395324258,-0.009767871281653894,0.01413462333115021,-0.008371031703308397,-0.0021658513529746954,0.008646680511096533
388,145.30472929232104,7.461856106914627,0.0008692440789396098,-0.018226618175822364,0.018247333925699657,0.0007284245914434618,-0.0012304580710183304,0.0014299053989525756
389,41.32653061216168,2.6510981748449964,-0.00699688069033073,-0.008277905840857452,0.010838822099509935,-0.005614007820269896,-0.00103031852839476,0.00570777014919181
390,32.14285714279246,2.651098174844958,-0.0034170113841307213,-0.007967270525936083,0.008669104130919687,-0.0026839243056504345,-0.0009710053409653068,0.002854172568476601
391,32.14285714279246,7.348901825155045,-0.007697756094266054,-0.017432698333659402,0.019056610928472602,-0.006027349447550887,-0.00066342446025007,0.006063750768076644
392,26.020408163212977,7.399357176261992,-0.0057574656315298785,-0.01806827769049626,0.01896341396476733,-0.004650406986871699,-0.0012468094340129937,0.004814646291088154
393,24.571759975520123,4.90767710862118,-0.003742758544883511,-0.013420006429800799,0.0139321503760616,-0.00302191958888459,-0.0013655290862784504,0.0033161223872403846
394,35.20408163258219,2.651098174844986,-0.004283068840195022,-0.007913300616387522,0.008998055641924465,-0.003364557129497426,-0.0008699102428105059,0.0034751961826922223
395,38.26530612237196,7.348901825155034,-0.010180029858518574,-0.01683459964975858,0.019673249688040392,-0.0076891289071957004,0.0001946942214610739,0.007691593410428224
396,16.89137739864511,2.5938300531373644,-0.0013479231458148533,-0.007904806361500018,0.008018906435408419,-0.0011261377055922124,-0.0010961612349075838,0.0015715456038151142
397,18.506230480108716,5.043317235662833,-0.0026994904179934837,-0.01372632817094406,0.01398925779208072,-0.0022297644565560347,-0.001383192821398687,0.0026239420559321597
398,10.72111605236445,2.579880875828229,-0.0008230923685114175,-0.007819087407326638,0.007862290310750154,-0.0006977342605212329,-0.0010440525796537046,0.0012557383833373362
399,9.184811859052775,5.026864609818224,-0.001247287200683251,-0.013610537302125554,0.013667569316214915,-0.0010478990231117143,-0.0012898671671787779,0.0016618813650812415
400,114.79591836725122,2.6510981748575095,0.004283031046481214,-0.007912437368260963,0.008997278480283604,0.0033645212638531655,-0.0008690475912795596,0.0034749456183987837
401,4.695270723276616,2.529645375072308,-0.0003450030885202275,-0.007648851202609089,0.007656627968678053,-0.00029406368786447274,-0.000996252209046606,0.0010387453569334
402,90.30612244881736,7.377335455552266,0.020397447172624768,-0.03225882003029121,0.03816657334509787,0.016315952400227127,-0.00922612549004373,0.01874384417040731
403,44.387755101951456,7.348901825155051,-0.013311028246765486,-0.01863272304711146,0.022898948472289012,-0.009799657853835016,-0.0007823072512273092,0.009830834078935173
404,99.44198355152523,2.606690123836979,0.011073282809312864,-0.010565992606746363,0.015305482414508945,0.009070408938848674,-0.002699460748891604,0.009463583182534634
405,97.86925088833542,5.084921549549692,0.016680343968833205,-0.018925064704060215,0.025226810122793094,0.013177146291440539,-0.004160644006535831,0.013818398710963136
406,111.73469387744711,2.6510981748576725,0.005484042914442657,-0.0079528908732139,0.009660393363041572,0.004346246909335225,-0.0008301686806396549,0.004424821152907875
407,127.04081632646809,2.6510981748574802,0.0019891069589851175,-0.008086642284213356,0.00832768454776659,0.001624311596442889,-0.0011359090356973583,0.0019820891755210584
408,111.73469387744701,7.348901825142531,0.010176600440600281,-0.01683481012568019,0.019671655458942193,0.007685699782963831,0.00019448353997798123,0.007688160053040821
409,139.23790191898024,7.4282739037467955,0.0020406758726758995,-0.01820891140539489,0.018322904043487256,0.0017038974368737694,-0.0012808625904643205,0.002131636800919887
410,130.10204081627236,7.377335455552473,0.00407131848928639,-0.01816459637251722,0.018615267809453374,0.0033521238927909903,-0.0013582969338944394,0.00361686399429772
411,68.8775510202457,2.6510981748322866,-0.003103854603794806,-0.012712061089834609,0.013085503832607488,-0.002198449971137621,-0.0029140936971323583,0.0036503594824703967
412,142.32482096706482,2.5103626612377945,0.0005680123144056465,-0.007610641671137185,0.007631808739464471,0.00048355280713287843,-0.0010054324508667742,0.0011156691850822333
413,55.06737413990684,5.066047443691717,-0.01749832426146936,-0.020746569195155766,0.027140587416799096,-0.013979769697975934,-0.005312480451977341,0.01495514658440657
414,50.495215284033364,7.51415359159043,-0.017273235238452953,-0.022956669118733515,0.028729311036464936,-0.012869936101242617,-0.0030679334395785525,0.013230550662755965
415,26.034068839413315,2.4846128514368635,-0.002217906470414183,-0.007626194999597429,0.007942163388107168,-0.001783778271381045,-0.0010753854542798185,0.0020828631248182776
416,15.358867837611303,5.069265560070013,-0.002187731411118036,-0.013758004587107077,0.013930859949983413,-0.0018208674446504073,-0.0013559481249141477,0.002270276099606807
417,20.01402072230382,7.483536324082058,-0.004148954934460576,-0.018344891650514956,0.018808213012333683,-0.0034155175666215464,-0.0013545587973539906,0.0036743148726516976
418,10.765160891304031,7.5054339542461435,-0.002057690276281815,-0.018339043067232726,0.01845412121708648,-0.0017178304639961844,-0.0012765634290886653,0.0021402232807630046
419,21.543813378254313,4.913192524096663,-0.003169530740085628,-0.013462311636916266,0.013830392609098227,-0.0025921374161170037,-0.0013952813852449921,0.0029438047707082953
420,82.68772790061547,4.9339525563015085,0.007644343853456142,-0.023817219651440066,0.02501391502493793,0.005811431362989416,-0.006344412574575447,0.008603737873922478
421,87.25988675651185,2.485846408408345,0.006195043618827541,-0.011739897254555386,0.01327417616979272,0.004630521989607976,-0.0029421732051517786,0.00548617508518969
422,96.41358263092704,7.514153591591612,0.019377835709419,-0.025943858331652834,0.03238185142813959,0.014815666782890057,-0.004894849255433726,0.015603317963018375
423,133.14846624019174,2.4855036906142294,0.0012923151325205267,-0.007608828836903555,0.007717794676657099,0.001080204958643328,-0.0010650695322879699,0.0015169758934425257
424,137.72062509608423,4.9324443709230845,0.001671827230445266,-0.013442941815714374,0.013546501059282444,0.001399797692363412,-0.0013232234674123815,0.00192622790039413
425,100.98574148681958,5.066047443696582,0.01487668649837625,-0.01690180326996366,0.022516366379758623,0.011586925946936954,-0.00288141738277411,0.011939824916369319
426,7.6721388122601955,7.502865101074971,-0.0014410746997376635,-0.01831184094473225,0.018368457068447433,-0.0012057011985280818,-0.0012477971239817226,0.001735140640625166
427,67.34693877535855,4.999999999999207,-0.007711611391420515,-0.024150027574897568,0.025351386197220056,-0.005868687305237156,-0.006457069898151362,0.008725551120488848
428,70.4081632651326,4.99999999999803,-0.004493801158559659,-0.024137571024774665,0.02455232338962473,-0.003356407530530762,-0.006143857684766527,0.007000889854987601
429,64.28571428558067,4.9999999999975415,-0.011519512658326328,-0.02420623713525287,0.02680748194317093,-0.009053299067395368,-0.006957325444445002,0.011417819465363063
430,73.469387754912,4.9999999999944675,-0.0014819982973005587,-0.024111606528472943,0.024157108443211922,-0.0010977085486746736,-0.005966506062769175,0.006066643112537178
431,61.22448979580038,4.99999999999921,-0.014946721127130198,-0.023733260255879362,0.028047675747296837,-0.01197644330340536,-0.007057727421759939,0.013901320461004604
432,58.14536351054845,5.030214229702306,-0.017003960251879377,-0.022460844454812747,0.02817133645872674,-0.01366893682677985,-0.006378613930352921,0.015083983215549887
433,33.673469387687334,5.000000000000001,-0.00619081013197285,-0.013103841781375466,0.01449264639468786,-0.0047812582752811235,-0.0007780748012017943,0.00484415432157249
434,30.612244897897586,5.000089292825308,-0.005225416159284199,-0.013338939862875423,0.014325930709839254,-0.004091342568101739,-0.0010637747253477159,0.004227375152012173
435,45.91836734684628,5.000000000000018,-0.012718440088591845,-0.015074728049114238,0.01972323868034486,-0.009793371564380305,-0.0017744292519570205,0.009952825014447582
436,36.73469387747708,4.999999999999998,-0.007424400791750728,-0.012928041866137814,0.014908252533719735,-0.005684871570018562,-0.0005023822644238153,0.005707026608244692
437,42.85714285705658,4.9999999999999964,-0.010776407049729032,-0.01382207159932728,0.017526568751423634,-0.00824920437209416,-0.0009375393230213261,0.008302310085439395
438,39.79591836726682,5.0000000000000036,-0.008980441043538599,-0.013065256907018522,0.015853998214421114,-0.006861650593717465,-0.0004636284042374549,0.006877295992428929
439,76.53061224469326,4.9999999999926,0.0014775017945002065,-0.02410921478967374,0.024154445746639983,0.0010932187455435938,-0.0059640989721978024,0.0060634646676449595
440,79.60973852995902,4.969785770292835,0.004481864340364099,-0.023990844806417437,0.024405895650252907,0.0033451726738049697,-0.006099205851565769,0.0069563274964125725
441,116.32653061215336,5.0,0.006190689558795167,-0.013102040967861328,0.01449096665985027,0.0047811383350421345,-0.0007762756641910493,0.004843747277225013
442,125.51020408156617,5.000000000000108,0.0037863894498653583,-0.013614487187475287,0.014131206829000148,0.003058312114450438,-0.0013672173579730822,0.0033500084019800914
443,91.83673469371945,5.000000000000018,0.016926660427005275,-0.02235702567664813,0.028041904898160008,0.013607653119440776,-0.006357591718450437,0.015019560442221198
444,122.44897959176186,5.000000000000004,0.004448109431984733,-0.0135155519299613,0.014228697111485372,0.00353865898362868,-0.0012622784156793472,0.0037570539257649636
445,104.06331599243131,5.023346520936148,0.012747824488392416,-0.015132630024961076,0.019786447904038027,0.009810541968501507,-0.0017765736721632001,0.009970102693972258
446,107.14285714274092,4.999999999999995,0.010773858278007968,-0.01382261142248026,0.01752542749069142,0.008246658852921342,-0.0009380883842879592,0.008299842893284302
447,119.38775510195754,5.000000000000002,0.005224863399712525,-0.013337972850904038,0.014324828701143644,0.004090797841021128,-0.001062993900401885,0.004226651512532673
448,110.20408163254497,5.000000000000029,0.008978818136488967,-0.013065814510955677,0.015853538531282005,0.006860025289618865,-0.0004641881327465975,0.006875712151973289
449,128.57142857137015,4.999999999999936,0.0031968167728028073,-0.013643617378065362,0.014013134290297817,0.0026154912016562843,-0.0013948838061263735,0.0029642022634319394
450,113.26530612234913,5.000000000000038,0.007423490286049787,-0.012927207049046437,0.01490707516973036,0.0056839621575798995,-0.0005015476575916441,0.005706047306291458
451,53.54328504859356,7.5235150850809625,-0.019356694931647756,-0.02591693799196857,0.032347632271256296,-0.014791723265762568,-0.0048635585795606985,0.015570782871381906
452,27.55102040810784,5.000535756951843,-0.004449736785337967,-0.01351822481508061,0.014231744784454612,-0.0035401552164308994,-0.0012638351100351473,0.003758986318381654
453,16.901677114827898,7.524414196349427,-0.0034039202541747728,-0.018411582604766854,0.018723595998336822,-0.002819725042333492,-0.001336493411179543,0.0031204268862591454
454,23.00115845871145,2.471509029429021,-0.0018738222228798771,-0.0076053057525830746,0.007832744430481035,-0.0015314090033653018,-0.001092688272636681,0.0018812711651290572
455,12.283987189040605,5.051465482789589,-0.0017055328732899714,-0.013690579332617024,0.013796405504498378,-0.0014273549036822688,-0.001321535156810891,0.001945198496748598
456,48.979591836636125,4.999464243048134,-0.014781283149729004,-0.016728384250657584,0.022323198050237143,-0.011526012667060322,-0.002873691277573082,0.011878849673265279
457,131.63265306117424,5.000535756951797,0.002656329068222936,-0.013635652405970308,0.013891979724111677,0.002195121642080624,-0.0013815523453538855,0.0025936934873811816
458,99.46165239550035,7.523515085082689,0.017303138726925585,-0.023014670175080167,0.028793639107812623,0.01289286801191444,-0.003091049200223992,0.01325822879312512
459,88.7755102039152,5.000535756951928,0.014941429735432266,-0.023725848220242155,0.028038584063907853,0.011970929361720827,-0.0070486875376350525,0.013891981348480192
460,94.89795918352368,4.99946424304818,0.017375662814224313,-0.02055287256644359,0.026913458138375437,0.013891358473842746,-0.005290446611176752,0.014864678455806376
461,136.19659924863635,2.4758337132607444,0.001040357005878301,-0.007563162602003437,0.007634380868415163,0.0008776784674955786,-0.0010431047124614444,0.0013632266625417287
462,84.21181699193737,2.476484914916502,0.004469817001878832,-0.01180361339502902,0.012621590755906862,0.003231758855601891,-0.002803395551496059,0.004278234673192804
463,6.2357305447426405,5.024240951506803,-0.0008355442913220083,-0.01358312845371268,0.013608802770737028,-0.0007035840533317448,-0.0012660584884385193,0.001448424874216801
464,140.79404653102014,4.95733580589864,0.0012371886159140096,-0.0134651651478434,0.013521882566049885,0.0010398665344460672,-0.0012902638694139209,0.0016571370680109289
465,143.78887802930376,4.978166701461751,0.0008266641241092815,-0.013486625682440186,0.013511937162092804,0.0006963678005878803,-0.0012661137967526163,0.0014449817507577482
466,3.2657257234586963,5.004680253085288,-0.0004337913487813373,-0.013530306636141557,0.013537258681221015,-0.00036595336684598113,-0.001253132346036294,0.0013054740684472958
467,146.73232508624528,4.99740079779303,0.00043399891926306823,-0.013515108766696081,0.013522075285899972,0.00036621181176684344,-0.0012531956181858692,0.0013056072719305053
468,2.2044441873050493,2.5068651256315193,-0.0001579599397120366,-0.007580299909182761,0.00758194553236239,-0.0001345287622518722,-0.0009834635605045052,0.0009926220643896747
469,147.79516597775242,7.491851380941532,0.0004074180946450131,-0.01826970557906218,0.01827424776699331,0.00034169214361850803,-0.001219676242412239,0.0012666347766090468
470,2.1962477815848476,7.498021610484521,-0.00040575703779082534,-0.018279779462487888,0.018284282210984132,-0.0003402418867081669,-0.0012190033387060248,0.0012655961762138698
471,147.7951659777524,2.507108938175674,0.00015593524398344773,-0.007581448896111725,0.007583052364626653,0.00013249769501663634,-0.000984014392687962,0.0009928947397392035
472,75.1098656437559,24.774755824461927,0.09147646326835891,-7.087846998596461,7.08843727621575,0.09147272431238794,-7.02752615917158,7.028121454352791
473,76.6666666663914,22.886751345918327,1.0260920169136123,-5.794908002872295,5.885050856953337,1.0259002484161908,-5.736342337406058,5.827357439836482
474,76.77653231040534,24.774755824461938,1.0443806260299677,-6.987117331634781,7.064739167022226,1.0443689178243196,-6.926920342629597,7.00520748227012
475,77.29002272883838,26.598950112069545,0.8201538999489975,-7.567406829273927,7.6117211285847315,0.8204224945288118,-7.506251864242536,7.550954252210341
476,78.84682375147388,24.710945633525945,1.9081630983339957,-6.541867917661346,6.81447886943458,1.908120395313141,-6.4821913927739985,6.757198287423811
477,69.7392262924757,24.626526540551303,-2.535311461575206,-5.99852576125796,6.512304931103118,-2.535220885072956,-5.9394428615594395,6.4578886984710016
478,69.10328337756624,26.34475542090292,-1.9177747890025167,-6.083729983570849,6.378842422754508,-1.9183314275822991,-6.023941564617357,6.322014508048408
479,67.75523668600985,24.672857065373634,-2.9484658719830925,-5.173618742813138,5.954811659006221,-2.9483571000013726,-5.115560344940431,5.904385423721555
480,80.48456728426885,24.74488405308977,2.5361034604978046,-5.966957530236636,6.483548637127405,2.5360494099109623,-5.907891028018002,6.429208583367423
481,82.282062243188,24.692583317495135,2.9519176178283297,-5.1566119096285465,5.94175597016305,2.9518174009423457,-5.098563235593873,5.891398224178662
482,81.15780912882605,26.48283918553892,1.8859803809694422,-6.008294081493243,6.297342278065277,1.8866185956513317,-5.9485830689182455,6.240590537223077
483,57.65141121178114,21.263890573571466,-4.983346449847634,-0.39412574351461843,4.998907574751705,-4.980846603957903,-0.3493507507625744,4.99308309957058
484,57.08169345417029,22.116668688287067,-4.646037889181585,-0.167559075147935,4.649058411267308,-4.644241330561838,-0.12315460870290747,4.645873932226698
485,56.096948908987,20.8527781147156,-5.1467080525852325,0.2261056076858689,5.151672303667293,-5.143954734604247,0.26837272621220637,5.1509508085238025
486,92.3485887880575,21.263890573571153,4.984434871918851,-0.3998073708216495,5.0004436729318344,4.981935013726015,-0.3550323851135317,4.994569498512223
487,93.90305109087849,20.852778114714233,5.14827861886339,0.2221527925613609,5.153069434879444,5.145525280724452,0.26441991166755807,5.152314849100424
488,92.91830654572328,22.116668688285383,4.6463493464387815,-0.17260923763320357,4.649554408550179,4.644552770278889,-0.12820477552458912,4.646321867926566
489,65.9848615307215,24.715356031788197,-3.21700358942646,-4.180669708077299,5.275140879864524,-3.2168977561897196,-4.123848986063584,5.230158853575683
490,66.62080444563097,22.99712715143658,-3.9534000987220126,-4.291689230294247,5.835063734870327,-3.9524956124895705,-4.235731180777791,5.793413519037159
491,83.41443811441631,23.056731882530904,3.939828359956351,-4.285768566247947,5.821516959466436,3.93894627184772,-4.229780999582355,5.779822232294949
492,84.08767995897351,24.794687014980056,3.196198373252292,-4.155484960888351,5.242493614812502,3.19613557761192,-4.098672613764934,5.19753786184414
493,54.500000000009805,23.000000000006537,-4.376207478013795,0.8485633690461576,4.457718214727218,-4.375742791010223,0.8888546970356631,4.4651077977491545
494,54.26361557569135,21.85277811471778,-4.755847432985466,0.9661689424029681,4.852995696587678,-4.754185481363638,1.0059387985084662,4.859443636626879
495,55.763615575694615,22.852778114719957,-4.389765444215038,0.35006868495794885,4.403701708723315,-4.38884838579848,0.39256362892659,4.406369974966008
496,95.5,23.0,4.375084635715953,0.8467035252648772,4.45626215895943,4.37461991728777,0.886994869716342,4.4636374538748065
497,94.23638442427213,22.852778114714233,4.3889829488437515,0.34651233626706995,4.402640358288019,4.388065870423848,0.38900728397100304,4.405275104935116
498,95.73638442427213,21.852778114714233,4.755775347703952,0.963985718641727,4.852490867953679,4.754113364483385,1.0037555897575323,4.858921605287435
499,57.318077878488744,23.26389057357582,-4.217535288043869,-0.27418717143671734,4.226438513793351,-4.216759180489573,-0.22897645078093204,4.222971489514857
500,92.68192212145115,23.263890573571153,4.216129687072241,-0.2796003020216602,4.225390617103049,4.215353572151364,-0.23438958720063266,4.221865016416009
501,70.0289231336812,22.920689765470147,-2.924182357719513,-5.403316883973832,6.143832339007529,-2.9236164540472127,-5.345577598340982,6.0928427708468345
502,71.37696982523761,24.592588120999434,-1.928829279299286,-6.512777832214967,6.792397034955546,-1.928760758122607,-6.453121417845933,6.735198148201403
503,79.97107686583583,22.92068976548216,2.9642157894293697,-5.3996074422063565,6.159735041073817,2.963648461587214,-5.341868562197936,6.108909226667794
504,54.999999999948386,20.0,-5.491811036263334,0.6721619744523555,5.532792258699349,-5.488492285906297,0.7123386160238415,5.534525623423537
505,54.43028224233754,20.8527781147156,-5.147766647572875,0.90232925726538,5.22625100300213,-5.145150461764714,0.9420765613766354,5.230686524892586
506,94.99999999990953,20.0,5.494215762493957,0.6692410799475704,5.534825242762995,5.490897000321456,0.709417761118968,5.536535327073261
507,95.56971775757532,20.852778114714233,5.149392910434507,0.8999121046921691,5.227436192073955,5.146776727549579,0.9396594171648249,5.2318515368378415
508,65.66859488827001,26.385330194852564,-2.474063203921975,-4.281696370065047,4.945089740583973,-2.474938726362311,-4.224285941235722,4.89590782312838
509,64.53416264789112,24.70960028091551,-3.386026759683019,-3.48628948244964,4.8599785568177625,-3.3859233994055464,-3.4307546278551504,4.820223499298715
510,85.51558821032089,24.78507120863305,3.36281682022719,-3.473465385679229,4.834614643579638,3.3627609765427113,-3.417933871010362,4.79483402548601
511,84.38321233909257,26.42092264359728,2.4700265124035594,-4.265399588777958,4.928961820091901,2.470929079915913,-4.208021386088982,4.879849844386232
512,72.04363649201605,28.149212448040295,-0.5481724934902686,-7.823318002356765,7.842499451617372,-0.5488648136033859,-7.761856869992844,7.781238632368692
513,73.15350213590098,26.480592599543066,-0.7106212132499717,-7.651585491944586,7.684513195333699,-0.7108237120057562,-7.590404395705072,7.623615234249989
514,74.10986564388492,28.33138015150277,-0.10870664356255683,-8.374604614301706,8.375310118451619,-0.10892893519011783,-8.312789987803264,8.313503647334489
515,67.0,30.0,-0.45056955924676345,-5.652907682870701,5.670835758402673,-0.45358000112366986,-5.593902770237944,5.612261845307566
516,66.0596468855502,28.195542972862626,-1.4665525029403463,-4.9273565634199255,5.140974513354255,-1.4685460693557524,-4.869124024206412,5.085764084277236
517,68.0596468855502,28.195542972862626,-1.1480451435122208,-5.82682441256913,5.938845880005103,-1.1496410555787844,-5.767085322183733,5.880556748303629
518,83.0,30.0,0.4595852695817646,-5.662050702772875,5.680672212052668,0.46259619777947514,-5.60304625614437,5.6221101546210805
519,81.9776520438726,28.21526922497214,1.1203639780364758,-5.824125441269984,5.930906557932775,1.1219779409110997,-5.764406892366055,5.872582168062733
520,83.9776520438726,28.21526922497214,1.4462585454447123,-4.934244736012381,5.14183186181129,1.448272316157871,-4.876041997644575,5.086578247166063
521,80.18015708495345,28.267569960566778,0.7769622442087432,-6.934918322149872,6.978306561323877,0.778206887961935,-6.874210919864495,6.9181198118604215
522,70.04363649201605,28.149212448040295,-0.8482373616141619,-6.903593649385067,6.955509463545282,-0.8493840906543132,-6.842805303508799,6.895319989324991
523,71.0,30.0,0.05983696469025681,-7.53371207509129,7.53394970070279,0.058287937940467945,-7.47256287116879,7.472790198264615
524,79.0,30.0,-0.02850055656622719,-7.527149326226805,7.527203282829635,-0.026952038574459367,-7.466000087956939,7.46604873582783
525,78.18015708495345,28.267569960566778,0.5778358431470451,-7.759537803349503,7.7810231450134815,0.5786095918095325,-7.698117385388927,7.719831626334945
526,60.500000000022865,27.00000000001524,-2.8634221469351693,-1.8005110687382422,3.38245864722804,-2.8656239589859602,-1.7494156229848432,3.3574180103552513
527,60.55987848287432,25.233580078159324,-3.437246828052174,-1.6782330704254003,3.825066273363665,-3.437807194978694,-1.6273046758152807,3.8035034925417843
528,62.05987848287758,26.233580078161502,-2.9758304546751564,-2.438972357351941,3.8476165420814783,-2.9770091924782767,-2.385621506451176,3.8149408519848036
529,89.5,27.0,2.858961418058256,-1.8101916548801107,3.383851979230662,2.8611634008008333,-1.7590962615102501,3.3586717111592685
530,87.94012151712631,26.23358007814562,2.972061343244751,-2.4488260956257553,3.8509606430899126,2.9732401273380957,-2.395475158079227,3.818174706294639
531,89.44012151712631,25.23358007814562,3.4332799795257483,-1.6877182486258875,3.8256769733678713,3.4338403718303163,-1.6367898578350053,3.803990107495457
532,76.10986564388492,28.33138015150277,0.14170002497628562,-8.332221262521443,8.333426070032223,0.14197800758208487,-8.270424370771813,8.271642946071434
533,58.33333333324732,20.0,-5.486995803363065,-0.6655836907922857,5.5272167132809775,-5.483690838688767,-0.6208754960945895,5.51872735292928
534,59.3180778784306,21.263890573571466,-4.980903687403389,-1.0644240763007577,5.093368252678909,-4.978423858253092,-1.0173838136221798,5.0813161618466545
535,91.66666666651588,20.0,5.489538253739389,-0.672033773054616,5.530520737814308,5.486233267435448,-0.6273255630397315,5.521982689827862
536,90.68192212136069,21.263890573571153,4.981628413172952,-1.0726623699704072,5.095804765381283,4.979148562981718,-1.0256220990941574,5.0836818451190675
537,75.0,30.0,-0.023257599222722927,-8.466692257355172,8.466724201052,-0.023257577304583544,-8.404878350039576,8.404910528605647
538,72.16534535926442,25.491048434405634,-1.38838765466215,-7.006951543367413,7.143177878977762,-1.3885009284235657,-6.946479896470679,7.0838914291725565
539,74.23157451113329,25.67321613786811,-0.38097726464287424,-7.4985195233672,7.5081914412522694,-0.381018403468397,-7.437634310879847,7.447387405403236
540,58.818077878492005,24.263890573578,-3.8450665416077006,-0.8865782934112044,3.9459546094372304,-3.8450122636917783,-0.8386350446089001,3.935406973362011
541,60.37795636134673,23.497470651724257,-4.080359788675843,-1.5184701849958397,4.35374410223707,-4.079490527124791,-1.4685205129672765,4.335757772051683
542,89.62204363857745,23.497470651716775,4.078831488570902,-1.5277245734029,4.355549182862776,4.077962245769148,-1.477774907430334,4.337464092640916
543,91.18192212145115,24.263890573571153,3.8426077884496155,-0.8943028533502209,3.9453025497880376,3.842553524541145,-0.8463596119213393,3.9346590934482766
544,64.60894800271981,28.18978722198994,-1.8214820833596321,-4.003183362358709,4.398098908922551,-1.8237295186044917,-3.9463495456995763,4.347374390810231
545,85.40556029521997,28.205653418625136,1.8125280484480988,-4.0013260015555705,4.392706192899289,1.8147899381904895,-3.944505988731092,4.341956933790671
546,81.66666666636105,20.0,4.230187632213708,-3.8805996236921088,5.740517471720921,4.228570907262234,-3.8271030754026363,5.703291143497837
547,82.4710768658313,21.47731409252299,4.286145167652407,-4.337618970140142,6.0980307254317525,4.284786548238878,-4.282661394309499,6.058100724012256
548,80.80441019916056,21.47731409252299,3.6411494949142917,-4.615949522731582,5.879197193556322,3.6400829932342265,-4.560140949322983,5.834817021580486
549,68.33333333314411,20.0,-4.221826227318442,-3.8677493108919947,5.725670390930601,-4.220209599468713,-3.8142528416230568,5.688470251594663
550,69.19558980035643,21.47731409251101,-3.6247035260167584,-4.599561412217168,5.856145561397489,-3.6236373264020822,-4.543753001913314,5.811750064798957
551,67.52892313370697,21.47731409251101,-4.2794812228839785,-4.333618343199405,6.090501414623504,-4.2781229224579445,-4.278660871377696,6.050559857725452
552,74.99999999974196,20.0,-0.04077942056773599,-3.7383039860022653,3.7385264012578894,-0.04077916740035406,-3.683224247818775,3.683449986115469
553,75.83333333306668,21.443375672959156,0.5761970006226355,-4.862591153400271,4.896610634781277,0.5760418812746649,-4.805583440749956,4.839985170947597
554,74.16666666641723,21.443375672959156,-0.6950676948798584,-4.8640811620250854,4.913492103507739,-0.694911350255347,-4.807073904066021,4.857042444107963
555,71.66666666644304,20.0,-2.404010739557717,-3.8547112343972847,4.542913859682734,-2.4031910260858163,-3.8000227195020417,4.496165007713917
556,72.4999999997678,21.44337567295914,-1.7497148775045346,-4.810410334657036,5.118744938003449,-1.7492482130873164,-4.753609301066713,5.065241425458132
557,70.83333333311833,21.44337567295914,-2.87838259218036,-4.884740777888593,5.669724756470511,-2.877607262976247,-4.828354437844684,5.620821126613807
558,78.33333333304085,20.0,2.389176851746566,-3.8183801510138853,4.504241668314263,2.3883571133443673,-3.7636919124558053,4.457535923887532
559,79.16666666636559,21.44337567295917,2.897258220013417,-4.881491032109121,5.676535905814133,2.8964825411779835,-4.825105142551201,5.627721630289021
560,77.49999999971612,21.44337567295917,1.734986707037769,-4.7820535622085805,5.087063509081593,1.7345196490568744,-4.7252528696769405,5.033544784280214
561,84.9999999997286,20.0,5.167059136912131,-3.264238373508688,6.1117716157783395,5.164708834192637,-3.212781608095514,6.08244876701023
562,85.94336124831362,21.579417790007916,4.731414343481228,-3.0860440146761903,5.648889213838296,4.729558018235784,-3.0335156863257615,5.618802049106451
563,84.27669458161681,21.579417790007916,4.564067911551637,-3.775297578232356,5.923140020754398,4.562452371986847,-3.721413984537107,5.887690013150892
564,64.99999999984517,20.0,-5.1696300801789885,-3.254540519466737,6.108773130403701,-5.167279906638111,-3.203083941958109,6.079517116743391
565,65.75854797841862,21.51981305892557,-4.583315333303173,-3.7679126786134307,5.933291278721096,-4.5816811843417025,-3.7140688491082496,5.897975066992659
566,64.09188131176916,21.51981305892557,-4.752339518571839,-3.084849444797193,5.665776822011715,-4.750459702619419,-3.0323518871806265,5.635780811378215
567,73.33333333309253,22.8867513459183,-1.1269689609858384,-5.692820153193541,5.803297367499965,-1.1267754671147785,-5.634257392613325,5.745822771327848
568,63.50000000001306,29.00000000000871,-1.7026827177824988,-3.5781689519873234,3.9626281034688655,-1.705784470454056,-3.5225831664946363,3.9138590705994516
569,63.10894800273289,27.18978722199865,-2.5031111883220714,-3.060256745290076,3.9535726840664687,-2.5048803901659,-3.005315234470289,3.9123324791710736
570,86.5,29.0,1.7108108398294808,-3.5809998388471174,3.9686815915995495,1.7139120503107592,-3.5254136394278928,3.9199535514167323
571,86.90556029521997,27.205653418625136,2.498372667537525,-3.056106743936592,3.9473604365744572,2.5001570433330067,-3.001180281506634,3.906132143621345
572,63.48509312803583,23.753393137078362,-3.8541741971966927,-2.947745401007083,4.852201736479552,-3.85346694577051,-2.8938862152256535,4.819106237552661
573,63.16882648558434,25.42336730014273,-3.1834189946343368,-2.8940741021480196,4.302304197069584,-3.183849763274685,-2.8396147207163587,4.266182260196265
574,86.55014943222723,23.812997868153538,3.8297477613985142,-2.945720950709296,4.831587713721506,3.829077035700443,-2.891857409140847,4.798402882223553
575,86.84568181234629,25.439233496770758,3.176861695954312,-2.8946292498992943,4.2978283736783,3.17730514978544,-2.840179673297872,4.26167673474508
576,92.5,25.0,3.68043563558856,-0.41784336324543286,3.7040787712896206,3.6814363851714544,-0.37205637403493164,3.700189157803191
577,57.50000000001633,25.00000000001089,-3.6825632715095087,-0.41155839367910213,3.705489516930056,-3.683564001706278,-0.36577139714442963,3.701679682203115
578,60.15141121175533,22.224766732651418,-4.595955457965505,-1.4013551086972573,4.804851996916743,-4.594150840341007,-1.3525060129924629,4.789101633812625
579,61.893211816137644,23.194456237232743,-4.160920768008852,-2.186279897753663,4.700327800161298,-4.159814123727348,-2.1345849745795555,4.6755220625789295
580,88.10678818368743,23.194456237187538,4.160250801550531,-2.1979823489889885,4.705190021483616,4.159144086966918,-2.146287354376284,4.680280861626514
581,89.84858878801226,22.224766732613066,4.595650955522839,-1.4104571770220693,4.807223434916568,4.593846323693276,-1.3616080620405155,4.791388166317143
582,87.49999999977382,20.960876159041916,5.059650306984874,-2.3989990022004997,5.599576541269092,5.057283211422618,-2.3485864665324763,5.576017563756105
583,86.77669458166204,22.54029394904983,4.3755928378438185,-2.778744594986959,5.183361284606675,4.374146593602775,-2.7260966822879844,5.154101429299613
584,63.25854797844443,22.480689218005523,-4.399900448786232,-2.7806209865235867,5.204899329470714,-4.398423323696966,-2.7279889662832844,5.175717489837019
585,62.49999999987098,20.96087615907995,-5.059925804645092,-2.3864825999827124,5.59447480542486,-5.057558667323789,-2.336070051364159,5.5710073557932525
586,96.83333333330317,21.0,5.092900295811125,1.413556680455378,5.285430532315516,5.0905936038972825,1.4513661834234661,5.293449446100825
587,53.16666666665273,21.00000000000218,-5.091257557595879,1.4155535203917173,5.284382204843869,-5.0889508894156394,1.453362996771902,5.292417704156582
588,74.12170886711934,23.785211659324496,-0.5674895157679385,-6.329569747307571,6.354958499985484,-0.5674321628001195,-6.270072858322237,6.295696379912965
589,72.45504220046993,23.785211659324478,-1.6222981826139182,-6.267182815059335,6.473749441451027,-1.6221291303321286,-6.207912418411548,6.416344715657069
590,61.66666666654625,20.0,-5.476065996432168,-1.9971360138337368,5.828880772072143,-5.473118871918995,-1.9486137119596432,5.809657957624785
591,60.83333333322152,20.96087615907995,-5.095724222317856,-1.6635081529006828,5.3603791586681595,-5.093165748041204,-1.61488206517388,5.343049823971359
592,88.33333333312224,20.0,5.47747998215445,-2.0069789933482505,5.833588229781381,5.474532828280753,-1.9584566816131712,5.814298088478001
593,89.16666666647066,20.960876159041916,5.096367255734418,-1.6724990334628091,5.363787115672657,5.0938087608220854,-1.623872908144931,5.346386715683304
594,51.50000000000327,21.00000000000218,-5.032600647040306,2.7221348059247203,5.721633261073041,-5.030621879905878,2.7573163150222726,5.736719424869562
595,51.66666666664946,20.0,-5.366147716400678,2.4406634047565205,5.895114856349273,-5.363217760670845,2.4759888253740763,5.90716729166802
596,98.5,21.0,5.03366057129522,2.7268191934478208,5.724795337893535,5.031681820485708,2.7620008464691126,5.739901620977703
597,98.33333333330317,20.0,5.368602009427698,2.4434949388886977,5.898521429308009,5.365672011307399,2.4788205495141002,5.910582665830922
598,60.95073100317222,15.839835051084886,-6.03980307252351,-1.3619024104423545,6.191445657553099,-6.035376533451624,-1.319854189320113,6.178008172672191
599,61.9080406317781,14.573345119254078,-5.335590461948448,-1.2396389137690118,5.477703005290235,-5.331206920223406,-1.1991074215825197,5.464396200380442
600,62.837032605803984,16.005550744236817,-5.663308006594029,-1.778977112988435,5.936144973472995,-5.659356831722558,-1.7352010752721674,5.919395452273017
601,89.05814755698631,15.857673399613343,6.043849432706209,-1.366801243539457,6.196471706105352,6.039424276401466,-1.3247307574374678,6.183005512700778
602,87.17259189166768,16.0119420596465,5.663019287461765,-1.7893364583062292,5.938982439036828,5.659066767335534,-1.7455561893013702,5.922162028108466
603,88.10542467447695,14.598036888472143,5.351437090050549,-1.2497472827790144,5.495429664692491,5.347052707503259,-1.2091788728406188,5.4820695182879655
604,61.288766261990155,13.339619673310084,-4.566518756058777,-0.8053763517629621,4.636995214297252,-4.561906031172263,-0.7676494413624457,4.626042834007262
605,63.17506786462191,13.505335366462015,-4.066238018320677,-0.9737767721541073,4.18121188456449,-4.062113099341238,-0.934555742942609,4.168231911555149
606,88.71759342232977,13.357689074478591,4.555047244468465,-0.8092669053181664,4.626377451460591,4.550433559407522,-0.7715080399632855,4.615373249728585
607,86.83203775701114,13.511957734511746,4.039128276408369,-0.9800845363947571,4.156335276630335,4.035001637789934,-0.9408537925089124,4.143240769717089
608,0.0,12.499999999999998,0.0,-0.0254877371206813,0.0254877371206813,0.0,-0.0014936520168921073,0.0014936520168921073
609,1.1067095734171246,11.245055441874507,-0.00027622250136958865,-0.023960382109132053,0.02396197424432883,-0.000230272348231776,-0.0013725506562363675,0.00139173296946471
610,1.1067095734171246,13.745055441874506,-0.00032605575649455857,-0.026641176522374185,0.026643171711578272,-0.00027326432946424316,-0.0014725920514178543,0.0014977318664088667
611,150.0,12.499999999999998,0.0,-0.025488304778988922,0.025488304778988922,0.0,-0.0014942197081343617,0.0014942197081343617
612,148.89329138643444,13.745055857930893,0.0003262429023083108,-0.02664176102298468,0.02664375845929272,0.00027345157081816495,-0.0014731761660512488,0.0014983403411122516
613,148.89329138643444,11.245055857930897,0.0002763821125739721,-0.023960929762611428,0.023962523701833847,0.0002304320322691415,-0.0013730978612230028,0.0013922990547978087
614,10.296899049232604,13.726706289300747,-0.0031594316843416453,-0.02658699060170613,0.02677405605849125,-0.0026514752508386193,-0.0014627231444227715,0.0030281809726368336
615,12.089729662308773,13.764311624944835,-0.0037693676555195462,-0.026596204644156095,0.0268619849228665,-0.003163939645613959,-0.001452002826143571,0.003481210463074116
616,11.422915946737081,15.012482849251171,-0.003742683562872863,-0.027421351052032042,0.027675588047421457,-0.0031446939302302293,-0.0013217780521992163,0.003411187056451522
617,139.70504543888734,13.726533075522484,0.0031607211609802374,-0.026588120646129393,0.026775330394798125,0.0026528714061864384,-0.0014639896068615182,0.0030300152254997257
618,138.58017402759825,15.012772580111864,0.0037441672244729264,-0.02742264365824977,0.027677069451301443,0.00314634606257634,-0.0013228517212850455,0.003413126165555039
619,137.91312451921374,13.764378910657847,0.00377085646660544,-0.026597535747698683,0.026863511802105274,0.003165583633883597,-0.0014532556404699137,0.0034832271961026747
620,47.00922030516203,13.724088440734539,-2.3190086871844433,1.085718132283584,2.5605829715137665,-2.3143998223675575,1.1133343188397031,2.5682600809266276
621,48.7898216116609,13.75727660753095,-3.2851758015858246,1.1860844912797535,3.492731949030646,-3.2802223742450143,1.2147900081644682,3.497938476936641
622,48.11494125351075,15.011634916160848,-3.8306025743415457,1.8606116958631558,4.25856689102506,-3.8259574542682646,1.889975708815053,4.267312810397413
623,102.99464826080525,13.726433968943919,2.308735058492114,1.0822572902479324,2.549811446480971,2.304127244002469,1.1098735715644894,2.557503020802073
624,101.89140271145772,15.012525234386182,3.8146104974945003,1.8552835224882838,4.241854570398633,3.809966847679794,1.884643838143019,4.25061522336115
625,101.215977338682,13.759093522430518,3.269546958145091,1.1828314011330676,3.476927873140631,3.264594731538027,1.2115348940229391,3.482153868027807
626,10.578165154867575,16.16469394616189,-0.0035868415601333246,-0.02797362270391569,0.028202641712409264,-0.003014515225524085,-0.0011846672651420996,0.003238940964885866
627,12.370995767943747,16.202299281805978,-0.004264587333630316,-0.02795168619880804,0.02827513866425408,-0.003586629335980688,-0.0011585436757754926,0.0037691024717293985
628,139.42576954686444,16.16595155392114,0.003588047250856721,-0.027975104805614076,0.02820426513773178,0.0030159250855864316,-0.0011854761022359363,0.0032405489829413214
629,137.63384862719084,16.203797389056504,0.004266014057825114,-0.02795324676170936,0.0282768965847134,0.003588313463410148,-0.0011593021023082496,0.003770938195742123
630,47.27393308405664,16.16631760035062,-3.729344275467796,2.674464301984423,4.589201240690306,-3.72515394150749,2.7040158174391378,4.60309389746612
631,49.05453439055551,16.19950576714703,-4.989761444929604,2.562472095658033,5.609276470128036,-4.985221093792694,2.5933509149652805,5.619421529138642
632,102.73602457174783,16.169262234227276,3.7150342090693225,2.671271132433041,4.575715095755572,3.710846795666676,2.7008177616640427,4.589640565733837
633,100.95735364962458,16.201921787713875,4.978634881115854,2.5632100345123954,5.599718828699214,4.974097605610713,2.594080373206321,5.6098930446842274
634,29.5698958178563,13.722041680148699,-0.012013913519060466,-0.02543923397688823,0.028133409736011885,-0.01013781985455303,-0.000546040781221023,0.010152514562320317
635,28.500369011743796,15.006370556387525,-0.011971452699187556,-0.02623026250803262,0.02883300801111786,-0.010166200577124295,-0.0003708592131409158,0.010172962731195561
636,27.80321304027996,13.762258153102682,-0.010883132228396077,-0.02570568906323572,0.027914602223863227,-0.00917499952572596,-0.0007634504050216748,0.009206708033711037
637,120.42996780863118,13.72209035266593,0.012022356196784085,-0.025434776637488294,0.02813298617497391,0.010146246069871828,-0.0005415424961929642,0.010160687850021397
638,122.19658172630326,13.762174048308266,0.010890914110918849,-0.025702457539680593,0.027914661627010548,0.00918276437537637,-0.0007602899669277748,0.009214184847695015
639,121.49928938147454,15.006335124103835,0.011980415498475278,-0.026226251288512137,0.028833081905413636,0.010175132357542298,-0.00036687440526690304,0.010181744218096632
640,29.34424914861482,16.163606397480848,-0.013059280600810692,-0.02642478282256135,0.029475650239311837,-0.011161820018166107,9.343100051552658e-05,0.01116221104753852
641,27.577566371038483,16.203822870434834,-0.011828394534540024,-0.026751285317175022,0.02924965270538507,-0.01008060743914776,-0.00019034688549463344,0.010082404389778197
642,120.65561447787209,16.16365506999905,0.01306946314238973,-0.026419733290785084,0.029475636956417094,0.011171989142293249,9.850382449331022e-05,0.011172423389710848
643,122.42222839554418,16.203738765641383,0.01183826214247828,-0.026748302870575204,0.029250917199466688,0.010090458504318526,-0.00018740854589254646,0.010092198709421433
644,21.506949909929673,13.610206100326959,-0.0074382348140337,-0.026178559432795623,0.02721478111477503,-0.0062494080675528805,-0.0012735048217427346,0.006377845696298792
645,21.535715897872958,14.929188490669139,-0.007920852614564391,-0.026978061195391156,0.028116822224496168,-0.006681412608801871,-0.001059034365914882,0.006764822853352877
646,19.926725171576788,13.970080565187146,-0.006853001421240513,-0.026519155798449517,0.027390313118728,-0.005761347657051405,-0.0012897126842719084,0.005903938146134626
647,128.49055603156233,13.609143466775471,0.007444250932426126,-0.026177480014805903,0.027215387777330853,0.006255286152183735,-0.0012733791221450005,0.006383580440036482
648,130.07165581263328,13.965716534594545,0.006857185322887508,-0.026516302852498556,0.027388598129839486,0.005765582848458022,-0.0012904326729448329,0.005908228335621167
649,128.4601710279233,14.923761826512493,0.00792706128526627,-0.02697466593966582,0.028115314388726557,0.0066875039258230806,-0.001059383066641828,0.006770893681028123
650,91.6791636392086,13.547433201648253,5.408556155649734,-0.2974984966768882,5.416731952417586,5.403376823415517,-0.26149555860317597,5.409700640792718
651,93.34146000175237,13.958148057010217,5.704785672769361,-0.0023294633459350774,5.704786148369986,5.699426749598857,0.033022279370711866,5.699522413762211
652,91.65327670233935,14.85448308380095,6.144038019457701,-0.41009354250217456,6.157708981280594,6.138974484940986,-0.37185614064841366,6.150226395515403
653,58.32719604512839,13.529363800473561,-5.408705246691855,-0.28974861735124235,5.416460717742625,-5.403526120386377,-0.2537729523933319,5.409481975666827
654,58.36095857023544,14.831238312477035,-6.133853309248646,-0.40667885077705807,6.1473200752075625,-6.12878882397391,-0.368466598866087,6.1398550539363255
655,56.666415586217475,13.95297268684845,-5.711406433046926,-0.0014450896759776945,5.711406615863904,-5.706047886515498,0.03390502235637462,5.70614861651438
656,0.0,17.5,0.0,-0.028456705944943008,0.028456705944943008,0.0,-0.0010692639743595071,0.0010692639743595071
657,1.1678666345918622,16.233964469243688,-0.0003810197701805248,-0.028077691216549114,0.028080276354002422,-0.00031966866179180945,-0.0012167049094262035,0.0012579979689783256
658,1.1678666345918622,18.73396446924369,-0.0004034595615184112,-0.028601717877156905,0.028604563362202497,-0.0003380715790634485,-0.000918916907365154,0.00097913261370051
659,150.0,17.5,0.0,-0.028457063626663785,0.028457063626663785,0.0,-0.0010696215637411716,0.0010696215637411716
660,148.83213432525642,18.733964885299216,0.00040371426247743893,-0.028601978858155186,0.02860482791082799,0.0003383263159261148,-0.000919177737395159,0.0009794653689493167
661,148.83213432525642,16.233964885299212,0.00038125696356180815,-0.02807815744394286,0.028080745757887347,0.00031990591032705695,-0.0012171708384289964,0.0012585088960289986
662,126.97820433270152,13.241003588438353,0.00800942850808317,-0.02580342284292292,0.027017912122086186,0.006723624200560534,-0.0012479511587121274,0.006838457756314228
663,128.58968911741152,12.282958296520405,0.006852109496195598,-0.025027318682782306,0.025948373455717762,0.005728785837644296,-0.001387689842205088,0.005894460982291174
664,21.40981207080397,12.283170823222996,-0.00684752491172067,-0.025027532297560322,0.025947369237016307,-0.0057242271233867055,-0.001387672253731459,0.005890026353412367
665,23.01880279710014,13.242278748704987,-0.008002984707294741,-0.02580513497250244,0.027017637853340583,-0.006717354126694368,-0.001248457729854921,0.006832385613140725
666,94.94630874253289,13.608389147265317,5.395248740899707,0.3447735500306709,5.406253580528815,5.389766942530041,0.3782249262923988,5.403021542586937
667,94.92042180566366,14.915439029418014,6.174851158623023,0.439162610067082,6.190448338305474,6.169497238369999,0.4745018768591942,6.18771752792562
668,58.17612059924433,12.258582839569002,-4.173273401598039,-0.043753520891943926,4.1735027560882365,-4.168074303362627,-0.010250256976442385,4.168086907217739
669,59.870663583262285,13.136848465197588,-4.7604064107587005,-0.5752925803618393,4.795042309366197,-4.75548362946661,-0.5389187339573651,4.785922894482853
670,90.13696803798939,13.158531746600964,4.75384528490815,-0.5738847183385266,4.7883597048243915,4.748921384379573,-0.5374741520348048,4.7792397699972256
671,91.82515133740239,12.26219671981023,4.154507071883702,-0.0448557009271197,4.154749215564925,4.149307634554479,-0.01134631689610393,4.14932314782534
672,131.655845795882,13.604896592454615,0.006065990490606878,-0.026328676195219676,0.02701842761570074,0.005093744117988542,-0.0013842904604167358,0.005278493082153623
673,131.62546079224293,14.91951495219164,0.006460926940694086,-0.027166156500854022,0.02792389005783184,0.005441136337696201,-0.001205074965590712,0.005572985763313189
674,94.87012735491535,12.281531355683388,4.10254210155983,0.04553107920388429,4.10279475165946,4.097061767684922,0.07690291408630978,4.097783447965554
675,96.44908915882664,13.238822328091183,4.729024982088232,0.5904115911767602,4.765738466199176,4.723522241217096,0.6220772807698709,4.764309237079664
676,55.06196879836432,13.604409446676533,-5.4037940578118215,0.3478291873288782,5.414976949424644,-5.398312332009967,0.38128138672282247,5.4117604834094575
677,55.09573132347137,14.906283958680007,-6.174982574245746,0.43878254268439076,6.190552472276057,-6.16962782655798,0.47412483090262064,6.187818830049647
678,18.343339864133632,13.605895742811224,-0.0060616681172515705,-0.026328925998053955,0.02701770094909457,-0.00508943860019676,-0.0013836645903443703,0.005274174149925807
679,18.372105852076917,14.924878133153403,-0.006456551880353403,-0.027168753296961796,0.027925404525178638,-0.005436751199068614,-0.0012039845630757856,0.005568468589181303
680,92.502508481337,18.651632199472658,6.002932850825716,-0.33091820982676523,6.012047045151719,5.998869181995482,-0.2885391543429299,6.005804384616941
681,93.34713374977716,17.332721586422473,6.392655849373006,0.02114821603213074,6.392690830594286,6.387990578703272,0.06111748113371709,6.388282944587059
682,94.17795860165286,18.681089386949814,6.003803276934416,0.3347225369609498,6.013126721172439,5.999677974412211,0.37505041283343243,6.011389074815698
683,133.35448380042618,17.339935992877876,0.006209418948010016,-0.02811390046580263,0.0287914619822086,0.00523873144729354,-0.0008874964792379668,0.005313375309304064
684,132.4434467408976,15.9400673785019,0.0063496163520087405,-0.02767230286899348,0.028391441912854684,0.005353670379626995,-0.0010767246954866555,0.005460871963667184
685,134.12068783502022,15.958563624427686,0.005632648686053972,-0.027754176036887446,0.028319975612755087,0.004744769177874484,-0.001126173992427669,0.004876587168556323
686,53.33146446289177,17.33958750831419,-6.285122793042485,1.3030971494693493,6.41878732351971,-6.280428526814004,1.3392049036040439,6.421623801987799
687,52.57386176448958,15.941491394331406,-6.067756428097536,1.4160244264127957,6.2307939499646965,-6.062658167837882,1.4500505594367394,6.233656285437479
688,54.2488872340204,15.955816832490873,-6.284412588274696,0.8325523849305215,6.339320551393419,-6.279251520283175,0.868338838262507,6.339007177233171
689,53.53135655346945,13.220999715564055,-4.719784750609601,0.5947043578911627,4.7571043046565284,-4.7142820235666445,0.6263285831411455,4.755706308402908
690,55.10204081621556,12.267688443732496,-4.096337032203078,0.05038688561399062,4.096646911760909,-4.090856295677364,0.08171471038504503,4.091672338515932
691,131.63265306117438,12.267449913453017,0.005625179514197414,-0.02512004480485182,0.025742169597077657,0.004705634540208638,-0.0014598857375917491,0.0049268917983682535
692,133.18645804078403,13.221248331050113,0.005346327958709309,-0.026069779717462136,0.026612339941445906,0.004484893473608041,-0.0014501387255977348,0.004713509498567943
693,90.83584181464018,18.651632199472658,5.985013055352121,-0.9919495690814901,6.0666584888500426,5.981114854407213,-0.9476451715843706,6.055721779675631
694,89.06265738699804,18.635789285393848,5.918114652236943,-1.6693491214832807,6.1490493189125255,5.914473109401989,-1.6232062346012393,6.1331713364202995
695,89.89849920181916,17.287421484866506,6.262458141788726,-1.265644334111602,6.38907172898573,6.258211437025393,-1.2221274908740416,6.376425800906454
696,79.12622463352521,18.661529151528015,2.8078234312330643,-3.061678632180476,4.15424463262961,2.8066249128562784,-3.0092505020003446,4.114940094977671
697,79.83943894327263,17.339003108714714,2.991699739598618,-2.4430461791398526,3.862478733316764,2.990128055493719,-2.3930923712367744,3.8298507654375116
698,80.71321430943772,18.677473957186702,3.7512236764297677,-3.3598856766320293,5.035922043741774,3.749578830235399,-3.307955920072225,5.000191373666646
699,132.50528801968613,18.660719873476044,0.006791207826444575,-0.02817158147295126,0.028978587032998913,0.005735936695702729,-0.0006267610488961753,0.00577007791884326
700,134.18252911380876,18.67921611940183,0.006015017868028211,-0.0282733501446129,0.028906102614371605,0.005072204005895712,-0.0007006044271756669,0.005120361319360446
701,20.82633457805496,18.653850832822986,-0.008453078329725888,-0.027890211481078293,0.029143068296041734,-0.007165383966646658,-0.0004043111928938234,0.007176781655462023
702,19.161083138627724,18.67825380028463,-0.007601058516383781,-0.028045238798761352,0.029057038903663936,-0.006430443473575073,-0.0005253006060534429,0.006451863606243112
703,19.987417716553622,17.33210463310762,-0.0077826206543690065,-0.027889431095955566,0.02895495728033223,-0.0065845173314591325,-0.0007187696374530185,0.0066236318043811915
704,34.19577083112665,18.665114177164742,-0.04530192271536256,-0.002925218694607564,0.04539626753511751,-0.04304974172130018,0.024426079226970168,0.04949660199117589
705,32.59155853804895,18.687879314083467,-0.025924712099162646,-0.015758336779254055,0.030338356505797425,-0.023781640659353846,0.011571200863551609,0.02644728949959314
706,33.45399603572384,17.35299349124821,-0.02210175247162367,-0.02060150630664565,0.030214392670045238,-0.019860258970559447,0.006412957060329436,0.020869976153204302
707,27.544056587352618,18.68052935576408,-0.012452086645045773,-0.026935541453075813,0.029674532097172027,-0.010671973253942802,0.00042630680166076684,0.010680484568689417
708,25.837402395922417,18.684326582247067,-0.011340387543199045,-0.027230868278436935,0.029497874106917045,-0.00968631731192794,0.00016201380982115016,0.009687672142570044
709,26.714792316479308,17.364855938011146,-0.011619841264418031,-0.027093944181654842,0.029480544810584833,-0.009921800205218864,-3.8104112767653464e-05,0.009921873373294527
710,122.45594341249118,18.6805293557683,0.012462943315256457,-0.02693222590593515,0.0296760804070824,0.01068282870267321,0.0004296225360632712,0.010691464100587534
711,123.2844591547095,17.3644851976413,0.01163069900269175,-0.027091131383717576,0.029482241416504653,0.009932605045056607,-3.5427897485031806e-05,0.00993266822747061
712,124.16184907525894,18.683955841873,0.011350552392549888,-0.02722798576413216,0.029499122840989756,0.009696432430248555,0.0001648261460456893,0.00969783323906924
713,42.44331065762606,18.659719734091407,-2.2408732677853718,2.142111008134106,3.1000246085223915,-2.238129043206955,2.1703932255291254,3.117663927922508
714,43.155171024847945,17.340507474637153,-1.9842443010867006,1.817020876655971,2.6905000116332802,-1.9810875741215854,1.8451770313968896,2.7072839255485537
715,44.045193700602596,18.680787740545746,-3.098064723512712,2.9806986762515204,4.2991359166327205,-3.0952260034418417,3.0094693129270067,4.317097353295604
716,40.77664399097124,18.659719734091407,-1.5349680759174658,1.4031201190531788,2.0796329153428914,-1.532318904997177,1.4310426428824738,2.0966364187335396
717,39.1507312685563,18.702612799161912,-0.908687028849885,0.83824949883722,1.2362743784050862,-0.9061357172706959,0.8659358447125991,1.2533661975942232
718,39.92737525945648,17.362332533253323,-0.7237413726763461,0.6350761293518381,0.9628724030711204,-0.7209324694053292,0.6625410259787909,0.9791344323165716
719,65.97429719600498,18.64014089131784,-5.100147075604001,-3.2226129018294123,6.0329705873499355,-5.0976051360289,-3.172406121943983,6.004143463094122
720,66.93020427348475,17.31915579953432,-4.574542708703634,-2.723896274336674,5.324101042157144,-4.571975549479707,-2.6752937574315956,5.297183885197184
721,67.6225737439744,18.67901490821648,-4.4541093225531805,-3.3260365144652724,5.558921545840654,-4.452008443249999,-3.2748435030292953,5.526751229076849
722,72.55026091476132,18.663206799827236,-1.8102749825910505,-2.9703984331758533,3.478557512016812,-1.8095602979414056,-2.9176000380343017,3.4332052740585652
723,73.38523072845474,17.365791737534572,-1.1220234283522215,-1.938762802661505,2.240030753975303,-1.121494858988439,-1.8881110281908116,2.1960678435588603
724,74.16830314678592,18.702584937707336,-0.6366109191172568,-2.8076728333623158,2.8789408124412863,-0.6363684901734895,-2.7546335021437676,2.8271842151544573
725,59.174361999110914,18.65193736416538,-5.98234884779776,-0.9895050342465953,6.063630756365904,-5.978452043329649,-0.9451890273100821,6.05270775205113
726,60.11422348776158,17.287957702199193,-6.261791034970094,-1.2639226728864237,6.388076978924738,-6.257546749733095,-1.2203929893253964,6.3754411904973125
727,60.93986148854744,18.636020338033813,-5.917139454676588,-1.660746582310278,6.145780547395556,-5.913498451890135,-1.6146009333764073,6.1299592261749165
728,52.49488616332994,18.66263103507736,-5.957407564241946,1.760674249604855,6.212139623326956,-5.953417610583595,1.7966421228649416,6.218609504033802
729,54.16991163286076,18.676956473236828,-5.9832969606743625,0.999981620468101,6.0662843455355,-5.9791916896284745,1.038159166279784,6.06864957926003
730,114.13265306106219,18.666866387613645,0.1989705563670412,0.160160419372789,0.25542247793543454,0.19661037530958322,0.18757219583254267,0.27173326687915283
731,112.5151171578269,18.702786777508315,0.4396460061858434,0.3535725918309421,0.5641827615668638,0.4371900544036486,0.3810917184330866,0.5799707247161258
732,113.31443688572298,17.36965316512196,0.14123601287370918,0.10033671319361168,0.173248570981003,0.13872149209300125,0.12747582145194306,0.18839781692831867
733,102.5676544216031,18.679329393777483,4.461930854816342,4.036447515891701,6.016787805940174,4.458773204073684,4.0669418183701325,6.034954369286753
734,103.52375253191568,17.36122907030705,3.7575352963468704,3.1687524621520144,4.915288767680594,3.7539077003506436,3.1983231765555256,4.931642136696872
735,104.28943144360409,18.681899676529568,3.7142722996077797,3.6290358584508513,5.192852778344074,3.711305352385929,3.6585085825411845,5.211379132933619
736,115.79931972770794,18.666866387613645,0.045343117288922485,-0.0027598079558487456,0.04542702747737461,0.043090673210191784,0.02459188853501458,0.04961418244238356
737,116.54027628291395,17.35503773677265,0.022279865234991973,-0.020422641169091288,0.03022377652132285,0.020037955114374093,0.006592598344346737,0.02109459641935712
738,117.40762322166361,18.688171349159006,0.02602105802651923,-0.015652807836205655,0.030366195908882992,0.023877933592008405,0.011676781675814214,0.026580123079643442
739,139.23972207314915,18.67848818143289,0.0038848275166999693,-0.028472233476996928,0.028736039462722306,0.0032641863033335077,-0.0008422631695698159,0.00337110063179429
740,140.1953244660167,17.36331714511114,0.0034205584324038265,-0.028345020461640252,0.0285506638269637,0.0028744000780275745,-0.0010375884845206622,0.0030559394090483552
741,140.9556023927088,18.68482896367825,0.003221839808030664,-0.028513812820273796,0.02869525698261337,0.0027048361363705277,-0.0008691924210401866,0.0028410621234688876
742,10.763122488072646,18.67725518935835,-0.003883004945144778,-0.028471555985722666,0.028735121848569894,-0.0032622049358203282,-0.0008418061576584701,0.0033690679201171096
743,9.044871700769363,18.684623465002247,-0.003219710837030477,-0.02851321745722229,0.0286944264211177,-0.0027026811399262257,-0.0008686329272045053,0.0028388392885714386
744,9.807994188770955,17.361878654360595,-0.003419251376933394,-0.02834388371985532,0.02854937870258021,-0.0028729187208443386,-0.0010369706339714395,0.0030543362736111753
745,16.812727619238764,13.22163055137792,-0.005342380629227685,-0.026069245407637397,0.026611023785476026,-0.0044809829589569595,-0.001449243724779583,0.00470951331373802
746,18.367346938738635,12.266832983411664,-0.0056211571246063225,-0.025118705690040176,0.025739984129023258,-0.0047016400330410395,-0.0014591971742734695,0.004922872676974474
747,129.1691742498669,18.651626390551556,0.00846199649186098,-0.027888808782044597,0.02914431402366018,0.007174027352511229,-0.00040334404705066537,0.007185356976161343
748,130.00779560317744,17.3123462640276,0.007787181762991876,-0.02788538098247069,0.028952282679391813,0.006589224686231295,-0.0007215995940927471,0.0066286188561294375
749,130.83862135299302,18.660719873476044,0.007604874369706389,-0.028045191817946607,0.029057991986447318,0.0064346021998023875,-0.0005279950545079501,0.006456228329859979
750,12.429789154751155,18.67725518935835,-0.004552500694880363,-0.028420348160785234,0.028782658879212927,-0.0038284195078164837,-0.0008065644719476468,0.003912459862444342
751,13.248947791809364,17.340518135469303,-0.004756930562412002,-0.02825306314278876,0.028650723644020198,-0.0040035382649794456,-0.000984332531792375,0.004122769599710784
752,14.152491970486281,18.66326294611095,-0.005275018652793982,-0.028353852946631182,0.028840367520309277,-0.004441455556841977,-0.0007618105510302266,0.004506315876529679
753,49.1067631105507,18.6770942256684,-4.965820450802087,3.790354095074277,6.247091876677547,-4.962389686705279,3.8222629061927904,6.263785207586246
754,49.93498260723118,17.339725260745762,-5.604936936956791,2.7686089483568455,6.251440919994699,-5.600644207904417,2.8009157499401076,6.261976092400533
755,50.828219496680475,18.66263103507736,-5.673709448315213,2.748126287071842,6.304218983632833,-5.669942628046591,2.781962736123862,6.315660382772466
756,16.646908442335437,17.341516746395584,-0.006205466302000243,-0.028113850805370648,0.028790561285461255,-0.005234653513135997,-0.0008869234798113343,0.005309258955977537
757,15.880185576089126,15.943609601499691,-0.005625962862589025,-0.027747689770377216,0.028312289658809428,-0.004738413079471054,-0.0011277553535874556,0.0048707689997830456
758,17.555443410880073,15.958600455673372,-0.00634840582624396,-0.027679080773150476,0.028397777535949475,-0.00535202237635399,-0.001073517786522614,0.005458624731099787
759,59.1852315137357,15.855752077216454,-6.240954173969239,-0.8351870748573389,6.296590065391968,-6.2361918332445105,-0.7946314587457957,6.286614966438934
760,90.83133198462843,15.87351631369215,6.246093806605894,-0.834907306534102,6.301647249047232,6.241332255902743,-0.7943393742304807,6.291677309750151
761,12.57367494891309,12.406605489553758,-0.0036532376407274665,-0.025360073100549448,0.02562185498602394,-0.003060435555326358,-0.0015019837453054928,0.003409137861610714
762,13.699691846417569,13.69238204950418,-0.004316739134424635,-0.026518901286404748,0.026867943021242853,-0.0036232917467720477,-0.0014491474426092735,0.003902341783166543
763,137.42996644012908,12.406326132193449,0.0036542595297504765,-0.025361302341339903,0.025623217385012855,0.003061657899201737,-0.0015034786818395006,0.0034108939060736314
764,136.30509502883996,13.69256563678283,0.004317996028077397,-0.026520291546779543,0.026869517178853042,0.0036248159388810597,-0.0014503384147270884,0.0039041992915320374
765,97.52140205727679,18.664245929258914,5.95948261758923,1.7702310619739832,6.216844141694861,5.955495352356223,1.8061785255808436,6.2233596841421575
766,95.84462526834969,18.681089386949814,5.985411451522976,1.003728084571295,6.068988409263898,5.981309119527982,1.0418894241045606,6.071374832392539
767,96.69936065902012,17.34533531620873,6.284266555493797,1.3145727956979365,6.420288761082866,6.27957624030026,1.3506488755366215,6.423186914821326
768,84.03061224462854,18.639059740179498,5.092510115314385,-3.235063835749638,6.033183015287576,5.089966627018622,-3.1848616744533906,6.004257168839905
769,82.37988097610847,18.677473957186702,4.444503669863314,-3.3489155901113485,5.564966172504493,4.442401776273294,-3.2977261466201084,5.532624267012719
770,83.07715988770522,17.3165336973662,4.568431281775869,-2.741908596578089,5.328097890269766,4.565861480974788,-2.693314315012324,5.301040752805018
771,127.50250758319174,18.651626390551556,0.009363682651209768,-0.027700239733964755,0.02924007240264098,0.007955654214757548,-0.0002467920887086125,0.007959481158959968
772,125.82851574190471,18.683955841873,0.01032388299333676,-0.027483632760291934,0.029358689169693867,0.008792762141068014,-5.8478505595791624e-05,0.008792956602020488
773,126.66435665876429,17.335582232424557,0.009569980051210377,-0.027553604052537012,0.029168229539424374,0.008129855437660075,-0.000443889938811292,0.00814196461027859
774,137.57305540645604,18.67848818143289,0.00455488078944896,-0.028420978250046164,0.028783657580225767,0.0038309609618864867,-0.0008069694949937416,0.003915030224321224
775,135.8491957805019,18.67921611940183,0.005279854253059228,-0.028354321180485493,0.028841712683883317,0.004446141621152472,-0.0007597363974048595,0.0045105847413485145
776,136.7555845205029,17.35770430083472,0.004760703281078767,-0.028257297134658594,0.028655525419835855,0.004007275324338648,-0.000982604283573725,0.004125986755086697
777,15.81915863716479,18.66326294611095,-0.0060092785790836056,-0.02827323095561085,0.028904792296613115,-0.005066640672560736,-0.0007030182330141944,0.005115181555018073
778,17.494416471955738,18.67825380028463,-0.006787767666779917,-0.028171410584530807,0.028977614881497707,-0.00573217393680737,-0.0006238372123614951,0.0057660203701808636
779,29.210723254019285,18.68052935576408,-0.013643062123601779,-0.026533023715546635,0.02983512177951043,-0.011740554378048988,0.0008054469260753427,0.011768150315773907
780,30.135615125277823,17.368408669847547,-0.014047205813880605,-0.02640223979918999,0.029906558772139817,-0.012077813801683664,0.0006085788159992771,0.01209313666520905
781,30.9248918713876,18.687879314083467,-0.014990195793553644,-0.025961074236355013,0.02997804772553759,-0.01296403920873698,0.0013648610425403933,0.0130356878710375
782,85.69727891132536,18.639059740179498,5.484273415594354,-2.805915976832373,6.1603911698883325,5.481322013203955,-2.7568513527328213,6.1355619460241
783,86.42660296520117,17.274849025573346,5.7215133657436175,-2.28694116108962,6.161640615020386,5.718014267047026,-2.2405058514241984,6.141299017994435
784,87.39599072030123,18.635789285393848,5.77881423037204,-2.265088399656315,6.2068767804273355,5.775487189718231,-2.2173981446100943,6.186526231280336
785,22.493001244721633,18.653850832822986,-0.009353908397577855,-0.027702257380758686,0.02923885542048588,-0.007946159500887586,-0.0002483719273592734,0.007950040215486096
786,23.330403640514987,17.338177415070053,-0.009559783824507666,-0.02755597507677039,0.029167125830340385,-0.008119987594934467,-0.0004452778900311122,0.008132187340515476
787,24.170735729255753,18.684326582247067,-0.010314981133711713,-0.027485659577422092,0.029357457624848298,-0.008783908846877008,-6.043422306736129e-05,0.008784116741344113
788,70.88359424811186,18.663206799827236,-2.8311550263570058,-3.0776948370213595,4.181823082471863,-2.829959519759705,-3.0252610951062398,4.142568717238373
789,69.28924041062388,18.67901490821648,-3.7600374450692193,-3.3655843134034096,5.046289662608535,-3.7583935095627785,-3.313651081150661,5.010569354907141
790,70.17283465894215,17.342221708043716,-3.012109375287614,-2.4733087719713356,3.897442644889838,-3.0105419184710325,-2.423345427979257,3.864707712903941
791,35.86243749778147,18.665114177164742,-0.19930750115786297,0.1605174594385691,0.25590884080547943,-0.19694752184195755,0.1879287194173912,0.2722233089607664
792,36.67983543292154,17.367726976326658,-0.14136185938449156,0.10028162951292102,0.17331930217493813,-0.13884768465452538,0.12741974509595272,0.18845283487981837
793,37.48406460190147,18.702612799161912,-0.4416800087181185,0.35504614289108377,0.5666912684020049,-0.43922408815982433,0.3825651785776215,0.5824722443859077
794,64.30763052935552,18.64014089131784,-5.485914463909697,-2.8017037547391244,6.159935181043135,-5.482964619684177,-2.7526339765435925,6.135136088916907
795,62.60652815519691,18.636020338033813,-5.778213163544757,-2.2579146166874127,6.203702586327989,-5.774886752831735,-2.2102218533066487,6.18339693444192
796,63.58082535135671,17.276161229351654,-5.722342910426509,-2.2828607800774368,6.160897801921753,-5.718846034023621,-2.236417962234455,6.140583462723442
797,57.50769533246145,18.65193736416538,-5.999125683290185,-0.3297702054055772,6.0081825332029615,-5.995062895717056,-0.2873785757360977,6.001946814942255
798,55.83657829951023,18.676956473236828,-6.001902793169128,0.3325255438278053,6.011107250411471,-5.997775603791556,0.372868353327577,6.009354624445988
799,56.677606965373826,17.32889383740221,-6.3905401042694425,0.016579485856998043,6.3905616109718695,-6.385875235477804,0.05657221708089938,6.386125816082403
800,77.45955796687576,18.661529151528015,1.7888692874637766,-2.899266144058936,3.406728269427653,1.7881516421457995,-2.846472213545241,3.3615309544601644
801,75.83496981343538,18.702584937707336,0.6227513127600408,-2.7351162162533025,2.8051167380264475,0.6225081219420986,-2.682077078883384,2.753371355076446
802,76.62786111391972,17.36411408923535,1.1110155282782386,-1.881181663644953,2.184765423497307,1.1104826718089829,-1.8305343878541325,2.141034308343638
803,47.44009644389588,18.6770942256684,-4.466891178148703,4.03828464709803,6.021699069897994,-4.463731184086638,4.068784157007534,6.039859319562254
804,45.711860367257415,18.680787740545746,-3.7221775225208815,3.6351244896373505,5.202762301347323,-3.719209959451851,3.6645976540494547,5.22128324155572
805,46.48529014446294,17.357881966214148,-3.769000283672233,3.177304880689226,4.929566861619076,-3.765369871773993,3.206879693921709,4.945916259152665
806,107.55668934230826,18.65811664794729,2.2311891760171565,2.13203560082515,3.0860623685146056,2.2284445365809984,2.160317567128666,3.103697318274193
807,105.95609811024985,18.681899676529568,3.090381283321365,2.9752419433434127,4.289815974809747,3.0875430293920902,3.0040122814816628,4.307785016181791
808,106.84612078597507,17.340016324476856,1.9737215367274292,1.8080274888074028,2.6766658560277725,1.970564835319777,1.8361830971154864,2.6934539417505325
809,109.22335600895403,18.65811664794729,1.5283194860113756,1.3968988621436065,2.0705281650777363,1.525670002464207,1.4248211256738283,2.0875306456638114
810,110.07180650026058,17.360903425455604,0.7193700363615207,0.6305955314556174,0.9566315766827731,0.7165608294255731,0.6580600818565,0.9728835971482142
811,110.84845049118113,18.702786777508315,0.9042376692612583,0.833498663597373,1.2297828201473784,0.9016863314350223,0.8611851359240601,1.2468673059444981
812,120.78927674584543,18.6805293557683,0.013659887323479012,-0.026525320390707756,0.029835970631434786,0.01175737804993027,0.0008131502511974018,0.011785463586130352
813,119.07428988830938,18.688171349159006,0.01503409290508204,-0.025931248186547438,0.029974215285657736,0.01300787755409652,0.0013947287300369038,0.013082436573236593
814,119.86356663440569,17.368700704927306,0.014059345558291192,-0.026395502929018645,0.02990631659705478,0.012089885681696333,0.0006154068634652496,0.012105538459898682
815,100.90098775495734,18.679329393777483,4.9596673392140955,3.796281655412034,6.245802952614256,4.956239306542727,3.828183258803477,6.262531047963143
816,99.1880687239736,18.664245929258914,5.671352697763654,2.761146822747939,6.307786711613045,5.667589536663509,2.794963820973203,6.319287453237652
817,100.08905647893096,17.343575323036397,5.592040208214542,2.779378711474376,6.244666501270112,5.58775337218538,2.8116631614561793,6.255272774376737
818,95.7739272082686,15.963929446786372,6.282096715890227,0.8401499531211805,6.338027381727559,6.276937758162038,0.875921511377331,6.337758761102684
819,97.4507039971957,15.947085989095472,6.064106920516712,1.4233035850774942,6.228899247760645,6.059011839746143,1.4573098265334288,6.231803623726829
820,144.1469535080907,18.693113479071414,0.00204596970754165,-0.028566724753353707,0.028639897960328866,0.0017157343874495833,-0.0009024599253380575,0.001938602178147484
821,142.62226905940196,18.68482896367825,0.0025997103888787117,-0.028544881122452254,0.02866302029446609,0.002181125158063212,-0.0008896078930539925,0.0023555698160997555
822,143.43588923426515,17.377942442749667,0.00224436983253569,-0.028396375839946173,0.028484932100826133,0.001883989108929164,-0.001064625632235694,0.0021639876846638838
823,5.853046491855837,18.693113479075375,-0.002044602173655031,-0.02856626514023715,0.028639341858898278,-0.0017143669498385502,-0.000902000324014246,0.0019371780050425255
824,6.5645848592326566,17.377736944077622,-0.0022430193706168083,-0.02839567992539638,0.028484131974180312,-0.0018826139894296341,-0.001064002359595216,0.0021624838622335083
825,7.378205034090855,18.684623465002247,-0.0025980847440534626,-0.0285443362921452,0.02866233030820001,-0.0021794736091586913,-0.0008890983625731395,0.0023538481495945
826,128.33333333300732,20.0,0.009100952903460774,-0.02760884951679432,0.029070189462609374,0.007725494318456458,-5.3967919769786626e-05,0.007725682817775222
827,131.66666666637562,20.0,0.007342861528630387,-0.02795269844430801,0.028901054751462957,0.006205134482453574,-0.00033602373091928123,0.006214226089632988
828,15.000000000106581,20.0,-0.005748535296648241,-0.02818487131772317,0.02876512870218774,-0.004839265638387013,-0.0005165605788241025,0.004866757313701635
829,138.33333333314812,20.0,0.004316950724119283,-0.02833801870511315,0.028664950160183722,0.0036249167271441983,-0.0006298241203091665,0.0036792254213696965
830,28.333333333462395,20.0,-0.013414184523456989,-0.02630318711822232,0.029526225613944794,-0.011560905155344688,0.001127875527112892,0.011615792319748816
831,11.666666666749563,20.0,-0.004313661428069129,-0.028337674946654647,0.028664115131960204,-0.0036216276511131856,-0.000629480755995622,0.003675926123506351
832,21.66666666679573,20.0,-0.00909334594173502,-0.027610413515653912,0.029069294365730188,-0.007717887739149014,-5.553107632933971e-05,0.00771808751275502
833,48.33333333334518,20.0,-4.642401037231547,4.264621745616391,6.303878649186763,-4.6400462693320925,4.295894288881406,6.323348568819099
834,41.66666666672588,20.0,-2.5055943283944324,2.363502028804213,3.4444367868555776,-2.503199700068118,2.391711305417964,3.4621224280613214
835,35.00000000010658,20.0,-0.24821256440825074,0.22829672477288943,0.33723711490900354,-0.24596729860960234,0.25576503056781724,0.3548459705938082
836,108.33333333322881,20.0,2.496329553438665,2.354007128953785,3.4311821290244167,2.4939349242533675,2.3822164148298426,3.448864516546772
837,121.66666666639487,20.0,0.013435338119770433,-0.026289581333650093,0.02952372600284659,0.011582057521835911,0.0011414812825395401,0.011638171504042373
838,114.99999999981185,20.0,0.2470544942522668,0.22666683155585468,0.33528163632655683,0.24480922258956272,0.2541351340733334,0.3528685616987963
839,101.66666666664577,20.0,4.642663187350397,4.2639287575861475,6.3036029317326685,4.64030859647366,4.295201088236927,6.323070160839513
840,144.99999999992065,20.0,0.0017672399631481295,-0.028495852917428937,0.028550600178964557,0.0014796133411772892,-0.0007410059684948359,0.0016547946956449887
841,145.81362017478384,18.693113479071414,0.00145382829960769,-0.028584080214074468,0.02862102825562673,0.0012187447140212465,-0.000913577446139964,0.0015231422875261354
842,5.000000000035524,20.0,-0.0017661146485283665,-0.028495579744647642,0.028550257896126252,-0.0014784881434375195,-0.0007407328181066146,0.0016536663200614236
843,4.186379825177324,18.693113479075375,-0.0014528841157726276,-0.028583706556496783,0.02862060713475138,-0.0012178005959638549,-0.0009132038452474671,0.0015221627884377806
844,124.9999999996864,20.0,0.011048675260751149,-0.02709675581993943,0.02926273057974863,0.009431470649238887,0.00039182614557403683,0.009439606259575132
845,18.333333333457077,20.0,-0.007336701464615958,-0.02795325689342538,0.02890003043823192,-0.006198974227531644,-0.00033658151868305036,0.006208105072590229
846,31.666666666790412,20.0,-0.02932940902285603,-0.011112222603948174,0.03136392393865419,-0.027260310743953717,0.016296338583855454,0.031759962107920946
847,134.99999999976188,20.0,0.005753178276163303,-0.028184885382713205,0.02876607071384616,0.004843907317323093,-0.000516575394048778,0.004871374368343379
848,25.000000000129063,20.0,-0.01103916181371716,-0.027099952798374585,0.029262100663205327,-0.009421958096399771,0.00038862910919467905,0.009429969615795517
849,38.33333333341623,20.0,-1.0625668752688733,0.9960745906163179,1.4564384485758821,-1.0602068498232997,1.0237651824004563,1.4738160377427314
850,45.00000000003553,20.0,-3.9237158769780525,3.7838240506667113,5.450951360052068,-3.9213679855421306,3.81307692171432,5.469614473520515
851,104.99999999993727,20.0,3.916949138938492,3.7778130508835894,5.441907937888822,3.914601197691859,3.807065922345812,5.460572632431264
852,111.66666666652034,20.0,1.056829324002235,0.990457499685082,1.4484109495420991,1.054469296728188,1.0181480878843783,1.4657868285003297
853,118.33333333310335,20.0,0.029386843046331053,-0.011046784506068186,0.031394553542823375,0.02731774364903835,0.016361776063851807,0.03184284588472282
854,141.66666666653435,20.0,0.0030000927217625423,-0.028436821240394473,0.02859463863379502,0.002514573415363774,-0.0007001244987947138,0.0026102210203480442
855,8.333333333392545,20.0,-0.0029979987652377885,-0.028436434844355325,0.02859403474946537,-0.002512479581359928,-0.0006997380146672762,0.002608100254192898
856,49.292311505452496,12.401740516073628,-2.248530106394525,0.5273176102653935,2.3095349102056413,-2.2434353487736325,0.5548082089701669,2.311020188762477
857,50.398032453801214,13.689286991499937,-4.0344611064904505,1.107700237337337,4.183763405784479,-4.0292396856364885,1.1374643666156798,4.186716807909085
858,100.71700070107876,12.408023322501933,2.2355346546239017,0.5256912669125247,2.296511811450684,2.230441314889445,0.5531840908848956,2.298016774867822
859,99.61375515173123,13.694114587944199,4.021139707565222,1.1056789969837888,4.170382547456383,4.015920254964417,1.1354397116950206,4.173348635463797
860,22.38430489610335,15.938507845727461,-0.00866852483830863,-0.027330542637204063,0.02867231911995266,-0.00733538367867579,-0.000814454460952501,0.0073804599980183214
861,24.062039380637476,15.968983595151542,-0.009593238292523698,-0.027171595031393138,0.028815374324953187,-0.008132632671572266,-0.0006699105388245988,0.008160177344932702
862,125.93471803216481,15.96755022121971,0.009602275940397377,-0.027169463436228027,0.02881637462707733,0.008141458894318464,-0.0006685967781514951,0.008168866174667803
863,127.60870987345184,15.935220769898265,0.00867803741575295,-0.02732797099058715,0.02867274545368094,0.0073444738533042855,-0.000813768757746091,0.007389419176968777
864,52.19590344160551,13.445735809275353,-4.570626689025342,0.8151510567814682,4.6427469859774515,-4.565196867933622,0.8460117403277111,4.64292561945195
865,51.69341354781391,14.801271900732674,-5.454196495852501,1.3799142506942204,5.626048591563949,-5.448943672373065,1.4119488367678048,5.628906346915395
866,15.486178838827822,13.447684612445292,-0.004909864705551479,-0.026290602492133393,0.02674514069557666,-0.004120384203596202,-0.0014517278149763363,0.0043686473460352775
867,15.002233552223508,14.80539074783637,-0.005041797344938262,-0.027229448623624686,0.027692283994175036,-0.0042394986787397506,-0.0013051374297953326,0.004435846340630935
868,64.53813497996259,16.009671297520846,-5.108822264524434,-2.0937239364436997,5.521208640554881,-5.105332354916204,-2.0488043583082525,5.501092414491609
869,85.4738800826918,16.015212514432147,5.1152476196563565,-2.0988027031318905,5.529080483866531,5.111755115340252,-2.053880438963919,5.508944110876952
870,134.51579386262347,13.44660393418507,0.00491228266644517,-0.026290811311467266,0.02674578995674334,0.004122954698580288,-0.0014528795433320675,0.004371454496386537
871,134.99895194170813,14.80465671264947,0.005044784220487005,-0.02722993586719387,0.027693307046338215,0.004242577659413946,-0.0013061266348691931,0.004439080082908287
872,78.06122448960042,10.0,0.006321029981056698,-0.04932261867821643,0.04972601063123969,0.005196514465151259,-0.015885782304766803,0.01671412103644605
873,78.82653061205136,11.284170232980198,0.11760854761813705,-0.08438838126366976,0.14475209623749874,0.11616446263525362,-0.04759390620525122,0.12553629868373326
874,77.29591836714923,11.284170232980198,0.05306771860512645,-0.08158218980934526,0.09732336025868055,0.052196236829256955,-0.04460014604162926,0.06865580941239087
875,74.99999999980344,10.0,-1.735812348862898e-05,-0.04882009128826262,0.04882009437412782,-1.7359201891393358e-05,-0.015218930696385198,0.015218940596614008
876,75.76530612225088,11.325549087419343,0.0017798131826391918,-0.056727218720481094,0.05675513262011108,0.0014882584178138125,-0.01954251322894126,0.0195991003982718
877,74.23469387735602,11.325549087419343,-0.0019076324568299448,-0.05676286896790299,0.056794914869710604,-0.001616085450849261,-0.01957815195652856,0.019644738894100112
878,62.755102040688755,10.0,-0.020978991339431735,-0.0452796385824902,0.04990354444106036,-0.01692255703862624,-0.014288296202090142,0.022147874504886967
879,63.4207538902082,11.13580496025901,-1.3281345722705435,-0.15918109234824493,1.3376397355870677,-1.3241290478020982,-0.12512558845133093,1.3300278749404402
880,61.890141645314515,11.13580496025901,-1.620018286501653,-0.1566255074847367,1.6275720562219675,-1.6156184684488712,-0.1233019916224851,1.6203167643183687
881,117.8571428570555,10.0,0.009961424075204004,-0.021195995270190175,0.02342008080899761,0.007988887983109072,-0.00034621921240527223,0.007996386618323494
882,118.62244897950657,11.302964574112128,0.011291240197044718,-0.023113351880379912,0.02572390212105504,0.009318508051475084,-0.0006346372208020888,0.009340094041680382
883,117.09183673460444,11.302964574112128,0.012196863143425881,-0.022832133364733404,0.025885706181683222,0.010037476378715505,-0.00033310914179539644,0.010043002228099892
884,111.73469387744704,10.0,0.012361064670687046,-0.02046139908399003,0.023905329369561412,0.009493964111608445,0.000677257846532893,0.009518089763350602
885,112.49999999989807,11.307741458653155,0.015410448636583453,-0.022238143047329625,0.027055811452888854,0.012585059913240862,0.00047753222482001256,0.012594116485311849
886,110.96938775499595,11.307741458653155,0.017228623685311542,-0.021732740309656943,0.02773332788283919,0.01414313471752491,0.0011326663053842327,0.014188417550855034
887,99.48979591823007,10.0,0.017595726886982924,-0.026958666410708793,0.032192845467978945,0.01256296133846957,-0.0023519271084500755,0.012781218983936683
888,100.06759333863009,11.171522194007807,1.221480259255895,0.08869150340404151,1.2246959649349376,1.2163573351282913,0.11486536956966917,1.2217688897032757
889,98.53698109372797,11.171522194007807,1.5285552082550602,0.08665880090676864,1.5310097231756137,1.5232624679120366,0.11372228988417327,1.5275016547833813
890,105.61224489783855,10.0,0.01368679367825698,-0.02263628992025824,0.026452409012132715,0.009665849095542833,-0.0004335864519967765,0.009675569024567048
891,106.37755102028962,11.301763671097781,0.14503165244597233,0.045705562430970945,0.1520630745721679,0.14106231810035003,0.06942143862251014,0.15721931728723187
892,104.84693877538751,11.301763671097781,0.3134692217025798,0.04653012579736336,0.3169037796580211,0.3091865671513489,0.07071519196909946,0.3171702566163198
893,123.97959183666397,10.0,0.007480342291444754,-0.021878248117442278,0.0231217054190547,0.006136978795352852,-0.0010366469595596908,0.006223917227387819
894,124.91707322912922,11.177902578682744,0.00789132575645487,-0.023587843520448275,0.024872864413646487,0.006547165009242368,-0.0012323048547811383,0.00666212765663979
895,123.38646098422711,11.177902578682744,0.008612374253804539,-0.023474135818802522,0.025004160508347063,0.007136122355784353,-0.0011331576823185967,0.007225530334150074
896,114.79591836725126,10.0,0.01120876122173945,-0.020588920163087956,0.023442268695840422,0.008826096148786077,0.00034681744335217715,0.008832907537534273
897,115.56122448970231,11.285443167111472,0.013105029557580418,-0.02245596058867512,0.026000230107927635,0.010743080641417211,6.298159642879192e-05,0.010743265255474331
898,114.0306122448002,11.285443167111472,0.014087184545498099,-0.022078905131052227,0.026190204661379123,0.011503576520283856,0.0005075559308415634,0.011514768160104591
899,102.5510204080343,10.0,0.015629361325605655,-0.024465090161601744,0.029031320535959783,0.01103497334024386,-0.001238426761988657,0.011104248622248262
900,103.20042777048297,11.236501128494126,0.5757094097148184,0.1075473170227389,0.5856686348379723,0.5711034444390273,0.1322754085904681,0.5862217395899749
901,101.66981552558086,11.236501128494126,0.9079747408868412,0.1063459224948135,0.9141813744108984,0.9030899910909099,0.13177229202926416,0.9126529838636509
902,120.91836734685975,10.0,0.008725485474422496,-0.021601661850616218,0.023297336574654326,0.007095870454446391,-0.0007722629865136235,0.0071377704941125815
903,121.78811987261088,11.238964638435181,0.009461470122100761,-0.023406768149032947,0.025246706954650318,0.007831504643450267,-0.0010046050688975391,0.007895675799121801
904,120.25750762770878,11.238964638435181,0.010293215648581057,-0.023241752119945315,0.0254190741372139,0.008506808734183888,-0.0008440056120963824,0.008548575338220836
905,108.6734693876428,10.0,0.012390598233066102,-0.021337842713738234,0.024674489989653135,0.00896822175184512,0.00019371044101572366,0.008970313546650777
906,109.43877551009388,11.280876896617178,0.024546798171054526,-0.016462519931028288,0.02955604613154455,0.02118299411403664,0.0065797845357097075,0.02218136163926091
907,107.90816326519175,11.280876896617178,0.04652976354824266,-0.013701416167576017,0.04850513066524494,0.04286980764932851,0.009621465122822744,0.04393623787945572
908,81.12244897940465,10.0,0.013460247690084649,-0.049829631630245265,0.05161560283755648,0.01125326655479828,-0.016885520117515256,0.020291791389435137
909,81.88775510185556,11.302210656466553,0.5059084971310116,-0.143757378278321,0.5259368700507838,0.5033637062588705,-0.10757430101735274,0.514730270159079
910,80.35714285695346,11.302210656466553,0.29949412581037554,-0.14387242553142676,0.33225894453455573,0.2974901325072347,-0.10731301743131319,0.31625379467981946
911,50.51020408153095,10.0,-0.017605865698414117,-0.026963257075143295,0.03220223189611024,-0.0125731324648123,-0.0023565227549289212,0.0127920623619577
912,51.47066933700932,11.166875450021308,-1.5299109771678574,0.08622590520812368,1.5323389001091334,-1.5246181105985015,0.11328657367041925,1.5288211899823103
913,49.94005709211444,11.166875450021308,-1.222646616330115,0.08830758876377999,1.225831545791163,-1.2175231483566855,0.11447877987315166,1.222893293720111
914,56.632653061110446,10.0,-0.021090239293637347,-0.03505709369325609,0.04091207659946658,-0.015971725407775434,-0.007103570993611023,0.01748018115932015
915,57.39795918355787,11.325549087422488,-2.4616951004233747,-0.0375749170979865,2.4619818524602026,-2.456461697193112,-0.006426469482875726,2.4564701034791527
916,55.867346938663005,11.325549087422488,-2.455931260014865,-0.03493153189998936,2.4561796688839928,-2.4505609309570238,-0.004771744803194047,2.4505655767355874
917,47.4489795917412,10.0,-0.015637491137425227,-0.024473661894832306,0.029042920920865026,-0.011043123405700876,-0.001246942213540117,0.011113300114612529
918,48.33184624997413,11.23486506605232,-0.9089803656038076,0.1059429988409005,0.9151334460375901,-0.9040954475824879,0.13136793644061623,0.9135896852876815
919,46.80123400507925,11.23486506605232,-0.5772139691457963,0.1071643597563501,0.5870776491904905,-0.5726077950299931,0.13189101145320326,0.5876009920271235
920,38.26530612237195,10.0,-0.012368696980642982,-0.020462882743295302,0.023910546525849626,-0.009501602486887901,0.0006757596564161868,0.009525602392083877
921,39.03061224481939,11.325549087422488,-0.017286582959326894,-0.02174083776302864,0.027775708398671366,-0.01420040484449451,0.0011453027014668507,0.014246515925851149
922,37.49999999992451,11.325549087422488,-0.015429045541111219,-0.022247575169435554,0.027074158292168003,-0.012602875134789674,0.0004887592525931288,0.012612348998901641
923,32.142857142792465,10.0,-0.00996010181653601,-0.02119975384343279,0.023422920211150174,-0.007987564544804156,-0.00034997817717101476,0.007995228081919136
924,32.9081632652399,11.30296457410694,-0.012181182381721393,-0.022835239540655517,0.02588106197774498,-0.010021793665429386,-0.00033621600195469364,0.010027431848305476
925,31.37755102034503,11.30296457410694,-0.011279904951850292,-0.023117608061647435,0.025722753705906435,-0.00930717257502364,-0.0006388945452942621,0.009329075387265285
926,44.38775510195145,10.0,-0.01370108198026221,-0.02264082785026871,0.026463687066910557,-0.009680115000517974,-0.00043809104161408874,0.009690023229280496
927,45.1530612243989,11.301501647719618,-0.313380969042485,0.04637663647513444,0.3167939774818229,-0.3090983013838383,0.07056136584177174,0.31704994286047505
928,43.622448979504014,11.301501647719618,-0.14522669618635317,0.04556939121023715,0.15220828722666505,-0.14125737164409072,0.06928494881663652,0.15733419582633876
929,41.326530612161704,10.0,-0.0124023349416213,-0.021332585253115596,0.02467584052439968,-0.008979957993909863,0.00019897164711482965,0.008982162060926157
930,42.091836734609146,11.28318677095675,-0.04598735322971806,-0.013865937310122249,0.04803228991587951,-0.042327311116790015,0.009459695828576812,0.04337150114472324
931,40.56122448971427,11.28318677095675,-0.024403661499018514,-0.01659817065881936,0.02951335229651099,-0.021039783234579057,0.006446860147621896,0.02200532854381114
932,35.2040816325822,10.0,-0.011215232312809187,-0.020591263260825575,0.0234474211483247,-0.008832569525607292,0.00034447880278530227,0.008839284477278409
933,35.96938775502964,11.286063436333887,-0.014059948546637599,-0.022082363670015412,0.026178482354577266,-0.011476294138429249,0.000504827804871915,0.011487392143751224
934,34.438775510134775,11.286063436333887,-0.013085779156761379,-0.022457825215831555,0.025992143612337367,-0.010723792118156762,6.18384555267984e-05,0.010723970411560403
935,68.8775510202457,10.0,-0.013468180013098515,-0.04979047076131958,0.05157986866500385,-0.011261204187509827,-0.016846394165710182,0.02026365505379676
936,69.64285714268951,11.302492088964565,-0.2974405364354387,-0.14350683567343417,0.3302500334595041,-0.2954365473895962,-0.1069466891069176,0.31419794373040827
937,68.11224489780189,11.302492088964565,-0.5029973158735429,-0.1433335280492729,0.5230208409222719,-0.5004524755692059,-0.10714969595725826,0.5117946244804449
938,71.93877551002095,10.0,-0.0063143598711611435,-0.04934122653534194,0.049743620461265806,-0.0051898398667001265,-0.015904368776862327,0.016729715599268963
939,72.704081632465,11.28505010731834,-0.05086938937428037,-0.08124980196554547,0.09586044593445467,-0.049997883861092246,-0.04426542349490894,0.06677736224028998
940,71.1734693875774,11.28505010731834,-0.1145903665348059,-0.08409398534173426,0.14213637983724287,-0.11314624227074771,-0.04729718180501533,0.12263399017681603
941,29.081632653002725,10.0,-0.00872243843535747,-0.021604313999691815,0.02329865480356926,-0.0070928251548732476,-0.0007749155912972275,0.007135030683272374
942,29.74249237214503,11.238964638431927,-0.01028500511455295,-0.023244829658099014,0.025418564791121073,-0.008498599090817786,-0.000847084567719817,0.008540710671326945
943,28.21188012725016,11.238964638431927,-0.009454822378941864,-0.02340918180456101,0.02524645438425622,-0.007824858945102223,-0.0010070212009962616,0.007889392195220252
944,65.81632653047026,10.0,-0.018183525737551182,-0.04855141105763274,0.05184476949447658,-0.014981954795163425,-0.016426639860984103,0.02223271163413928
945,66.56502360742581,11.191481156721528,-0.7408196837469107,-0.17872199189207166,0.7620730635659172,-0.73775947878164,-0.14329161801814322,0.7515460972730912
946,65.03441136253798,11.191481156721528,-1.0596150086733236,-0.176858790746934,1.0742732419967629,-1.0560718129061546,-0.1419861433098078,1.0655739011945091
947,84.18367346920888,10.0,0.018195234003013205,-0.048555816049806834,0.051853001964081956,0.01499366051436592,-0.016431027542562524,0.02224384233275591
948,84.96558863714748,11.190353100177262,1.044543099360398,-0.1735023196518102,1.0588547309928709,1.041000002876252,-0.13863244841260636,1.0501904407017
949,83.43497639224537,11.190353100177262,0.734238183872459,-0.1752359610503185,0.754859823213261,0.7311780467985077,-0.13980842050286227,0.7444244290480975
950,26.020408163212984,10.0,-0.007476946479771863,-0.021879429853695266,0.023121725268330316,-0.006133579225737994,-0.0010378370001841025,0.006220763599218012
951,26.6135390156371,11.177902578675598,-0.008607036247320496,-0.023475617895201827,0.025003713894623917,-0.007130785584070534,-0.00113464097135417,0.007220492585680265
952,25.08292677074223,11.177902578675598,-0.007886657704829735,-0.023588730987148445,0.024872225460083133,-0.0065424933199711675,-0.0012331915691517273,0.006657700825967944
953,19.897959183633503,10.0,-0.0052249860500131196,-0.022091619532809147,0.022701104219954287,-0.004326392680718674,-0.0011974914591333305,0.004489059970915224
954,20.663265306080937,11.325549087422484,-0.006114813285074289,-0.02396822645057932,0.024735941880138123,-0.0050917416705242476,-0.0013877775784468943,0.005277476655239034
955,19.13265306118607,11.325549087422484,-0.005550520726156314,-0.024008095749857006,0.024641366477242955,-0.004626902981730385,-0.0014111994428072858,0.004837325197846959
956,130.10204081627245,10.0,0.005227861083652359,-0.02209184909225847,0.022701989512487405,0.00432926696653902,-0.0011977172255860126,0.004491890361532817
957,130.86734693872344,11.325549087428762,0.005554071224566237,-0.024008653258857326,0.024642709641425297,0.004630452539556142,-0.0014117568042031209,0.004840882976823106
958,129.3367346938213,11.325549087428762,0.0061185557272380115,-0.023968434935582025,0.024737069297888666,0.0050954803689680014,-0.001387990899079962,0.005281139926802459
959,13.775510204054024,10.0,-0.0033819162633599935,-0.022122151537960325,0.022379163216725936,-0.002815519256676365,-0.0011837510101650808,0.003054245428707765
960,14.74487979098539,11.167337957056551,-0.004017361353847442,-0.02385728540794418,0.024193165549044906,-0.0033539898858331828,-0.0014113682220046608,0.0036388471268185866
961,13.214267546090518,11.167337957056551,-0.0035513242177928933,-0.02386506173483052,0.02412784854285923,-0.0029670859995860996,-0.001408714317233311,0.0032845205672240745
962,10.714285714264285,10.0,-0.0025659969904170653,-0.02211424139407666,0.02226261469347936,-0.0021397203434923894,-0.0011611934796775976,0.0024344965486935806
963,11.604305361981725,11.239267532497205,-0.0030923630945466282,-0.02396519256578373,0.024163881398144828,-0.0025852414625694596,-0.0014123733772779187,0.002945890693259292
964,10.073693117086854,11.239267532497205,-0.0026523513682987893,-0.023965536038974982,0.02411186192346674,-0.002217910682619684,-0.0014052132511237353,0.002625595566192983
965,7.653061224474545,10.0,-0.0017989530646330858,-0.022099186351884886,0.022172286069417558,-0.0015017454977714398,-0.0011360601206307844,0.00188304862862445
966,8.418367346921979,11.325549087422486,-0.002209293796538374,-0.024080220531297047,0.02418135645317117,-0.0018486380477962532,-0.001409569563435159,0.002324725572174644
967,6.887755102027111,11.325549087422486,-0.0017951174915945426,-0.02407732117873812,0.02414414715728721,-0.001502723249309084,-0.0014017447057332669,0.0020550098257831506
968,139.28571428568517,10.0,0.0025671413492069075,-0.022116089954028827,0.022264582851728946,0.002140864413876293,-0.0011630427260680004,0.002436384374695744
969,139.92716123054504,11.239069703034232,0.0026533570845181107,-0.02396683255735936,0.02411326121972022,0.0022189616634502147,-0.001406745018138266,0.0026273032580801507
970,138.39654898564294,11.239069703034232,0.0030937061349515325,-0.02396669384999439,0.02416554223990837,0.0025866329168737685,-0.0014141084983217665,0.002947943807415728
971,136.2244897958809,10.0,0.0033839093434270013,-0.022124352603000254,0.022381640255942293,0.00281751243986717,-0.0011859488841359928,0.0030569349199140072
972,136.78851949526916,11.167256429159215,0.003552568642276017,-0.023866770325115826,0.02412972170809088,0.002968475504907521,-0.0014105047654755232,0.0032865438558864726
973,135.25790725036705,11.167256429159215,0.004019073450529164,-0.023858838843341224,0.024194981759721918,0.0033558518924237967,-0.0014130007315106066,0.0036411966427445097
974,142.34693877548938,10.0,0.001799723453611477,-0.022100281750714247,0.02217344037289731,0.001502515750591023,-0.0011371528261838008,0.001884322194018823
975,143.11224489794046,11.325549087428762,0.0017959791015514763,-0.024078361140090154,0.02414524831360848,0.0015035857459337598,-0.0014027846846128185,0.002056349913501947
976,141.58163265303833,11.325549087428762,0.0022103449781308965,-0.0240815000957684,0.02418272672352814,0.0018496883487887318,-0.0014108499059820936,0.0023263371305239635
977,93.36734693862161,10.0,0.021080254951033786,-0.035060599426029564,0.04090993499033076,0.015961785810015033,-0.007107084297663355,0.01747252853650239
978,94.13265306107266,11.325549087428762,2.431723702078976,-0.035063079088112035,2.4319764766065934,2.4263533850902435,-0.004903226308770901,2.426358339356971
979,92.60204081617054,11.325549087428762,2.4372549016483935,-0.03765329081219188,2.4375457382207433,2.432021506410405,-0.006504848935745006,2.4320302055489385
980,87.24489795901312,10.0,0.02097192374088704,-0.045248970526046615,0.04987274725800271,0.016915487646853217,-0.014257605278945255,0.022122681361468177
981,88.10985835438959,11.135804960259097,1.6039332306633907,-0.15561699205918203,1.611464692956023,1.5995334212014165,-0.12229346869704862,1.6042016263631778
982,86.57924610948747,11.135804960259097,1.3147906939796303,-0.15808308833159956,1.3242601073021472,1.3107851686220695,-0.12402757164364023,1.3166398888106823
983,4.591836734684805,10.0,-0.001065188368601341,-0.02209009211358539,0.022115758993244864,-0.0008896687333776142,-0.0011207434146657848,0.0014309354481130347
984,5.411206764198507,11.248568342229465,-0.0013935443939211232,-0.023974257442639656,0.02401472435619014,-0.0011665871526742935,-0.0013875699155977174,0.0018128088303670004
985,3.880594519303637,11.248568342229465,-0.000993419495888556,-0.023973753101274666,0.023994326830642447,-0.0008315640364799016,-0.0013842789392671286,0.0016148457909240972
986,145.40816326529364,10.0,0.0010657339260093874,-0.022090737376352258,0.022116429789457746,0.0008902149376330615,-0.00112138918181175,0.0014317808255000003
987,146.11940548067395,11.24856834222983,0.0009939502201803706,-0.02397443753660383,0.023995032657546336,0.0008320952693867335,-0.0013849635569774012,0.0016157062206636687
988,144.58879323577185,11.24856834222983,0.0013942463822110703,-0.023975098777686714,0.024015605017865854,0.001167290345374688,-0.00138841033278303,0.0018139046288555643
989,27.274398734779403,12.416867217107526,-0.009768099342634246,-0.024739872847793047,0.02659844118162828,-0.00816344492227722,-0.0010352098580822186,0.008228820841975133
990,26.204871928666904,13.701196093346352,-0.009895871178146099,-0.02585963669121293,0.027688428560970892,-0.008332509879117623,-0.0009479035048019051,0.00838625315263071
991,122.72560126507612,12.416867217117925,0.009774790138616261,-0.024737537886489327,0.026598727468423834,0.008170135281887182,-0.0010328736442319249,0.00823516475179985
992,123.79492283791949,13.70111198855583,0.009903000710402428,-0.025857676983936963,0.027689147369968876,0.008339624084133988,-0.0009460164255062284,0.00839310889611205
993,50.77599077668528,16.18504257655599,-5.697129694219106,2.066053882548381,6.060186911172486,-5.6922937219573475,2.0984793725709503,6.066780323544013
994,130.8592567576489,16.300887320641827,0.0071531339694517635,-0.027707478207786004,0.02861593392185307,0.0060406089553637484,-0.0009505973820080789,0.006114948236436784
995,8.859914367564294,16.17206222180579,-0.002968480161030422,-0.028002345628063603,0.028159247772977958,-0.002493615773155982,-0.0011979825776899898,0.002766456556785423
996,141.14164986642413,16.172292336166503,0.002969958810071071,-0.028003355206953354,0.028160407635194493,0.0024951784532239044,-0.0011988648496766355,0.002768247178490934
997,76.53061224470181,12.609719320399542,0.08611643234028683,-0.1484733659937792,0.1716402642987417,0.08552875460165134,-0.1080550885729985,0.13780809130899407
998,119.4922015052577,12.54192921254731,0.011832222473119651,-0.02446279010021991,0.02717406094312764,0.009897786217419675,-0.0006499283457023358,0.009919101716400041
999,113.2653061223491,12.593184625764625,0.018013925831968917,-0.02270511159378829,0.02898316091053659,0.015277811572997905,0.0013281706109387025,0.015335434901944908
1000,116.32653061215336,12.588407741223598,0.014292476037398857,-0.023856886844484337,0.027810536154309402,0.011982898505298403,3.722108084669787e-05,0.011982956312911354
1001,103.96573389293405,12.538264799591907,0.9661084981529633,0.4170779795369678,1.0522925787146906,0.9616290836907103,0.44304189524433574,1.0587807211795688
1002,107.14285714274071,12.582640567714959,0.22234026074615842,0.13704157429442712,0.2611811337630739,0.21851989216919218,0.16197518137990236,0.27200533571363567
1003,110.2040816325449,12.58861835527033,0.03583378372048588,-0.011478142434477591,0.037627221654976256,0.03259527787047666,0.012861708141777855,0.03504105700143562
1004,79.59183673450227,12.586380889446751,0.5203148813604994,-0.3603671391281444,0.6329234161639099,0.5185716425978057,-0.3204285429007656,0.6095826437917128
1005,73.46938775491246,12.610599194737683,-0.08206682096723551,-0.1444308334537529,0.16611811688017053,-0.08147914551889313,-0.10401033383811706,0.13212494351788961
1006,64.16945096716375,12.327286116980538,-2.537707576500157,-0.525773132886143,2.59160126776694,-2.533856787489434,-0.48859293808390203,2.5805335259693365
1007,46.035927882631825,12.536366713771939,-0.972563356423522,0.41993468819115565,1.059351039365134,-0.9680835493340687,0.44589727392203726,1.065837763162083
1008,82.66967026979417,12.492563756643815,1.4016676560818777,-0.5252682706241547,1.4968563639275998,1.3988253278059843,-0.486404076409784,1.4809798186537095
1009,33.67346938768734,12.589028010440828,-0.014274664117396118,-0.023861356012056776,0.02780522156715523,-0.011965070009954027,3.335797091534934e-05,0.011965116509977027
1010,39.79591836726683,12.608735858379237,-0.035811377826507715,-0.011522620076247967,0.037619483718605726,-0.032573145724975806,0.012836999139607612,0.03501140341846919
1011,42.85714285705659,12.584688418676368,-0.2234587777095837,0.13878458644803662,0.26304939986818765,-0.2196384677812154,0.1637202550270592,0.273944115533452
1012,36.734693877477085,12.611612523756374,-0.018055007630553427,-0.022698099119696998,0.02900322403090615,-0.015318768232231297,0.0013532036560132757,0.01537842060445306
1013,30.507798494592464,12.54192921253887,-0.011823037254740692,-0.024467893443374283,0.027174657670029707,-0.009888602318778306,-0.0006550331712034466,0.009910273673028639
1014,70.40816326513357,12.587542196282904,-0.5136237463218357,-0.36240154904489286,0.628604991656776,-0.5118805221050509,-0.3224601541010215,0.6049811731726814
1015,67.33032972986962,12.493973245686092,-1.4132729335960519,-0.5409026919813305,1.5132468757700577,-1.4104305908000954,-0.5020351763324248,1.497115149125088
1016,85.83054903252395,12.32615806043636,2.505334819490643,-0.5254114444470211,2.559835882182316,2.501484059692393,-0.48823378061406864,2.5486849011652737
1017,9.30838699463942,12.564816619919693,-0.0026624261771755133,-0.02554490069556297,0.02568327207921691,-0.002231323284845865,-0.0015048946642789093,0.00269137725933591
1018,140.69246735299612,12.564618790462994,0.002663586266303397,-0.02554603019323653,0.02568451577179902,0.0022325300559288158,-0.0015062220519945803,0.0026931199974268294
1019,6.176512886645941,12.574117429651952,-0.0017413181075354677,-0.02555968481165527,0.025618931992235586,-0.0014601047955590982,-0.001498258169430694,0.002092052474552321
1020,143.82348711332077,12.574117429658592,0.0017422421606913966,-0.025560655814709204,0.025619963571881166,0.0014610290293212065,-0.0014992288894147415,0.002093392721725913
1021,92.4936283471722,16.284231169054113,6.438809281237561,-0.29732387631634505,6.445670364483336,6.4339081905715085,-0.25775331431729664,6.439069138916331
1022,97.82002453028609,13.454362253844364,4.557104419702639,0.8146267441029902,4.629343087769707,4.551676184084037,0.8454860789302643,4.629535915663976
1023,98.31900116788933,14.805432453772948,5.445269596671979,1.3775704324924116,5.6168194983386766,5.440018681145977,1.4095984015152379,5.619677117483844
1024,94.16907846748808,16.31368835653127,6.433286158755306,0.3288351821752537,6.441684824443744,6.428254738946952,0.36671027828630803,6.438706035920165
1025,24.395999129696094,13.462559591580074,-0.008794486939734931,-0.025866096957141323,0.02732028499722146,-0.007391488147097749,-0.0011330710924463486,0.007477830375799124
1026,24.92481343519665,14.80795052757523,-0.009664013258470274,-0.02661836187521957,0.028318374621083605,-0.008169427480932958,-0.000839582212725766,0.008212456615297771
1027,125.60150681177235,13.461496958029453,0.008801497999756627,-0.02586414196844227,0.02732069191663082,0.007398342180716052,-0.0011320855369222373,0.007484456205087371
1028,125.0724872729995,14.806803789219794,0.009672434738571812,-0.026616143671320796,0.028319164848284648,0.008177667046764916,-0.0008381992959786283,0.008220511929772007
1029,14.093698583678872,16.18830703855858,-0.004937134189984172,-0.027900193522274228,0.02833365653406322,-0.004155282620671551,-0.0011313898605389942,0.0043065550819867005
1030,104.45780159374883,16.171832516979357,2.7849881591147017,2.2794806348201506,3.598915254757907,2.7811420577069326,2.308072402332944,3.6141318957057056
1031,135.90998900123674,16.204525327025443,0.00494189338011207,-0.0279069935444041,0.028341182030180174,0.004159899493912117,-0.0011299509642606342,0.004310632549995861
1032,55.853334021873565,16.304380072662788,-6.432370405492756,0.3247566086238247,6.440563320727769,-6.4273377143707435,0.3626441501563901,6.437560164706438
1033,19.138828718323225,16.322785278049295,-0.007151754962480773,-0.027714585876303998,0.028622471405145948,-0.00603876110824402,-0.0009470348772758104,0.006112569899904405
1034,57.524451054824794,16.279360963591344,-6.437314282579833,-0.29881546470493353,6.444245949267699,-6.432414038392842,-0.2592333106117687,6.437635611825514
1035,20.80408015775047,16.298382310587648,-0.007955561871260742,-0.02758402003040326,0.028708345924576464,-0.006726799486263948,-0.0008561422874603514,0.006781062670760296
1036,45.54569700741818,16.170011115227965,-2.79342007524933,2.287960473387123,3.610811383136455,-2.7895728336991295,2.3165529776604785,3.6260356165955985
1037,66.26284473289363,16.05006126915261,-4.369047752475539,-2.1905934837673278,4.887461311819812,-4.366076669029828,-2.144623126588618,4.864363661872469
1038,67.91112128086306,16.08893528605125,-3.669726134481771,-2.170664697865047,4.263645755999914,-3.6672827611435084,-2.1238533469103187,4.237890499925938
1039,129.18980965452278,16.29179383771734,0.007963146078620094,-0.02758102218251648,0.028707568341848615,0.006734131252350821,-0.0008564582751593372,0.006788375689439775
1040,99.24443461864084,16.186838323195307,5.6859990913871306,2.07152015425475,6.0515932957146825,5.681166603211484,2.1039272129815325,6.058231069459942
1041,25.870912179608283,16.20762009691782,-0.010740387681025417,-0.02701922808928693,0.029075670483750402,-0.00913164598204089,-0.0004280966689081331,0.009141675180143614
1042,124.12813405831194,16.207165251746083,0.010749648208128466,-0.027017013026239618,0.029077034399307658,0.009140839773224994,-0.00042612308589472583,0.009150766779024827
1043,82.1201791694447,16.111499402473406,3.6706523484997837,-2.1874841676798717,4.273028861053606,3.668201428005637,-2.1406425557904742,4.247122822345001
1044,83.77091043796477,16.073085185466198,4.3897392653667096,-2.206358230964471,4.91302630374059,4.386760956420144,-2.16036209690796,4.889870762967947
1045,15.510185913432828,12.108621853045733,-0.0045470273154008655,-0.02500379515988425,0.025413878684774835,-0.003804435224592665,-0.0014846771986711735,0.004083869949248571
1046,134.49260112791586,12.109157255183472,0.004549321411657356,-0.025005712975570766,0.02541617608380915,0.003806866028320717,-0.0014859918896032095,0.0040866123933582035
1047,52.23597545945675,12.109014806331317,-3.1409983897845466,0.38568154361901297,3.164588620613659,-3.1355705919998287,0.41469540585512343,3.1628745180692044
1048,118.94062762033603,16.171297063389755,0.014420859170066835,-0.026092885042801304,0.029812746083843815,0.012371159887090744,0.0004179960788677807,0.012378219487224805
1049,31.058417765983137,16.170956355800236,-0.014408333627638457,-0.026100182539212428,0.029813077776464917,-0.012358721597500523,0.00041053133863035163,0.012365538221384604
1050,42.258445804876544,16.118678837734898,-1.105511330513566,0.9162034356864814,1.4358217289961828,-1.102202451946226,0.9436147995257101,1.4509511139112228
1051,43.860328847853076,16.13974684418924,-1.7882844726054659,1.6050297867744674,2.4029319531345665,-1.7847267072790325,1.6329237091424909,2.419026510717633
1052,78.96404077823786,16.11817067646668,2.0554364321851497,-1.6643993305696747,2.644814560296203,2.0540463810984875,-1.6165213758230543,2.613856900099287
1053,80.55103045415038,16.134115482125367,2.84106653980292,-1.9725329241233507,3.458691258314097,2.839136703552261,-1.9250642331827132,3.430243362115427
1054,97.74384314266854,12.127504462262433,3.151773195058,0.38338475410326245,3.1750052193287703,3.1463430992206467,0.4124404405944624,3.173260470722682
1055,5.626921309355499,16.105288427110757,-0.0018483729845768526,-0.02800711476031517,0.0280680416111915,-0.0015515573831159776,-0.0012217305932725915,0.0019748306144173225
1056,7.152079851590516,16.09679841303763,-0.0023658281584205965,-0.027992145579490292,0.028091944699834392,-0.0019864722611358234,-0.0012175155167800378,0.002329896151733427
1057,142.84842303768363,16.097016393407003,0.0023672229783083107,-0.02799305723722557,0.02809297061749821,0.0019878917926875283,-0.0012183108337054174,0.0023315220494257447
1058,144.3731074863724,16.105300908800167,0.0018495493533591608,-0.028007833312545288,0.02806883609403555,0.0015527351235429473,-0.0012224424213727048,0.0019761963053946574
1059,61.137690816106094,12.068838712405524,-3.3190964582391733,-0.4228319906399629,3.3459211274930523,-3.3144576673536927,-0.3878345895276539,3.3370713653612154
1060,88.86358112052356,12.072452592640566,3.2974476857463753,-0.42196344327070046,3.3243366838650674,3.2928084433672846,-0.3869589791808997,3.3154674928702894
1061,115.62925170055584,16.075284408446525,0.02046916436414723,-0.02222385260216564,0.03021400857630876,0.018102111372344045,0.004274756243581299,0.018599999383838293
1062,117.23755519451151,16.09658936999189,0.015787122829933897,-0.025606198455735474,0.030081732772596893,0.013578233958261417,0.0008738578664107231,0.013606324448431009
1063,32.76162656516674,16.096297334922056,-0.015768577353625447,-0.025617309040699518,0.030081465294163688,-0.013559761945926108,0.0008625935253697217,0.013587170846802346
1064,34.365838858244445,16.07353219800333,-0.020317501908686204,-0.02233682850594931,0.030194946456545628,-0.01795087962365221,0.004160763586523002,0.01842677489105969
1065,24.298861290570393,12.13552431447611,-0.008078808752742233,-0.02472077026370359,0.026007376516946037,-0.006745046116180519,-0.0012741322578057601,0.0068643324598815225
1066,125.70063989762151,12.135311787774388,0.00808413532282904,-0.02471978905720287,0.026008099026080683,0.006750344367838844,-0.001273383193078171,0.006869399816638099
1067,106.14117902924878,16.14100231149067,1.7792551435048605,1.5972705947380654,2.391029531081412,1.7756979238038633,1.6251645959676149,2.407127558021787
1068,107.74177026130718,16.117219282908394,1.099603983226798,0.9125421126083425,1.4289373769385196,1.0962948600045594,0.9399527055110186,1.444082237502387
1069,84.51689936443128,14.81017821953935,4.093970756148783,-1.608006714753671,4.398440876821506,4.09061463483467,-1.5648495529362978,4.3797125720814725
1070,126.29377075005837,10.957409209091644,0.0071548118118725515,-0.02338320456077564,0.0244533348971953,0.005934094439821013,-0.001280636418805492,0.006070708892533526
1071,127.8243829949605,10.957409209091644,0.006536995767332906,-0.02344520821114346,0.02433947620073195,0.005429847392420193,-0.0013262000450220864,0.005589458763099425
1072,23.705730438146276,10.957621735800512,-0.007150684640336458,-0.023383925300963813,0.02445281687876878,-0.005929990489793104,-0.0012810905388855078,0.006066793236781571
1073,22.175118193251404,10.957621735800512,-0.006533178935215612,-0.0234456069453711,0.024338835470013323,-0.005426054956663623,-0.0013263282972829638,0.005585805147416744
1074,58.94142672169177,10.933033752146514,-1.7406615311932492,-0.09922986381690778,1.743487634613205,-1.73568606230126,-0.0679625464423767,1.7370161238704107
1075,60.47203896658665,10.933033752146514,-1.556505989637556,-0.10059350102263911,1.559753169006423,-1.551810411900975,-0.06847284782831273,1.55332034216191
1076,91.05984521495134,10.936647632381469,1.7264875564416169,-0.09772360219463343,1.7292510474114626,1.7215114330534242,-0.06644918017369461,1.722793402494742
1077,89.52923297004921,10.936647632381469,1.5480156893401567,-0.09902264204967165,1.5511795699021367,1.5433194518238584,-0.06689449783557262,1.544768527714935
1078,97.16604572226854,10.955982268254626,1.485474755204225,0.03926162455033613,1.485993513953336,1.4801168848999282,0.06680703837985397,1.4816238299052007
1079,95.6354334773664,10.955982268254626,1.7137997003135368,0.03737545743322649,1.7142072038155456,1.7084174900457025,0.06587793701305034,1.7096871710576627
1080,65.5190519873409,14.779450784037774,-4.073379171637498,-1.5999923289767863,4.37634474518573,-4.070031423445439,-1.5568785753449677,4.357640036327172
1081,52.80612244887327,10.942139356310008,-1.4675590485624805,0.041549350003748174,1.4681471007713591,-1.4622042070596464,0.06905380775580182,1.4638338606237065
1082,54.336734693768136,10.942139356310008,-1.7063820289013507,0.03960120628025449,1.706841493547758,-1.7010013239089345,0.06806072988372269,1.7023624076242558
1083,132.39795918362546,10.941900826024256,0.004867320005149093,-0.02352549737566546,0.024023734738898676,0.00405535643835129,-0.0013796655404732412,0.004283619129386572
1084,133.9285714285276,10.941900826024256,0.004369060814000727,-0.023541522119374297,0.023943515950950605,0.003643729693996905,-0.0013827984299860686,0.0038972936226164324
1085,17.6020408162912,10.94128389598918,-0.00486389433480115,-0.023523676107527522,0.02402125737158594,-0.004051962196563852,-0.0013786112344431993,0.004280066188520402
1086,16.071428571396332,10.94128389598918,-0.004365932924064172,-0.023539271069552153,0.023940732085366196,-0.003640629806336276,-0.0013813152310805585,0.0038938691753061306
1087,69.49332204329374,16.077580468039685,-2.833801588917271,-1.9544344506991547,3.4424185491351507,-2.831881393672037,-1.9070619161739741,3.414152512695798
1088,71.08767588078175,16.06177235965044,-2.048330968820572,-1.6810119722483787,2.6498039566488325,-2.0469549034699672,-1.6332340687615776,2.6186786553915393
1089,39.07004459683809,16.172490693600082,-0.26402273509305085,0.1608467529224512,0.3091596392993616,-0.2611474363366345,0.1877114183012369,0.32161088300282764
1090,40.695957319253026,16.129597628529577,-0.5993744461025757,0.5223944173410845,0.7950758793410228,-0.5962871447154999,0.5494796407613634,0.8108552488355739
1091,72.60826943204486,16.12705416438192,-1.2968170298629864,-1.305270402017864,1.8399633777134083,-1.295974324920393,-1.2570844947295827,1.8054946352017773
1092,74.22631166406944,16.166432302262024,-0.38084265028684394,-1.0431941632385078,1.1105382417964713,-0.3805700325077085,-0.9947810381362355,1.0650928896008671
1093,112.48528133841953,16.167464644676148,0.11400807979286864,0.06598809409503092,0.13172801835734022,0.11131280925995166,0.09269415184290125,0.1448542277298706
1094,114.10281724165483,16.131544254781478,0.03015287570449722,-0.015809254509042234,0.03404597540653713,0.027630905272582204,0.010775142679660139,0.029657555967231092
1095,109.30404726757533,16.125355197501612,0.5944113507706941,0.5179984332657568,0.7884460861662133,0.5913234167584601,0.5450815701804752,0.8042246585111102
1096,110.92914174980244,16.170025327062636,0.26249012552117484,0.15955885795374872,0.30718088343454364,0.25961443850065496,0.18642242679296692,0.3196137948984516
1097,7.922250817687136,14.899613704838924,-0.0025215123473711102,-0.027397825699382004,0.027513612586711728,-0.002117080620515719,-0.0013535332153628635,0.0025127838185673183
1098,142.07886811853137,14.899650802217003,0.002522734795692387,-0.027398850483290486,0.02751474511339519,0.0021183617740321383,-0.0013545268532655329,0.002514398457265279
1099,44.648971787446776,14.94818247832571,-1.6719545666891615,1.2423105417779043,2.0829708484002487,-1.6680087543340814,1.2698022787679588,2.0963422983137643
1100,75.77072705765835,16.151360797611467,0.38068375866572357,-1.0401485432632598,1.1076231832913865,0.3804119827963483,-0.9917654835102883,1.062220340107195
1101,77.39531521109873,16.110305011432143,1.2506605771433545,-1.2640916515220355,1.7782237155848124,1.2498160032824606,-1.21593980620581,1.7437171944947858
1102,35.893119079053086,16.1240815027558,-0.029871769140286563,-0.016122198672636496,0.033944776941534596,-0.027349818069013217,0.010458303434810804,0.029281199755862075
1103,37.51474618317309,16.161580124752973,-0.11410324286512959,0.06604032454577981,0.13183654462420757,-0.11140748909870793,0.09274350763356533,0.14495856937572169
1104,105.35345106908093,14.949035475410895,1.6619972254581146,1.2336728200648668,2.0698269020372866,1.6580520332687754,1.2611641844105537,2.0831878564034154
1105,81.24478100440993,14.890666970225368,2.5515652968116913,-1.4260133847012924,2.923012082978955,2.5492970718844705,-1.381294756891138,2.8994638756386815
1106,68.82596250270262,14.808485937657974,-2.5289749825895536,-1.3917664565472847,2.8866465547645452,-2.5267258736653675,-1.3471971949787958,2.8634391774243695
1107,118.02960303797792,14.891543735063632,0.014644350725026968,-0.025525362034383582,0.0294278968861852,0.012505493031573023,0.0002429882100550458,0.012507853502218004
1108,31.97026058850374,14.891495062555357,-0.014636616291275963,-0.025532978306686886,0.02943065608626128,-0.012497776164391306,0.00023533869790318823,0.012499991734315598
1109,114.0347900308013,13.750121034279307,0.018331708339561974,-0.02322385957439835,0.029587145590241382,0.01571174168105565,0.0018018433476973406,0.01581472308015106
1110,112.50417778589917,13.772419325820987,0.022716676585756317,-0.020468314912551373,0.030577758427674556,0.019881101004938617,0.004678721884756664,0.020424216402189638
1111,37.49666797583829,13.784516413013547,-0.022568300419924747,-0.020488673462080543,0.030481370114870805,-0.019732995497349463,0.004668266460840863,0.02027766808703175
1112,35.966055730943424,13.745030761924946,-0.01829423578206416,-0.02325686264581387,0.029589875345732857,-0.015674099060511405,0.0017647194098628638,0.01577312955485598
1113,148.33333333330688,20.0,0.0005838009532238293,-0.028523895338100645,0.028529869064051184,0.0004885473057649949,-0.0007602440169205173,0.0009036865802000598
1114,147.1654676585633,18.733964885299216,0.0009812892783202963,-0.028595096045054468,0.028611928394878177,0.0008224311026728396,-0.0009147466701550297,0.001230103405898617
1115,1.6666666666785055,20.0,-0.0005834515739212943,-0.02852373958738515,0.028529706198768927,-0.00048819796084935993,-0.0007600883413960147,0.0009033667780606158
1116,2.8345333012703677,18.73396446924369,-0.0009806643272945493,-0.028594787525216128,0.02861159862949087,-0.0008218061412609154,-0.0009144382924850154,0.0012294562719255477
1117,74.2246751837315,13.789396451974028,-0.1540600679115492,-0.2360156061123754,0.2818472473761329,-0.15376498635676922,-0.19273573791782128,0.24655777355424127
1118,72.69406293884052,13.748897471873025,-0.3945651304383167,-0.31206783512144565,0.5030586207145163,-0.39368937336847143,-0.2689982542497664,0.4768137828258341
1119,77.29970282221876,13.73294609288433,0.40510998932155734,-0.3158456269782428,0.5136852767302091,0.404236313789153,-0.2728123138745676,0.48768181838924257
1120,75.76909057732041,13.774324947323475,0.16429461021873243,-0.2390095052957728,0.2900314854781378,0.16400183313261874,-0.1957643372516546,0.25538260906028604
1121,40.582578634398175,13.75306466539492,-0.1318182101491784,0.040583029793087415,0.13792397483439775,-0.12848725514982534,0.06609539093353924,0.1444907451658884
1122,39.05196638950329,13.795426981860658,-0.0569088465758749,0.011055262792630407,0.0579727147372847,-0.05383549323387598,0.0363789478143099,0.06497451943501382
1123,108.59910551084904,14.926341184515422,0.44341513642787755,0.36119866204780565,0.5719103572051115,0.4400558807727033,0.38773059917126573,0.5865016587669198
1124,110.94803819728209,13.774980008207475,0.056415005283687675,0.010740948370721455,0.0574283970963931,0.053340653605885614,0.036048023566657664,0.064379230580719
1125,109.41742595238003,13.748115446171498,0.13101876930214096,0.04044217892014078,0.13711851714942191,0.12768750496490344,0.0659504746472406,0.14371347894459507
1126,41.401115142258156,14.928836998081662,-0.4476877718513104,0.36402139096119995,0.5770059914268809,-0.44432879292284383,0.3905550119015491,0.5915752644775563
1127,111.7175221057343,14.931916416722153,0.07005368943012208,0.025739121078939838,0.07463257838697737,0.06716560256188721,0.05180897209311236,0.08482563148510175
1128,38.28332824296963,14.92884522002923,-0.07029691451176628,0.025782928148213164,0.07487600132065347,-0.06740848609032495,0.051850841794494784,0.08504359935813664
1129,74.99376576124845,14.912623224458816,0.008659973809926752,-0.5379731435876848,0.538042840643758,0.008662287931068635,-0.4921579304706535,0.49223415541524274
1130,148.46938775509787,10.0,0.0003532760133730049,-0.022082003647898946,0.022084829386876573,0.00029521039572353273,-0.0011097114566608474,0.0011483068817992794
1131,147.36267914153228,11.245055857930897,0.000670572724732192,-0.023968684747663328,0.023978063231045652,0.000560939959409748,-0.0013819130230295976,0.0014914212152445099
1132,1.5306122448949677,10.0,-0.0003530656460964177,-0.022081486218261715,0.022084308659266097,-0.0002950001233688216,-0.0011091940573761498,0.0011477528173375073
1133,2.6373218183120923,11.245055441874507,-0.0006701985698546625,-0.02396808360992493,0.023977451867439697,-0.0005605657015401534,-0.001381311977793346,0.001490723544369837
1134,115.56122448970233,13.693861187944353,0.015991572168410118,-0.024254884814581067,0.029052191273397338,0.013570711101125206,0.0006607498012481394,0.013586787335130125
1135,114.80009615325241,14.873095888000716,0.019481496342719486,-0.023157635829334073,0.030262266883950544,0.016984831636733227,0.0026654863539541176,0.017192711340311903
1136,78.10690672197649,14.905417384842796,1.099763786092966,-0.8915529341139038,1.415749631654074,1.0986171101401785,-0.8460123197559618,1.3866132841825873
1137,35.20074960849599,14.867385346429646,-0.019347645319386427,-0.023237148023824653,0.03023733499642311,-0.016850713980242567,0.002582204676050824,0.017047414543940705
1138,34.43877551013478,13.694481457172476,-0.015992906411671906,-0.024254192892631907,0.029052348069742873,-0.01357205386398635,0.000661948960441007,0.013588186873647849
1139,71.92875681639644,14.86241292437789,-1.0833121420728895,-0.8948290611442818,1.4050922552739764,-1.0821770127735661,-0.8493751729763117,1.3756981033075748
1140,32.90816326523991,13.71138259494553,-0.01463692542195177,-0.0248256645089544,0.028819319980161504,-0.012401433184412709,6.94933899932429e-05,0.012401627891478823
1141,117.09183673460447,13.71138259494501,0.014642727099250562,-0.02481741884113614,0.028815165014962275,0.012407230274964732,7.77409538602579e-05,0.012407473826364033
1142,71.1734693875774,13.683615667141545,-0.8472578051258098,-0.5910262324553884,1.0330332984938169,-0.8458109259482536,-0.548337244330588,1.008002904744577
1143,78.86842838935789,13.740811757918864,0.8842970394699837,-0.6061524996868374,1.0721017241344122,0.8828357657995636,-0.5633399800896493,1.0472587657987438
1144,80.39904063425999,13.758852181405217,1.4472370898689284,-0.7784021795021555,1.6432909503024686,1.4452150359767486,-0.7359000181472344,1.621787697857637
1145,69.64285714268951,13.70105764878777,-1.4232354047519085,-0.7641483951888123,1.6154014322170716,-1.4212268186965706,-0.7217662736080994,1.593998815526692
1146,42.14506712002169,13.742145874600242,-0.35927587412404555,0.26746464010388815,0.44790231907582195,-0.35566060488709267,0.29328469106057264,0.4609884769483378
1147,107.85514894611185,13.739979531578282,0.3565567297026635,0.26535185277461004,0.44445956764049593,0.35294132572486747,0.2911700587553534,0.45754516992317046
1148,106.32453670120972,13.760866306058883,0.7370585935080016,0.4467132790620636,0.861863170088138,0.7331469985158413,0.47296732368543337,0.872469260608618
1149,43.67567936491657,13.76046075136311,-0.7397107494897859,0.44878279562951234,0.8652040167288763,-0.7357990715514082,0.4750365675680198,0.8758196242507473
1150,127.04081632646819,10.0,0.006297804935564985,-0.02202397317173315,0.02290671825634672,0.005194839028402491,-0.0011572034063656172,0.00532216800324059
1151,22.95918367342324,10.0,-0.006294752193217885,-0.022024245625203404,0.022906141109608855,-0.005191786533064849,-0.0011574737028826713,0.005319247388285155
1152,59.6938775509002,10.0,-0.021715400270485952,-0.04059529447373612,0.0460384246289637,-0.0170013648750139,-0.011018014511180122,0.02025939415140374
1153,90.30612244881736,10.0,0.021698387986585094,-0.04056737635766913,0.04600578295998399,0.016984347549282245,-0.010990084022566578,0.02022992853417636
1154,6.933738763093952,13.737724035457868,-0.0020844902551694386,-0.02661932656739384,0.026700817338153823,-0.0017488750155712424,-0.0014692595326236471,0.0022841382169857347
1155,5.457190425265349,13.660743290264847,-0.0016260912611060522,-0.02656124057323264,0.026610969046214482,-0.0013645113529641684,-0.0014725798606201324,0.0020075813005385646
1156,144.54283837047151,13.660755771958584,0.0016270077143103448,-0.026562121268814083,0.02661190411078491,0.0013654292099076263,-0.0014734494854373482,0.0020088430285625978
1157,143.06629003264013,13.737736517157511,0.0020856899225755988,-0.026620349599121317,0.026701930927042934,0.001750075982992533,-0.001470271570932876,0.002285708738781192
1158,118.79490916042897,13.786090288342876,0.013271195432147366,-0.025218148092911806,0.028497010745590152,0.011224662439526219,-0.00027544644467925386,0.011228041575679934
1159,31.2049544660563,13.786041615823713,-0.013263013067862985,-0.02522509027854288,0.028499345522291258,-0.01121649791144666,-0.000282430219264513,0.011220053129385845
1160,68.06065638025882,13.712412466799334,-2.128285543972457,-0.9869459979798969,2.3459884397862387,-2.1257146816680175,-0.945020021085608,2.3263116188747377
1161,66.51343508988273,13.601401534556297,-2.751126743243842,-1.0783284370338362,2.954909571460234,-2.7480257251734135,-1.0372392400346218,2.937262437590905
1162,96.42857142842584,10.0,0.01933197021637495,-0.030475021273439585,0.03608949977574368,0.014105848196276975,-0.004234439461356831,0.01472770962805508
1163,83.51541063994411,13.624378545463966,2.73862636716854,-1.0647485776313896,2.9383267198388308,2.735516672097082,-1.023620854051153,2.9207620779805925
1164,81.96818934955431,13.736236101753255,2.113357251120694,-0.9833026246734318,2.330914610738471,2.110777246251424,-0.9413334114081768,2.3111661936620003
1165,104.64115926570977,13.791696511547572,1.4060723532572237,0.8983361513379484,1.6685464642601309,1.4018169770664595,0.9252304547271475,1.6796256224368424
1166,53.5714285713207,10.0,-0.01933660167688448,-0.03048339640087287,0.036099052903687666,-0.014110506530604808,-0.004242722138643375,0.01473455413970764
1167,133.16326530607665,10.0,0.0042640933672118365,-0.022119301855994818,0.0225265622508388,0.0035421010856667313,-0.0012005946595490848,0.003740041127797824
1168,16.836734693843766,10.0,-0.00426135620547869,-0.02211804435606222,0.022524809496346637,-0.0035393651352922818,-0.0011993396425562346,0.003737047114919675
1169,45.36104752448167,13.790725022401837,-1.4152537552706104,0.9030512367053084,1.678822422986586,-1.4109978222891715,0.9299456199367544,1.6898857093141946
1170,8.641573279067728,13.812987844226027,-0.0026339263772041225,-0.02666719235933228,0.02679695349270438,-0.002210457826954112,-0.0014605541692903415,0.002649404137947643
1171,141.3595168613806,13.813012459917012,0.0026351539159154857,-0.026668369410682055,0.026798245524384,0.0022117409734493908,-0.001461705076815839,0.002651109176405992
1172,3.4566918478257938,12.493623784103974,-0.0009570336596748817,-0.025476624030781297,0.025494593258797712,-0.0008018543465035672,-0.0014917662486429659,0.0016936165249539135
1173,146.5433091120105,12.493624200160728,0.0009575571383800201,-0.02547732090727579,0.025495309299664804,0.0008023781562947036,-0.0014924627024334065,0.0016944779797488413
1174,64.7887253369517,13.561011562924532,-3.469248873333329,-1.0366479255636414,3.6208185078376927,-3.4655965489053853,-0.9964395896079413,3.606002120842826
1175,85.21838028467114,13.566505874429911,3.4351350174862763,-1.0366207325119015,3.5881381148771228,3.431480750538712,-0.9964041585800577,3.5732172322087212
1176,3.6875797930906815,17.427077948319067,-0.0012471369102251125,-0.02843055030508217,0.028457890665378797,-0.0010461853800817161,-0.0010718792926691957,0.0014978080876900553
1177,146.31242116673337,17.42707836437063,0.0012479409919965948,-0.028431021736574493,0.028458396892746377,0.001046989480362036,-0.001072350503703176,0.0014987069676161587
1178,4.002935622190655,13.725277209372539,-0.0011876285946936717,-0.026614549009780362,0.02664103377635588,-0.0009960718923752985,-0.0014666881104450254,0.0017729447899189944
1179,2.7596629211991113,13.721764309017582,-0.0008172955937123981,-0.026613365841605216,0.026625912444583396,-0.0006856261147155785,-0.0014663737779184519,0.0016187449538907644
1180,145.99706917707428,13.72527928965448,0.001188305039117058,-0.026615290284712937,0.0266418044772783,0.0009967487344013227,-0.0014674274616112044,0.0017739366940850345
1181,147.24034283793264,13.721766805355546,0.0008177609253884441,-0.026614020781745382,0.02662658136340952,0.0006860918351597158,-0.0014670265119085153,0.0016195335108960518
1182,148.3470514514982,14.976710947424648,0.0005180938729402358,-0.0274713483420177,0.02747623338432065,0.00043503181631469374,-0.0013564761365537706,0.001424528058778031
1183,147.17918577675462,16.210675832723865,0.0009228537776411168,-0.028064959461226186,0.028080128358951205,0.000774614626970683,-0.001217794067811466,0.0014432775935050498
1184,1.6529533477819869,14.976708867143072,-0.0005177871711511418,-0.027470792277057305,0.02747567163662865,-0.00043472484126925635,-0.0013559215660774934,0.0014239062402316462
1185,2.820819982373849,16.210673336386765,-0.0009222797692997266,-0.028064430984041162,0.028079581307969483,-0.0007740403175616985,-0.0012172669561670013,0.0014425246118479544
1186,4.7601614986386664,14.888883815178456,-0.0014924668343384412,-0.0274076531866866,0.02744825878727633,-0.0012526126816928235,-0.001358858485301307,0.001848116585449373
1187,145.23987209639364,14.888898377153401,0.0014933582942839108,-0.0274084060408025,0.02744905901288067,0.0012535057761980056,-0.001359601020898403,0.001849267873237878
1188,4.172666506280806,16.16982234621845,-0.0013663418584314738,-0.02804164766273722,0.028074915738345464,-0.0011467218359153767,-0.0012183105894817102,0.0016730964292019765
1189,145.82733829297516,16.169824426496064,0.0013672027150831649,-0.028042256702807966,0.028075565964915276,0.001147582928794276,-0.0012189184592991814,0.001674129262894696
1190,0.0,2.5000000000000018,0.0,-0.007568916234382769,0.007568916234382769,0.0,-0.0009889160494558555,0.0009889160494558555
1191,1.1022220936525247,1.2534325628157597,-3.711006712102415e-05,-0.003997478473301159,0.003997650722810573,-3.118359050265866e-05,-0.0005868527186989451,0.0005876806358567387
1192,1.1022220936525247,3.753432562815761,-0.00011782894482674004,-0.010743855582167635,0.010744501683685178,-0.00010047554856271794,-0.0012007366157398402,0.0012049330920168738
1193,150.0,7.500000000000002,0.0,-0.018279474744174497,0.018279474744174497,0.0,-0.0012148191988833254,0.0012148191988833254
1194,148.8975829888762,8.745925690470767,0.00023074004041766588,-0.02029401636306336,0.020295328061170514,0.00019321331080747976,-0.0011709078798343119,0.0011867420303213632
1195,148.8975829888762,6.245925690470768,0.0001755698547025444,-0.016012505521063206,0.016013468014017446,0.00014758630345064233,-0.0012429489023515414,0.001251680346902965
1196,0.0,7.500000000000002,0.0,-0.01827895519487046,0.01827895519487046,0.0,-0.0012143006553602016,0.0012143006553602016
1197,1.0981238907924238,6.249010805242262,-0.0001746975253746037,-0.016017859878078487,0.01601881251214111,-0.0001468107154030016,-0.0012423829510546554,0.0012510270913247304
1198,1.0981238907924238,8.74901080524226,-0.0002297580485487521,-0.020298194310419237,0.02029949460022118,-0.00019236701216908308,-0.0011702615507239618,0.001185966763646314
1199,150.0,2.5000000000000018,0.0,-0.00756932456744105,0.00756932456744105,0.0,-0.0009893243506600181,0.0009893243506600181
1200,148.8975829888762,3.753554469087839,0.00011732492738075062,-0.010745341652359436,0.01074598214983235,9.99681394078908e-05,-0.0012019452373491918,0.0012060953455192008
1201,148.8975829888762,1.253554469087837,3.6716822058019284e-05,-0.00399743126916657,0.003997599889525301,3.078869600537214e-05,-0.0005864846596693373,0.0005872922609988741
1202,9.974417180336722,8.752716977123072,-0.002145799153077989,-0.020341910714336862,0.0204547741497041,-0.001790843604178039,-0.0012212795129582024,0.0021676356851179613
1203,8.427906140814805,8.751432550537485,-0.0017963990277596082,-0.020329830795368157,0.02040904381971961,-0.0015004415212765871,-0.0012071781951996756,0.0019257735987743589
1204,9.218649851782114,7.504149527660557,-0.0017457020128345963,-0.018324556278908218,0.018407521243678882,-0.0014591629986227378,-0.0012609821415174235,0.0019285312073636682
1205,9.974986375178403,6.266149282032184,-0.001635149990519452,-0.016095906840264795,0.01617874941093961,-0.0013683160836239442,-0.0012942310266295196,0.001883433793631852
1206,8.428475335656486,6.264864855446598,-0.0013706385343187995,-0.016081050019033743,0.016139356235811413,-0.0011485848690805328,-0.0012797764772568207,0.0017196147921033427
1207,19.26012560120627,6.263426779872446,-0.003404015859246634,-0.01615960497709396,0.016514241035715884,-0.002803623146813117,-0.0013848654823381476,0.0031270041818836692
1208,20.025021929181513,4.978254879879748,-0.002932344143734459,-0.013603133910559635,0.013915598958216324,-0.0024109622761637004,-0.0013980762780403094,0.002786997735252667
1209,20.778917050279066,6.198364424089361,-0.0037007967667297037,-0.01603671768322297,0.01645819585373905,-0.0030349399952809336,-0.00139061958395581,0.0033383654087348292
1210,19.22258584617161,3.783444464041128,-0.0022050174337639784,-0.010932432420136577,0.011152586269742833,-0.001822872584524609,-0.0013278527808263975,0.0022552289167532026
1211,20.741377295244412,3.718382108258043,-0.0023727136433772736,-0.010786634154162696,0.011044512049394389,-0.0019499991663536216,-0.0013300012575947519,0.0023603813450337723
1212,81.92557945431076,6.178440712488026,0.008804267737172146,-0.030162559307576404,0.031421252590736644,0.006862673248773453,-0.008591633791369749,0.010996019976538662
1213,80.38658476898253,6.19635731948369,0.006682937026487757,-0.030013897991371073,0.03074891412613508,0.005148550749425269,-0.008193055878423512,0.009676452833883787
1214,81.14873321528725,4.951869163297172,0.005983177115280433,-0.023922699502473593,0.02465956122639788,0.0044893703639595365,-0.006222834532176383,0.0076732076656144945
1215,55.82952258620858,3.821559287505303,-0.014525588396288924,-0.016687329180760848,0.02212373552195641,-0.011702866978926883,-0.004582984053098224,0.012568247226937012
1216,57.36851727152939,3.803642680510597,-0.013994873968940075,-0.01717494205774219,0.02215479930158064,-0.011248717566754012,-0.00485136044722867,0.0122502793880603
1217,56.60636882522765,5.048130836697012,-0.017419836469266474,-0.021628496910071966,0.02777125458464163,-0.013968820075736105,-0.0058648086109987785,0.015150046678209723
1218,101.74788993312488,3.821559287510842,0.01287619443372357,-0.013451065404556243,0.018620621461506157,0.010281806425692205,-0.002621409821265774,0.010610717828046987
1219,103.28667718593076,3.800208826130625,0.011923380424189623,-0.012726492551397703,0.01743934096807358,0.009476150769895669,-0.0021587761209733436,0.00971893758361885
1220,102.52452873962545,5.044696982316365,0.013810156875662227,-0.01597843074320523,0.021119438485570744,0.01068456608934266,-0.002308123788411602,0.010931028677126533
1221,133.92117189558525,1.2427518453071147,0.0006432057273407294,-0.004011521488801818,0.004062759931721622,0.000542327547977521,-0.0006280059948209926,0.0008297654480794045
1222,135.44523839980758,1.2379168566303722,0.000573350213578221,-0.003988142090152188,0.004029144797429556,0.0004852769331897854,-0.0006176359216213847,0.0007854729998944463
1223,134.67253274441404,2.480668701937487,0.0011625748674736836,-0.00758374771182653,0.007672340560683916,0.0009762196837257871,-0.001051917224848326,0.0014351079119098603
1224,86.48708623531142,1.2429232042041725,0.0028033462147783778,-0.005854556034931566,0.006491115186627478,0.0020065234836311612,-0.0013382138131799838,0.0024118359604560677
1225,85.73585187422461,2.4811656616624234,0.005317477125416134,-0.011774116491394305,0.012919186589419906,0.003908062008192484,-0.0028680261570163366,0.004847527482872827
1226,84.96305135302418,1.238242457458251,0.0023878066906434306,-0.0058601210378836305,0.006327925360695072,0.0016799717074473355,-0.001304343621239882,0.00212687969102455
1227,97.18638315212749,8.757076795795806,0.019036146073286474,-0.02749587554520527,0.03344245848200932,0.014112765550511858,-0.004098253612112506,0.014695776065009545
1228,97.9376175132137,7.51883433833715,0.018376180349108512,-0.024419109149262378,0.03056103558236454,0.013860405353966094,-0.003946169249558769,0.014411213978094113
1229,98.71041803441415,8.761757542541345,0.018069641689577736,-0.025879289021214783,0.031563421092037754,0.013232732602468208,-0.0031643964148106545,0.013605830250245353
1230,51.268015805229595,8.757076795795214,-0.01805262552525975,-0.02583510785554411,0.03151745684954382,-0.013218643374059142,-0.00313885095314817,0.013586203220791187
1231,52.01925016631346,7.518834338335696,-0.018348710161110872,-0.024367912188425055,0.030503611409130684,-0.013835182327153599,-0.0039111505018078994,0.014377390871551607
1232,52.79205068750969,8.761757542540481,-0.019025266744204766,-0.027475007943334375,0.033419108847700156,-0.014101390681912334,-0.00407784537859221,0.014679170347660314
1233,19.190683830521227,8.74176816204103,-0.004483229765540502,-0.02035096707753827,0.02083893495651049,-0.0037052027185386065,-0.0012911086481346735,0.003923708542533966
1234,17.634512026783266,8.762207098174713,-0.0040553356746846295,-0.020385704433339136,0.0207851555846434,-0.0033595623848758282,-0.0012844034070518158,0.0035967139905640085
1235,18.45784891856586,7.503975260215743,-0.00376925735121058,-0.01838070370733923,0.018763197215737226,-0.00311336263678986,-0.0013477973604031808,0.003392577874252689
1236,14.587680035133168,3.823123699281643,-0.0016240319903906696,-0.010992233989167396,0.011111556505657488,-0.0013594373198382503,-0.001295293242928949,0.0018777258617131518
1237,13.821427513325954,5.060365521429802,-0.0019425484846221262,-0.013726465844644044,0.013863237688191284,-0.0016216002705694021,-0.0013407992704529866,0.0021041221735341366
1238,13.05023971084782,3.8142236606414315,-0.0014338428043106422,-0.01095541165333825,0.011048843816507361,-0.0012038091517745369,-0.0012776848215864285,0.001755458623040849
1239,25.261932378865716,1.2423064257184318,-0.001120620348209312,-0.00404464656907986,0.004197017492647635,-0.0009106370259382671,-0.0006553861482571197,0.0011219584646220177
1240,24.517613649062383,2.4780609404329423,-0.0020439208596193252,-0.00762383433910006,0.007893064202857358,-0.0016582447531810947,-0.0010927803277574226,0.0019859366823205236
1241,23.745477188514784,1.2357545147145106,-0.0010244977782480297,-0.004023859506135801,0.004152233257267058,-0.0008389934820893117,-0.0006540915193966978,0.0010638354096076277
1242,138.47926350753224,6.18035913733494,0.0018859048245597587,-0.015948275448537105,0.01605939372422599,0.0015759956431798474,-0.0013137534852443594,0.0020517579017305045
1243,139.25733581355217,4.944890088410862,0.0014523543406734245,-0.013456768114044108,0.01353491563350238,0.0012186086564059282,-0.0013093500563810725,0.0017886879626174542
1244,140.0159742250002,6.192804854822718,0.001621622260140536,-0.01595765570112179,0.01603983897145255,0.0013573083120179694,-0.001296764054598028,0.0018772008062992588
1245,74.2346938773576,8.674450912574255,-0.0013399370143032908,-0.04218579959191763,0.04220707426974461,-0.0010722359833093983,-0.012402016617658045,0.01244828125439692
1246,75.76530612225247,8.674450912574255,0.0013352005336753603,-0.04217104054105483,0.04219217250605161,0.0010674977318840722,-0.012387259443886925,0.012433171274366949
1247,72.70408163246739,8.674450912579218,-0.003991755478504135,-0.04237189146115136,0.042559503025714006,-0.0031912680101337356,-0.01265823464743148,0.01305431330641094
1248,73.46938775491643,7.348901825153473,-0.0022233153024231195,-0.03567164049405434,0.03574085990111382,-0.001731278680105591,-0.009924778856088907,0.010074649433625847
1249,77.29591836714935,8.67445091257438,0.003980365644115932,-0.04234192206281437,0.042528598314949255,0.003179888265812023,-0.012628263769310841,0.013022470395832653
1250,76.53061224470352,7.348901825148635,0.002221898118735796,-0.035661198289942166,0.035730349770532834,0.0017298508772552075,-0.009914331813627528,0.01006411244811223
1251,80.37177929573912,1.2620160371694755,0.001259972737028528,-0.006031263569420696,0.006161466671327245,0.0008497646177419219,-0.0012629383302632082,0.0015222066652114275
1252,79.60771776841948,2.556465685819799,0.0022193958114606117,-0.012267421000890759,0.012466568725235687,0.0015509779260805177,-0.002744685895932148,0.0031525915045431878
1253,78.8277752071829,1.2944496486503234,0.0009078405292225297,-0.006191542982045285,0.006257745514561395,0.0006053636785286645,-0.0012759529548975216,0.0014122751595894737
1254,78.82653061205147,8.67445091257438,0.006924172835744036,-0.042280557194644325,0.04284378235110487,0.005598519680868362,-0.012707171925048277,0.013885807176747254
1255,71.17346938757977,8.674450912579218,-0.006943204947582627,-0.042280078696704956,0.04284639015767489,-0.005617501350221564,-0.01270668704370476,0.01389302764146086
1256,69.64285714268951,8.674450912583792,-0.01021919050201353,-0.04307749918734792,0.044273048130351315,-0.008381221100488336,-0.013714299054968546,0.01607255006849822
1257,70.40816326513595,7.34890182516301,-0.0067795600822796636,-0.035770826026146015,0.0364076149933231,-0.005322705143845233,-0.010256875976613549,0.011555721303663767
1258,74.99999999980344,0.0,0.0,0.0,0.0,0.0,0.0,0.0
1259,75.76530612225088,1.3255490874193432,0.00017915224564051327,-0.006344719580345101,0.006347248386531959,0.00011671679123794737,-0.0012857593788888544,0.0012910460835142698
1260,74.23469387735602,1.3255490874193432,-0.0001805407402569623,-0.006344171022335606,0.006346739392753994,-0.00011798860434454587,-0.0012852157473174086,0.0012906203267839147
1261,61.98979591824191,8.67445091258108,-0.02074665962662178,-0.03889266655500989,0.04408019280155298,-0.01674532778211397,-0.011597927813797732,0.02036953441059714
1262,63.5204081631356,8.67445091258108,-0.01928346299718617,-0.04078370584210642,0.04511277654256401,-0.015640607855058445,-0.012946521104171712,0.020303719432076466
1263,57.383322744772386,8.737983962830496,-0.021373025337415728,-0.03337899420565611,0.03963538149501073,-0.016605593296810214,-0.007870147047929616,0.018376205900432863
1264,58.1473842720865,7.443534314180037,-0.02074698480446411,-0.030797168314905626,0.037133582572831454,-0.01644144598296398,-0.008149673605878448,0.018350431218177796
1265,58.92732683331943,8.70555035134954,-0.021586244546354418,-0.03542489812027275,0.04148360351327642,-0.017017614887603807,-0.009298948687853009,0.01939251564810811
1266,79.61232774880324,7.385915346911652,0.006841984429721539,-0.03597015613782856,0.036615090925959985,0.005374757199393105,-0.010345150411170557,0.011658050951259836
1267,80.37763387125429,8.711464434337273,0.010309247446311365,-0.043305224523167776,0.04451542489869381,0.008461042936903411,-0.013838154978266105,0.016219857606731142
1268,68.1122448978019,8.674450912583792,-0.01323726030273401,-0.04288470712454093,0.044881211720273206,-0.010905396041723338,-0.013801404379229758,0.017589952406583065
1269,66.58163265291266,8.674450912581113,-0.015594252783002156,-0.04285824164592157,0.045607122216166814,-0.012792769523898176,-0.01412367420827225,0.019056052194329043
1270,67.34693877535648,7.348901825164905,-0.012137770968046711,-0.036341304073394344,0.03831469516814229,-0.009775317844546615,-0.0112913088922008,0.01493487514045579
1271,65.05102040802484,8.674450912581113,-0.017993415646236757,-0.04174032727854623,0.04545346992187052,-0.014752841485737992,-0.013421966504959321,0.0199448117755862
1272,73.46938775491218,2.651098174835551,-0.0007551932743881949,-0.012721874301442762,0.012744269403280477,-0.0005229543455967631,-0.0027831832733896337,0.002831888130003439
1273,72.70408163246472,1.325549087416208,-0.0005566631837799087,-0.006344903166194279,0.006369275475951576,-0.000369965371856576,-0.0012950621858473874,0.0013468706105579657
1274,62.755102040688755,0.0,0.0,0.0,0.0,0.0,0.0,0.0
1275,63.52040816313559,1.3255490874181244,-0.0029913080594770316,-0.006245410274433461,0.006924815766696705,-0.0021458437312309496,-0.001434530642947773,0.0025811864489841325
1276,61.98979591824191,1.3255490874181244,-0.003436674748931967,-0.006205328159079395,0.007093435760744596,-0.002509326637574036,-0.0014618166578405098,0.0029040709556032917
1277,65.05102040802636,1.325549087416294,-0.0025557412435433203,-0.0062766692556045734,0.006777048786027738,-0.001802480284839951,-0.0014052476822211876,0.0022855319349387206
1278,64.2857142855795,2.6510981748344182,-0.0056884400435949735,-0.012592687375427188,0.013817891498518075,-0.004199009116672127,-0.0030996972355946586,0.005219176229468479
1279,64.285714285578,7.348901825162194,-0.016802875133115906,-0.035662805030512626,0.03942299171021197,-0.013637684997331714,-0.011300692168646539,0.0177113549898633
1280,81.9082461161564,8.711464434337273,0.01334041255306739,-0.04305070796147004,0.045070279154558364,0.010997620675967334,-0.013865842236985084,0.017697718538654178
1281,82.69745842195971,7.408119372418758,0.012313997465024826,-0.036640404951523674,0.03865428577247649,0.009928483793847344,-0.011421762170779875,0.015133784772176046
1282,83.44227353011007,8.696654938081485,0.01567353464725432,-0.042966683458859005,0.045736151737902804,0.012861673319971335,-0.014175646792073088,0.0191408359943675
1283,59.6938775509002,0.0,0.0,0.0,0.0,0.0,0.0,0.0
1284,60.45918367334764,1.3255490874219737,-0.003926194831076664,-0.0061676367433906205,0.007311275459863017,-0.00292926079817372,-0.0014980237155234133,0.0032900826548869426
1285,58.92857142845276,1.3255490874219737,-0.004415195726370214,-0.006134478516152179,0.00755815982678922,-0.003361952978329863,-0.0015436687413888633,0.003699410900622167
1286,61.22448979579447,2.651098174840098,-0.007668760408813922,-0.01250244093203788,0.014667000902259742,-0.005875988723165813,-0.003292361416941501,0.006735494575347593
1287,84.9728857750122,8.696654938081485,0.018063164419647334,-0.04181173609948723,0.045546670399760035,0.014812219244225345,-0.013439164081096786,0.020000324250812575
1288,58.142774291705265,2.614084653081418,-0.009476429703233083,-0.012085770055158294,0.015358012818931984,-0.0074976900642330585,-0.003327689801835565,0.008202979685244841
1289,57.377468169257824,1.2885355656594442,-0.004774822814022857,-0.005920318648366147,0.007605859964757773,-0.0037081737636767533,-0.0015365241272052351,0.004013908202127252
1290,86.47959183656208,8.699678588126853,0.019334092756487484,-0.040886943992263995,0.04522774957637175,0.015686344999838526,-0.012981800355313797,0.020361447883664476
1291,85.73819189746328,7.396333526208338,0.016917770917198264,-0.03585712406521054,0.039647753013691715,0.01373539728912301,-0.011364426252877383,0.017827263467709686
1292,85.01785216750844,6.154194163306589,0.013409592769939192,-0.030088306835300196,0.032941211065635974,0.010720478096031407,-0.009119507306649639,0.014074589305678705
1293,86.52455822905831,6.157217813351956,0.015420974578036054,-0.02974359064826353,0.03350354670162405,0.012408380565843773,-0.009086361707215166,0.015379527864702335
1294,55.846855924362956,1.2885355656594442,-0.005223405026885773,-0.00585938544707938,0.007849608773202725,-0.004131581148470466,-0.0015585084513785137,0.0044157571694347945
1295,55.05764361856501,2.5918806275734623,-0.010696138541754456,-0.011503288401479907,0.015707737703183972,-0.00863655017166031,-0.003169875732464855,0.00919989733784434
1296,54.31282851041763,1.3033450619140179,-0.005657125064628885,-0.005848307944489,0.00813669280546006,-0.0045439638581257465,-0.0015845714638153654,0.004812325245439152
1297,133.9285714285277,8.699678588126833,0.0036168022273127855,-0.020292931390780457,0.020612722352528246,0.0030024441663740685,-0.0012800774669315916,0.003263934633772508
1298,134.67338653667667,7.390164605913948,0.0029973102248943007,-0.018176735279879595,0.018422203288941185,0.002489271099302419,-0.001328948102114435,0.0028218032645696317
1299,135.43869265912775,8.690486017787114,0.003227978945284549,-0.020275621047846065,0.02053096824183065,0.0026843038202468998,-0.001269569826947911,0.0029693929589881918
1300,133.88417423087316,6.156189659969563,0.0027235905997288626,-0.015941267312996558,0.016172258633207173,0.0022597218861032855,-0.0013631722083835337,0.002639049350096248
1301,135.39429546147323,6.146997089629844,0.002434126443460621,-0.015912572691367897,0.016097668812620713,0.0020252303860366994,-0.001348515544739767,0.0024331157578157164
1302,56.632653061110446,0.0,0.0,0.0,0.0,0.0,0.0,0.0
1303,124.74489795911501,8.67445091257125,0.006349905719999563,-0.02011707918620617,0.021095453956646033,0.005177543405164423,-0.001200383591074699,0.0053148731384749905
1304,125.51020408156617,7.348901825142496,0.005281666976583843,-0.018046465384362508,0.01880348156380968,0.004290293392786969,-0.0013089416036667807,0.004485526225316411
1305,126.27551020401724,8.674450912571245,0.00584142319198714,-0.02017735476943837,0.021005900847134894,0.004783096811591685,-0.0012520576498469618,0.004944255602979971
1306,123.2142857142129,8.67445091257125,0.006877729973437657,-0.02002718699053179,0.02117525415057039,0.005580274927427135,-0.0011167450173931413,0.00569092151584823
1307,121.68367346931078,8.674450912571174,0.007419323524387541,-0.019897676540659822,0.02123591046497076,0.005984390443592306,-0.0009894019949625715,0.006065628185851391
1308,122.44897959176181,7.348901825142425,0.006185091337070962,-0.017889315905457424,0.018928364388218075,0.004961675493287358,-0.0011561104054539223,0.005094586830184287
1309,111.73469387744704,0.0,0.0,0.0,0.0,0.0,0.0,0.0
1310,112.49999999989814,1.3255490874288363,0.003047454934849286,-0.004362819963407549,0.005321764708538392,0.0024779519226860365,-0.0006722194791275228,0.00256751334159375
1311,110.96938775499602,1.3255490874288363,0.0035413332700123643,-0.004432949680968016,0.005673806852836189,0.0029081961849180896,-0.0007161632932649294,0.002995078448487151
1312,103.30169009169818,8.737983962829121,0.015109144752131784,-0.022108619160457626,0.026778298981134433,0.010871045140666818,-0.0011988056250236724,0.010936944608847757
1313,104.06575161901432,7.443534314173555,0.014233414840324103,-0.019637084541143508,0.024252941827596415,0.010442302116284516,-0.0012648797594404931,0.010518630818390877
1314,104.84569418025258,8.705550351344435,0.014168279158464176,-0.021226812676090827,0.025520926916905284,0.010207344170926693,-0.0008188214848306313,0.01024013396630002
1315,120.15306122440865,8.674450912571174,0.007973905105408201,-0.019745224865287434,0.021294531401531713,0.006387718367832757,-0.0008329683513306277,0.0064417996104401175
1316,120.91836734685975,0.0,0.0,0.0,0.0,0.0,0.0,0.0
1317,121.68367346931078,1.3255490874288247,0.0014388110645619345,-0.004302368830613955,0.004536579640449878,0.0011548221778382582,-0.0006866016327114165,0.0013435163059930017
1318,120.15306122440865,1.3255490874288247,0.0015963918760631183,-0.004302454827828222,0.004589072299219385,0.0012763876120234024,-0.0006807391661790506,0.0014465722064580643
1319,123.2142857142129,1.3255490874287488,0.0013075866081785038,-0.00430236438665311,0.004496679002711752,0.0010556046814304903,-0.0006909519187214817,0.0012616321957856275
1320,122.44897959176181,2.6510981748575735,0.0025643156156412053,-0.008058790910758952,0.008456939488961266,0.0020462701797987447,-0.001096514066438333,0.0023215436129073075
1321,109.43877551009388,1.325549087428761,0.004083795271950962,-0.004551836378951841,0.0061152758109474055,0.00338396224378496,-0.0008031384069437345,0.0034779637387514924
1322,110.20408163254498,2.651098174857597,0.006211108467941167,-0.008100433942967097,0.010207590237901595,0.004953058805118111,-0.0009212890224941867,0.005038012007719547
1323,103.2958355161833,1.288535565662551,0.005894292483072823,-0.005109077587400848,0.0078003434328297655,0.00495150066429711,-0.0012686203570773029,0.005111433892649465
1324,104.84569418025256,1.3049459611240506,0.005612784250348108,-0.00497415018285842,0.007499701132884311,0.0047211927881803265,-0.001146746840270628,0.004858465772117428
1325,104.05989704349943,2.5934815267866016,0.009428321536484204,-0.009219387287412024,0.013186748990961583,0.007706078315972675,-0.0018225080130676993,0.007918660143584912
1326,51.2755102039784,1.3003214118689912,-0.006119248780068163,-0.0056127661874109825,0.008303514310634367,-0.005034692864592205,-0.0015229781652727073,0.005259999499303501
1327,52.782216265522756,1.3033450619140179,-0.005954133170277578,-0.00574092164973446,0.008271026731778198,-0.004846971400823855,-0.0015612409640072562,0.005092210238010472
1328,52.01691014307532,2.603666473783009,-0.01115702982983863,-0.010897599502605394,0.015596056858805508,-0.009109205780344482,-0.002879069176028653,0.009553359056845902
1329,105.61224489783855,0.0,0.0,0.0,0.0,0.0,0.0,0.0
1330,106.37630642515468,1.3049459611240506,0.005144837735600793,-0.004808625633137127,0.0070421755023093065,0.004319511486450818,-0.0010332817486847761,0.00444137936386272
1331,106.3763064251547,8.705550351344435,0.01345285599141802,-0.02017540076576861,0.024249250099440362,0.00977345838218696,-0.000134454079425618,0.009774383185030896
1332,53.5714285713207,0.0,0.0,0.0,0.0,0.0,0.0,0.0
1333,65.81632653047026,0.0,0.0,0.0,0.0,0.0,0.0,0.0
1334,66.58163265291418,1.325549087416294,-0.0021348366012902114,-0.006308811604298345,0.006660227561633146,-0.0014830203535742851,-0.0013847763665660968,0.0020290280812535837
1335,107.90816326519177,8.674450912571238,0.012622842330586862,-0.0196719033728566,0.023373487775979487,0.00923367909553217,2.3374007454165374e-05,0.009233708679804246
1336,107.1416125476058,7.380001263915673,0.012445212552366542,-0.017968143708990424,0.02185720713678932,0.009186453522023831,-0.00034185920242372353,0.009192812193588305
1337,52.737249873029995,3.8458058366853365,-0.014649074384334649,-0.015524706467377025,0.021345067140114308,-0.011799309257301773,-0.0039046756482010413,0.012428603737632861
1338,51.23054381148564,3.8427821866403096,-0.014272739015935565,-0.014854996553184842,0.020600534012790613,-0.011474999709323528,-0.0035031852308136206,0.011997830015897281
1339,95.66326530597479,1.3003214118731772,0.005628861632255136,-0.005838268799508918,0.008109837597041833,0.004518164391668678,-0.0015827975665055937,0.004787385257808152
1340,94.89795918352372,2.6116536840970435,0.010749641781258335,-0.011595851162139006,0.01581197529089441,0.00867718323440006,-0.003197124209289526,0.009247438136747856
1341,94.13265306107266,1.3113322722238663,0.005301464036347528,-0.005960839070193414,0.007977287969569013,0.004191930700152337,-0.0015846944322272386,0.004481466215248272
1342,117.09183673460444,1.3255490874287579,0.002012025955119966,-0.004304440470337502,0.004751468847288778,0.001606583375042611,-0.0006647380441190537,0.0017386738648356489
1343,116.32653061215336,2.6510981748575126,0.003817131696704535,-0.0079323425215209,0.00880298541795424,0.0029955826364058778,-0.0009156151820982686,0.003132389901213646
1344,115.5612244897023,1.3255490874287548,0.002293900703382775,-0.0043084500561831884,0.004881057500542778,0.001838583550206585,-0.0006556677880931723,0.001951996342064514
1345,97.93527748997555,2.603666473791667,0.01115748209648805,-0.010909332695023843,0.015604580948688353,0.009108481075118392,-0.002885498995397662,0.009554607890867674
1346,98.65561721993032,3.8458058366933354,0.014312316816435359,-0.01491176828481969,0.020668895617187016,0.011507838601678649,-0.0035326620375986124,0.012037859043624642
1347,97.14891115838064,3.8427821866480234,0.014653117863442689,-0.015575327878354597,0.02138468380963799,0.011802757804910958,-0.003943612927740269,0.012444162274947507
1348,127.80612244891935,8.674450912571245,0.005352804120018481,-0.020215853521838207,0.020912514089982223,0.0043986870631494935,-0.0012806682861850674,0.004581327224588844
1349,141.58163265303833,8.674450912571238,0.0017827064273090061,-0.0202138643594175,0.020292322551814956,0.0014892349320534209,-0.0012117789684918563,0.0019199554555581087
1350,140.02711422478376,8.714136951873398,0.0021389062563143832,-0.020285086497479028,0.020397540395437553,0.0017852800721509911,-0.0012247401362544194,0.002164997306550736
1351,140.7924203472348,7.388587864444637,0.0017224570716620595,-0.018127368764576966,0.01820901855374636,0.00144007451799625,-0.0012655743898498523,0.0019171575714129387
1352,115.56122448970231,8.674450912571245,0.00970306270853418,-0.019062338495179375,0.02138976799384566,0.007567983880478491,-6.858453932084493e-05,0.007568294646366255
1353,116.32653061215336,7.348901825142487,0.008259602761992718,-0.017223462481424957,0.01910153652549896,0.0064091501962827,-0.00042059894978732637,0.006422936222248573
1354,117.09183673460444,8.674450912571242,0.00910843351103712,-0.019323696798269438,0.021362790524096623,0.007173271232935336,-0.00037275338561434945,0.007182949621690563
1355,41.326530612161704,0.0,0.0,0.0,0.0,0.0,0.0,0.0
1356,42.09183673460913,1.3255490874224982,-0.004668948707281778,-0.004680397885322725,0.006610991332331455,-0.003900243470427249,-0.0008932298842920655,0.004001219658404523
1357,40.561224489714256,1.3255490874224982,-0.004084177683683579,-0.004551756905166535,0.0061154720402950245,-0.003384333997023086,-0.0008030640748461853,0.0034783082830184583
1358,107.90816326519175,1.325549087428761,0.00466835017605777,-0.004680513298038744,0.006610650353741009,0.00389967478635369,-0.0008933424879701921,0.004000690470423259
1359,107.14161254760577,2.6304950485528114,0.007823104033229018,-0.008557442334673163,0.011594428663197707,0.0063237196466260515,-0.001278027564177408,0.006451572259838802
1360,88.0102040814642,8.699678588126853,0.02077771827418337,-0.03898606893168642,0.044177224306508195,0.01677095805871231,-0.011625194486026648,0.020406130967065554
1361,101.77107784679606,8.737983962829121,0.016047701109752878,-0.023241825479754674,0.028243780953323822,0.011568398765001407,-0.0018119611698047336,0.011709442910188606
1362,118.62244897950657,8.674450912571242,0.0085333633570782,-0.019555472302926428,0.021336231794167583,0.006780883151888444,-0.0006301591003642949,0.0068101010867193815
1363,117.8571428570555,0.0,0.0,0.0,0.0,0.0,0.0,0.0
1364,118.62244897950657,1.3255490874287579,0.0017824417810911374,-0.004298976405787283,0.004653847530860362,0.0014220682034407175,-0.0006695224152699006,0.0015717945921099076
1365,119.38775510195758,7.348901825142416,0.007170283678542513,-0.017613827216932384,0.019017357262740824,0.0056637103252007584,-0.0008654274722061789,0.005729448433962458
1366,138.49650197988166,8.714136951873398,0.002492645225933517,-0.02029576881153032,0.020448264275323126,0.002078382727263111,-0.0012402563653369156,0.0024203120899471586
1367,43.622448979504014,1.3255490874224891,-0.005206993797313288,-0.004876435489106142,0.0071338914685235375,-0.00436947209359347,-0.0010437493079220256,0.004492404589357442
1368,42.857142857056566,2.6510981748449876,-0.007858580155469249,-0.008609510890646484,0.011656798867446222,-0.006349064802896308,-0.0012775626022596851,0.006476325352703436
1369,108.6734693876428,0.0,0.0,0.0,0.0,0.0,0.0,0.0
1370,109.4387755100939,8.674450912571238,0.012175739939497441,-0.01878950062114507,0.022389595276964793,0.009065779924141395,0.0006736891158426669,0.009090776790669212
1371,136.9693049040299,8.690486017787114,0.002850518969775024,-0.02026849178877342,0.020467955877141782,0.0023738338761714398,-0.0012557257080280763,0.0026855044824877386
1372,37.49999999992451,1.3255490874224876,-0.0030475828459465277,-0.004362999338261414,0.00532198500830067,-0.0024780775339587257,-0.0006723993096621676,0.002567681657827761
1373,36.73469387747707,2.6510981748449804,-0.004843221254192874,-0.007917956341433009,0.00928174685831847,-0.0038189113180970256,-0.0008394091147935082,0.003910075615315896
1374,35.96938775502963,1.325549087422493,-0.0026289129562522477,-0.004330220295745342,0.005065766589691614,-0.002118775655704144,-0.0006606243750091412,0.002219377129750765
1375,114.0306122448002,8.674450912571245,0.0103325905038004,-0.01885092460747411,0.021496971532657783,0.007979520869118139,0.00020832669898910444,0.007982239868245228
1376,25.255102040765543,8.699678588130997,-0.006363852057672208,-0.020155051670697907,0.02113586338100342,-0.005189268390861073,-0.0011992825495524481,0.005326047790440008
1377,26.78571428566042,8.699678588130997,-0.006893433110102305,-0.020065589027290567,0.021216674646503356,-0.005593600387482986,-0.0011161539117525848,0.0057038727939506505
1378,34.438775510134775,8.674450912577512,-0.009705690833830308,-0.019065581207277426,0.021393850082048995,-0.007570612866964149,-7.182586362432589e-05,0.007570953581691577
1379,32.90816326523989,8.674450912577523,-0.009109123203273947,-0.019326885596618174,0.021365969025466426,-0.0071739608595582415,-0.0003759417094193092,0.007183804464443247
1380,33.673469387687334,7.3489018251550355,-0.008260841746374363,-0.01722640453698947,0.019104725060326122,-0.006410390033341245,-0.0004235402632389723,0.00642436664070049
1381,45.15306122439888,1.3255490874224891,-0.005681422773908142,-0.005044386290170839,0.007597657387665333,-0.004776705054893862,-0.0011588184938342962,0.004915259045370952
1382,46.683673469293765,1.311332272218786,-0.005974778805989986,-0.005188798751265992,0.007913381973697885,-0.005017203338404162,-0.0012836399680646684,0.00517880883085164
1383,45.918367346846324,2.636881359641275,-0.009508067341654339,-0.00933821573250527,0.013326875764418409,-0.0077624860581402425,-0.0018284329560742853,0.007974920493502126
1384,35.96938775502964,8.674450912577512,-0.010336811064683794,-0.018852690246093654,0.021500548655839554,-0.00798374462333026,0.0002065615878531421,0.007986416336513596
1385,49.74489795908352,1.3003214118689912,-0.006195760769480954,-0.005469616491435894,0.008264632845809106,-0.005145287950133961,-0.0014574459527259753,0.005347722580212166
1386,48.97959183663609,2.611653684087777,-0.01071446774776184,-0.010120506062370162,0.014738536632797025,-0.008783484437565662,-0.0024024859523092794,0.009106126378213822
1387,48.21428571418864,1.311332272218786,-0.00616891108820117,-0.005352259181230937,0.008167137953849084,-0.005155905616133546,-0.001380444986719135,0.0053375079469575905
1388,47.4489795917412,0.0,0.0,0.0,0.0,0.0,0.0,0.0
1389,93.36734693862161,0.0,0.0,0.0,0.0,0.0,0.0,0.0
1390,92.60204081617053,1.3113322722238663,0.004852953004134954,-0.006023812149471377,0.007735468031894479,0.0037691838941435706,-0.0015633077988760546,0.004080524292526389
1391,28.316326530555287,8.674450912577516,-0.007417872927046659,-0.019899859140993556,0.021237448824969456,-0.005982926109246821,-0.0009915855347617589,0.006064540106344097
1392,27.55102040810785,7.374129500708511,-0.006203121007060364,-0.017933383876924027,0.01897590491927466,-0.004976778393057163,-0.0011564175955969466,0.0051093663823420276
1393,40.56122448971427,8.674450912577512,-0.012181639400465748,-0.018789170978620238,0.02239252742650558,-0.009071677424535811,0.000674024303836885,0.009096682915051809
1394,39.030612244819395,8.674450912577516,-0.011511865285276956,-0.018671468432685336,0.0219350581439651,-0.008669821944936705,0.0006144541722067527,0.008691568701140684
1395,39.795918367266836,7.348901825155029,-0.010902529105697771,-0.016891947945491672,0.02010480157310157,-0.008167733170769973,0.00027343669790058645,0.008172308901201355
1396,35.2040816325822,0.0,0.0,0.0,0.0,0.0,0.0,0.0
1397,34.43877551013476,1.325549087422493,-0.0022940594197035044,-0.004308766048085084,0.004881411013043373,-0.0018387405020212349,-0.000655983299977111,0.0019522501693231232
1398,38.26530612237195,0.0,0.0,0.0,0.0,0.0,0.0,0.0
1399,39.03061224481939,1.3255490874224876,-0.003541579817631759,-0.004433031083561406,0.00567402433837556,-0.0029084380115194583,-0.0007162460387553607,0.0029953330457369856
1400,39.795918367266815,2.6510981748449858,-0.0062119565692416775,-0.00810019232445792,0.010207914581899274,-0.00495390359466882,-0.000921051258741791,0.005038799087729386
1401,22.193877550975806,8.674450912577514,-0.005350853134354388,-0.020216025331330045,0.020912180887282136,-0.004396721880638061,-0.0012808455535717328,0.004579489996471874
1402,23.724489795870674,8.674450912577514,-0.005839462199651176,-0.02017771047393096,0.02100569729266177,-0.0047811432991829664,-0.001252413923455084,0.004942456057769895
1403,13.775510204054024,0.0,0.0,0.0,0.0,0.0,0.0,0.0
1404,14.561307340801964,1.2884909192466367,-0.0005973679766759407,-0.0041442618596573754,0.004187093844299256,-0.0005056838362644984,-0.0006407553003487201,0.0008162619047733139
1405,13.030695095907092,1.2884909192466367,-0.0005322894591117738,-0.0041373647526003945,0.004171464870323329,-0.00045253152500092245,-0.0006340684938042486,0.0007789914222601227
1406,44.38775510195145,0.0,0.0,0.0,0.0,0.0,0.0,0.0
1407,9.187088638419496,2.5902618497831176,-0.0007026172134976258,-0.007836306035921907,0.007867741940183935,-0.0005967579911255484,-0.0010358232775372223,0.001195428777577382
1408,9.952963955708613,3.8033727428232265,-0.001071630012433155,-0.010902461773148114,0.010955001761684176,-0.000904004919438986,-0.001247796740350731,0.0015408509336077248
1409,8.41893654176366,3.8137537167781153,-0.0008993789951893907,-0.01091528193773099,0.010952272018040105,-0.0007595334202811435,-0.0012365288728868867,0.0014511701037462446
1410,8.418367346921979,1.3003214118690032,-0.0003398628508312217,-0.004153166097193818,0.004167048762404305,-0.00029106942232473874,-0.0006191403626660983,0.0006841463273998954
1411,9.952394760866934,1.2899404379141144,-0.0004003937108300961,-0.00412761047110318,0.004146984847432278,-0.0003421424176709623,-0.0006207608575689093,0.0007088056688962207
1412,12.26880414250974,2.578431357160751,-0.0009492349573563324,-0.007825084472797976,0.007882448478150127,-0.000802613015918661,-0.0010537748367158593,0.0013246241202007401
1413,11.483007005761802,1.2899404379141144,-0.0004648169749885852,-0.004133115176118231,0.004159170095018521,-0.00039618831190168174,-0.0006261552517640503,0.0007409693501078202
1414,16.098749923797,1.2969150265686822,-0.0006719272733449188,-0.004175348621388892,0.004229068735643683,-0.0005665332679620196,-0.0006494402720971055,0.0008618193608461624
1415,15.35393481565007,2.585405945815319,-0.0012149340281001027,-0.007867951762492194,0.007961201519214268,-0.0010205128940235758,-0.0010798846538108038,0.001485798584063282
1416,13.051186110207599,8.775183029140827,-0.002876111475992544,-0.020394156693841592,0.02059596184875326,-0.0023948760302743627,-0.0012492982914763216,0.002701143724696697
1417,14.58179835510247,8.775183029140827,-0.003256463213780132,-0.02040116364505312,0.020659429583968197,-0.002707721862202379,-0.0012631552949572723,0.0029878619416277108
1418,24.48979591831811,7.374129500708511,-0.005296293317032393,-0.01808963900201154,0.018849025495317764,-0.004302400656657236,-0.0013081972071826778,0.0044968912976950165
1419,16.836734693843766,0.0,0.0,0.0,0.0,0.0,0.0,0.0
1420,17.62936216869187,1.2969150265686822,-0.0007415948296463963,-0.004187830394870977,0.004252985575753047,-0.0006219171265126418,-0.0006614929338304982,0.0009079393227289041
1421,29.081632653002725,0.0,0.0,0.0,0.0,0.0,0.0,0.0
1422,29.846938775450155,1.3255490874224845,-0.0015958629446339322,-0.004302666081587226,0.004589086395754264,-0.0012758458885941569,-0.0006809435320201578,0.001446190452617739
1423,28.316326530555287,1.3255490874224845,-0.0014376707021149424,-0.004302404592787723,0.004536252013255058,-0.0011536532331323603,-0.000686645281493618,0.0013425339939510648
1424,50.51020408153095,0.0,0.0,0.0,0.0,0.0,0.0,0.0
1425,81.12244897940465,0.0,0.0,0.0,0.0,0.0,0.0,0.0
1426,81.90239154064125,1.2620160371694755,0.001639148987219398,-0.00601927525422482,0.006238468080260222,0.001119256992356463,-0.0012851350951251263,0.0017042031650190957
1427,90.30612244881736,0.0,0.0,0.0,0.0,0.0,0.0,0.0
1428,91.0714285712684,1.325549087428761,0.0044163183464213445,-0.006134922923529821,0.007559176344985573,0.0033630466869860624,-0.001544157864307786,0.003700608940262604
1429,89.54081632636628,1.325549087428761,0.00392958441162208,-0.0061695948954062635,0.007314747761986484,0.0029324683694836808,-0.0015000550283735597,0.0032938633587583865
1430,96.42857142842584,0.0,0.0,0.0,0.0,0.0,0.0,0.0
1431,97.19387755087692,1.3003214118731772,0.005933388589941224,-0.005730308941526347,0.00824872964307726,0.00482839386156828,-0.0015587340403086071,0.005073759857427925
1432,123.97959183666397,0.0,0.0,0.0,0.0,0.0,0.0,0.0
1433,124.74489795911501,1.3255490874287488,0.0011904675292386598,-0.00430025009836371,0.0044619910182169455,0.0009668867416703467,-0.0006921275145800082,0.001189079672543686
1434,23.765471824471682,6.128289466888105,-0.00434059530869126,-0.015873161364605714,0.016455941764014725,-0.003522168105633809,-0.0013683277324663054,0.0037786226257434646
1435,25.29608406936655,6.153517142441586,-0.0047255848472779645,-0.015879809044905407,0.016568026057786206,-0.003809950441039895,-0.0013282955447703661,0.00403485952883578
1436,29.846938775450155,8.674450912577516,-0.007972907473955555,-0.01974775728807739,0.02129650608661125,-0.0063867182125182075,-0.0008355050675414553,0.006441136409361256
1437,46.68367346929375,8.674450912577509,-0.015093936242095487,-0.022002795569846793,0.026682389776197208,-0.010872066687265067,-0.001206412811841407,0.010938796365456024
1438,48.214285714188634,8.674450912577509,-0.016029799078106432,-0.02312498816076626,0.028137511189158887,-0.01156745893256616,-0.0018135412549121072,0.011708759030737323
1439,7.653061224474545,0.0,0.0,0.0,0.0,0.0,0.0,0.0
1440,6.887755102027109,1.3003214118690032,-0.00027539705935836765,-0.004149094320415816,0.004158224046394088,-0.00023604014291239201,-0.0006151318245715743,0.0006588642581494738
1441,10.714285714264285,0.0,0.0,0.0,0.0,0.0,0.0,0.0
1442,19.897959183633503,0.0,0.0,0.0,0.0,0.0,0.0,0.0
1443,20.68375632038144,1.2617858462097113,-0.0008776434571316385,-0.004093057148256831,0.0041860930301108115,-0.0007288006660777608,-0.0006575896753533293,0.0009816183535400532
1444,19.153144075486573,1.2617858462097113,-0.0007993306254932119,-0.004086775450153011,0.0041642121738481,-0.00066754012427193,-0.0006521579754774852,0.0009332308623764412
1445,91.83673469371945,2.6368813596526275,0.00953942834047565,-0.012189400785555771,0.015478442575852961,0.0075470383075086096,-0.0033564305551935774,0.008259746563111939
1446,37.49999999992452,8.674450912577516,-0.010962198673832031,-0.018739479138765128,0.021710317320499443,-0.008373295359647696,0.00041454725212199117,0.008383550835066221
1447,129.3367346938213,1.325549087428761,0.0009190901047803056,-0.004288688460817328,0.004386066043124838,0.0007630894442697653,-0.0006858107082373813,0.0010259833465943772
1448,128.5714285713702,2.651098174857501,0.0018260266447710544,-0.008085020033743288,0.00828866227164819,0.0015016540629090836,-0.0011357806763113735,0.001882807124836126
1449,127.80612244891921,1.3255490874287401,0.001002368945579807,-0.004294534618154725,0.004409962708412865,0.0008263937054916508,-0.000690475119039153,0.0010768855308194802
1450,119.38775510195758,2.651098174857583,0.003092385479794999,-0.00800058040551704,0.008577420053885093,0.0024388707777114626,-0.0010193651106770486,0.0026433304559287597
1451,18.415159305439808,2.5587008727783935,-0.0014742750297245925,-0.007816736412071361,0.007954549327213433,-0.0012266559027383657,-0.0010936837539847312,0.0016434198664531865
1452,17.698803939376912,3.818573644400099,-0.0020148368203897833,-0.011006253555715599,0.011189154782444503,-0.0016728599254403021,-0.001321495180000437,0.0021318559615763257
1453,92.60204081617056,8.674450912571238,0.02135655984456255,-0.033255169444008935,0.039522258831500595,0.016607127787553383,-0.00788901875881667,0.018385682210053805
1454,91.07142857126843,8.688667727776133,0.021570195345526365,-0.03537818387259982,0.04143536196737817,0.01700590020891573,-0.009293016006797324,0.019379390816488307
1455,91.83673469371949,7.363118640347372,0.020670482371253126,-0.03057400019725616,0.036905803466692144,0.016393246888789903,-0.008127233558095127,0.018297280367984947
1456,36.734693877477085,7.34890182515503,-0.009514466264380236,-0.01688904842462052,0.019384659527193312,-0.007253495244686622,3.832511557664425e-05,0.0072535964927183125
1457,32.142857142792465,0.0,0.0,0.0,0.0,0.0,0.0,0.0
1458,32.90816326523989,1.325549087422479,-0.0020125178058894764,-0.004304091343466638,0.0047513608799928725,-0.0016070722191720134,-0.0006643875430288387,0.0017389916402807566
1459,31.377551020345024,1.325549087422479,-0.001782431425266944,-0.004300525622609674,0.00465527468754546,-0.0014220512071180316,-0.0006710704804018829,0.0015724392596639988
1460,102.5510204080343,0.0,0.0,0.0,0.0,0.0,0.0,0.0
1461,101.76522327128119,1.288535565662551,0.00607618825315254,-0.005269212862196306,0.008042677904459677,0.005078937559116829,-0.0013631902046752913,0.005258697011953652
1462,94.13265306107267,8.674450912571238,0.020847128704024883,-0.03115246607872015,0.037484382321014545,0.015976791262672096,-0.0064958168669402745,0.017246840169138845
1463,30.61224489789759,2.6510981748449636,-0.0030889075320089283,-0.008000694040239696,0.008576272784072839,-0.002435375248380792,-0.0010194704601284004,0.002640146325395662
1464,30.61224489789759,7.348901825155038,-0.007170686816686696,-0.017616321106606537,0.019019819104136488,-0.005664116851464394,-0.0008679239143138985,0.005730227886225894
1465,31.377551020345024,8.674450912577523,-0.008533151732041768,-0.01955859990995961,0.021339013775709494,-0.0067806711105009064,-0.000633287992301744,0.006810180202459783
1466,42.091836734609146,8.674450912577512,-0.012629731538829842,-0.019666343325058695,0.023372530426164682,-0.009240564403762789,2.8942732207180855e-05,0.009240609729981867
1467,55.85271049987752,8.737983962830496,-0.0208497837176548,-0.031271133824040315,0.037584535273354404,-0.015961609306711887,-0.006478365691011609,0.017226206595956865
1468,112.49999999989808,8.674450912571265,0.010956521587820501,-0.018740351984906124,0.021708204850299152,0.008367613397329006,0.0004136751050177606,0.008377832718529973
1469,113.26530612234913,7.3489018251425104,0.009511954458249594,-0.016888225005980865,0.01938270934282542,0.007250982266106506,3.9148719462530485e-05,0.00725108794910299
1470,42.85714285705659,7.348901825155037,-0.012434442792599,-0.01791579451340498,0.021808050362399873,-0.009183535066960378,-0.00034598310096368295,0.009190050088668907
1471,43.622448979504014,8.674450912577525,-0.013449545141282547,-0.020130386941995496,0.024209971973173774,-0.009776086809796209,-0.0001400729817994939,0.00977709024980856
1472,89.5408163263663,8.688667727776133,0.02116311788476411,-0.03746261940890999,0.043027031173220195,0.01685019839134641,-0.010729875914640467,0.01997647173480129
1473,45.15306122439889,8.674450912577525,-0.014165005317752765,-0.021173562315565147,0.02547483300795286,-0.010210521959785362,-0.0008175500479648441,0.010243200025977547
1474,45.918367346846324,7.348901825155035,-0.014189589233798242,-0.019466722769793797,0.02408936981367365,-0.01042787464642756,-0.0012772979983415589,0.010505810764437653
1475,114.79591836725126,0.0,0.0,0.0,0.0,0.0,0.0,0.0
1476,114.03061224480018,1.3255490874287548,0.0026288780300396217,-0.0043298312099776725,0.005065415876679991,0.002118742324996965,-0.0006602354115415724,0.0022192295596415923
1477,33.67346938768732,2.651098174844972,-0.0038176995983125253,-0.007933331844340788,0.008804123146309758,-0.002996147906171899,-0.0009166027077708036,0.003133219238985843
1478,98.70058361242658,1.3033450619184894,0.0061277377251429494,-0.005624665275977368,0.008317813961307721,0.005040397432019327,-0.0015244067319502399,0.005265873351792866
1479,127.04081632646819,0.0,0.0,0.0,0.0,0.0,0.0,0.0
1480,126.27551020401708,1.3255490874287401,0.001094336195018904,-0.004298946402201646,0.004436046874947437,0.0008959656075899579,-0.0006931524893518492,0.0011327906882909605
1481,113.26530612234916,2.651098174857591,0.004843094232812378,-0.007917477140196087,0.009281271788576613,0.003818786413854929,-0.0008389296734767123,0.003909850722429531
1482,88.77551020391526,7.388346315902986,0.019658569222990224,-0.033697704349449284,0.039012749484213384,0.015829280514034122,-0.010120303642140841,0.018787939413387238
1483,132.39795918362557,8.699678588126833,0.004025168789504735,-0.02029277799027883,0.020688132403548366,0.003334805118626667,-0.0012885663299083243,0.003575098371484626
1484,143.11224489794046,8.674450912571238,0.001447552288192336,-0.020205666510043213,0.020257452128590425,0.00121001356546808,-0.0012004587187472715,0.001704474688586814
1485,139.28571428568517,0.0,0.0,0.0,0.0,0.0,0.0,0.0
1486,140.036383969349,1.2620160371708473,0.00039348898138383113,-0.004043414251610983,0.004062515524721265,0.00033641683856382756,-0.0006099516740711028,0.0006965754330805969
1487,138.5057717244469,1.2620160371708473,0.00045712260012335413,-0.004048460462946639,0.004074186199915959,0.0003898927256859372,-0.0006148855489311986,0.0007280800614130502
1488,130.10204081627245,0.0,0.0,0.0,0.0,0.0,0.0,0.0
1489,130.86734693872344,1.325549087428761,0.0008366173187877166,-0.004280907327368714,0.004361891342481458,0.0006984853388033052,-0.000678910388960746,0.0009740642097736676
1490,137.7107048431285,7.404622969660512,0.002348301143251193,-0.018180511222901097,0.018331544031680136,0.0019578085854650676,-0.001297717284899167,0.00234884750651182
1491,110.96938775499598,8.674450912571265,0.01150745694004477,-0.018673791592013662,0.021934722648097118,0.008665417657217053,0.0006121264372293718,0.008687011105619943
1492,99.48979591823007,0.0,0.0,0.0,0.0,0.0,0.0,0.0
1493,100.23119585732871,1.3033450619184894,0.006203371553508797,-0.005483439865896639,0.008279488594942727,0.00514994627139069,-0.0014610347435345672,0.005353183082991464
1494,125.51020408156603,2.6510981748574887,0.002163681150075384,-0.008086896304182852,0.008371344453180612,0.0017534694777184927,-0.001133805266160374,0.0020881019110338844
1495,100.97601096547771,2.59188062758104,0.010673902782075004,-0.010070303539136339,0.01467457713092716,0.008753138633780369,-0.002402343208248581,0.009076821515949102
1496,110.20408163254496,7.348901825142505,0.01089807960216809,-0.01689277035678448,0.020103080095901938,0.008163287119990512,0.00027260939824177294,0.008167837687381694
1497,60.45793907821431,8.70555035134954,-0.02116806976440873,-0.037521194018424776,0.04308047328104869,-0.0168510044597745,-0.010746103609111886,0.019985872362273997
1498,78.06122448960042,0.0,0.0,0.0,0.0,0.0,0.0,0.0
1499,77.29716296228077,1.2944496486503234,0.0005434310074614133,-0.006197728388220196,0.006221507408500052,0.000360811791474716,-0.0012644326890004576,0.0013149050056487435
1500,130.86734693872347,8.688667727776236,0.004446459684423182,-0.0202721096520771,0.02075402210346318,0.0036751351618997544,-0.0012945034723274712,0.003896454503532643
1501,131.6326530611745,7.38834631590307,0.0037000564750990545,-0.018183997029612108,0.018556620540709032,0.0030566195585192187,-0.0013516552862446116,0.0033421393056476904
1502,129.33673469382134,8.688667727776236,0.004893694638731005,-0.020260928031609456,0.020843547009067397,0.004034186836258673,-0.0012933829412789914,0.00423644932256179
1503,128.57142857137038,7.363118640347482,0.004455803532772548,-0.018131112602649675,0.01867060334677565,0.003654376192565852,-0.00135660420287443,0.003898055966767109
1504,68.1122448978019,1.3255490874161433,-0.0017199260152977994,-0.0063250915576895965,0.006554763818113843,-0.001176741346013197,-0.0013564747580342065,0.0017957572120420148
1505,67.34693877535798,2.6510981748324376,-0.003930403787239598,-0.012687269215936839,0.013282126113254833,-0.0028170111122239336,-0.002974030814752412,0.004096389983081448
1506,68.8775510202457,0.0,0.0,0.0,0.0,0.0,0.0,0.0
1507,69.64285714268951,1.3255490874161433,-0.0013209751917294776,-0.006336280485219124,0.006472513101148072,-0.0008926331068264786,-0.001331774488930672,0.0016032520552830252
1508,71.93877551002095,0.0,0.0,0.0,0.0,0.0,0.0,0.0
1509,71.17346938757711,1.325549087416208,-0.0009314045160781566,-0.006340600320640291,0.006408644692809436,-0.0006221698780712505,-0.0013089067622863238,0.0014492523139667784
1510,61.22324520066114,7.380001263930621,-0.019641065204148257,-0.03366188117047413,0.03897298662264318,-0.015813979964289116,-0.01010777253178629,0.018768298480823217
1511,70.4081632651333,2.6510981748323514,-0.0022984161159384383,-0.012724794537771422,0.012930704260422282,-0.0016111406385659816,-0.0028617268254199565,0.003284091134631769
1512,76.53185683983335,2.6199987360696664,0.0007449377874759992,-0.01257252340426425,0.012594573317821527,0.0005148476437784005,-0.002746349148838357,0.0027941907135393134
1513,4.591836734684805,0.0,0.0,0.0,0.0,0.0,0.0,0.0
1514,5.408859851428145,1.264822687536154,-0.0002106707825616963,-0.0040381056540700205,0.0040435973404949,-0.00018093151790729973,-0.0005974506714473576,0.000624246360810488
1515,3.878247606533276,1.264822687536154,-0.00014862951786883544,-0.0040352761505186045,0.004038012425008889,-0.00012748425734692925,-0.0005946552390467806,0.0006081669912097185
1516,6.17416597387558,2.565144099405157,-0.00046235777940287817,-0.00775275720051051,0.007766531975485707,-0.0003938071329290132,-0.0010133958543440168,0.0010872236272025223
1517,144.5911401563563,8.730928053457314,0.0011359497592590558,-0.020284956161619083,0.020316737640043707,0.0009499563604410354,-0.0011887997769922248,0.0015217299354744723
1518,146.1217524012584,8.730928053457314,0.000811062316577358,-0.02027966004020498,0.020295872324875775,0.0006785551164567064,-0.001181728441173608,0.0013626882089268183
1519,143.8258340339052,7.405378966028553,0.001141112108069623,-0.01813609972003871,0.01817196329234602,0.0009557109931700797,-0.0012402684326759637,0.0015657743411994693
1520,142.34693877548938,0.0,0.0,0.0,0.0,0.0,0.0,0.0
1521,143.10118599372817,1.2551813306188973,0.00026717506814676837,-0.0040126221383387384,0.004021507048623113,0.00022911015210793392,-0.0005972834345927139,0.0006397178776912439
1522,141.57057374882606,1.2551813306188973,0.00032977694411035386,-0.0040169601161379595,0.00403047409215217,0.00028259693668129506,-0.0006015577398942773,0.0006646297789358847
1523,140.7906311875878,2.517197367789745,0.0006882009470196831,-0.0076406178901096775,0.0076715488844263284,0.0005849831472523401,-0.0010187863790336073,0.0011747897550939326
1524,3.8577565922327715,8.742713899668656,-0.0008071047540991017,-0.020296983451922598,0.02031302427832225,-0.000675161659954475,-0.0011805931656161117,0.0013600159887927619
1525,5.388368837127642,8.742713899668656,-0.0011321294926699575,-0.020302144189100473,0.020333685742216025,-0.0009466589455170978,-0.00118752113249284,0.0015186736315761268
1526,145.40816326529364,0.0,0.0,0.0,0.0,0.0,0.0,0.0
1527,146.1217524012584,1.2690719465426687,0.00014921123218819175,-0.004048468924990015,0.004051217672308034,0.00012799611547232865,-0.0005966735929573081,0.0006102478038539664
1528,144.5911401563563,1.2690719465426687,0.00021175116753451148,-0.004050923013594825,0.00405645360124141,0.00018191600340233997,-0.0005990941465851018,0.0006261048065351451
1529,143.81477512969292,2.524253277161566,0.00045731139708999604,-0.007643229733853019,0.007656898489490591,0.00038970436429752275,-0.0010039204660120035,0.001076905656791854
1530,51.22304941273684,6.2995375705665335,-0.017272726670086537,-0.021173555534197627,0.027325199735395708,-0.013263492079021277,-0.003713064933239328,0.01377341908636747
1531,52.74708429501693,6.3042183173118,-0.018221003357381065,-0.022453389788926345,0.028916425719012265,-0.014138029750106975,-0.004517622593525707,0.01484226394834844
1532,86.53205262780766,3.700462429429276,0.008974673038226228,-0.017695652044854956,0.019841392527633846,0.00689483484865427,-0.004760459082339581,0.008378586889496746
1533,85.00801774552042,3.6957816826833545,0.0075599644295635,-0.017721214020546393,0.019266408293666867,0.005706504689701032,-0.004619096627516197,0.0073416789243272804
1534,17.70395379746831,6.2838657160061295,-0.0030898544539925627,-0.01619223457917332,0.016484406607877453,-0.0025548388557619347,-0.0013739255367468967,0.0029008400437521885
1535,14.608171049433674,6.309815809175833,-0.0024874978038264806,-0.016219464153585248,0.016409103045367177,-0.002069076190835305,-0.001343409016701826,0.00246694630457116
1536,13.070730725148325,6.300915770535621,-0.002196289130182509,-0.016189216987067268,0.016337516108567582,-0.001831089122928092,-0.0013266479018370237,0.0022611682890829126
1537,25.30291440746672,3.696144980029022,-0.0030491098279934606,-0.010713964347716725,0.011139394184034937,-0.0024562525469304635,-0.0013039974593688324,0.002780932568104225
1538,23.786459217115787,3.6895930690251006,-0.0027977241219813475,-0.010715054594152701,0.011074278993162002,-0.002269361160546609,-0.0013224863807873282,0.002626589100785545
1539,133.87677469793073,3.699262917149844,0.001763492749495611,-0.010711072125739069,0.010855273960628908,0.0014713715704272854,-0.0012961287706277549,0.0019608375986579487
1540,135.40084120215303,3.6944279284731016,0.0015770374855433077,-0.010687851779734645,0.010803574542547748,0.0013206061895125812,-0.0012831111999306415,0.0018412971132238246
1541,97.14141675963123,6.299537570570652,0.01827266513527732,-0.02254148436276289,0.029017388035842633,0.014188440586046049,-0.004582188548133425,0.014910006645015416
1542,98.66545164191788,6.304218317316191,0.01734796580799182,-0.02128282015671108,0.027457427984029396,0.01332983232099985,-0.003778446310281066,0.013855002209514397
1543,81.91972487879559,3.72899231532023,0.005048185649178008,-0.017913698476692545,0.018611415084899472,0.0037027958484389125,-0.004401441151589301,0.005751815479143971
1544,80.38073019346737,3.746908922315893,0.003887570158272754,-0.018038413651712923,0.01845257621054025,0.002822166901010197,-0.004354377575939037,0.005188952696932034
1545,55.835377161723144,6.271007684676355,-0.019371585426446025,-0.025025375337043687,0.03164692295775389,-0.015324651762096572,-0.006193822143661279,0.01652901643706722
1546,57.374371847043946,6.253091077681649,-0.019431255634873943,-0.026282472200586035,0.0326855019928163,-0.015489335978129105,-0.00701561899771385,0.017004071246747004
1547,101.75374450863976,6.2710076846774125,0.015205492385946569,-0.018942177388383944,0.024290184908972657,0.011481780416660824,-0.0023621411276203395,0.011722243481655356
1548,103.29253176144562,6.249657223297195,0.014146898608888852,-0.017961661876820426,0.02286385876503364,0.01062640325198418,-0.001786724839472082,0.010775566422502646
1549,138.4885332520975,3.7282382226323896,0.0012283613852407135,-0.0107380362913569,0.010808066204795765,0.001034299434726251,-0.0012547002074503825,0.0016260528685289033
1550,140.02524396956545,3.7406839401201673,0.001061274839922584,-0.010753487348391978,0.010805729704091206,0.0008958870855271443,-0.0012411644858420882,0.0015307197493107535
1551,54.29549517226326,3.8363687837598768,-0.014745703916612372,-0.01615236853419347,0.021870866312535514,-0.011887893619673857,-0.004280907147550582,0.012635196109227276
1552,49.73740356033472,8.757076795795214,-0.016994374797989112,-0.02447132388423999,0.029793530630355006,-0.01231102238898105,-0.0024249798602303703,0.01254758142370535
1553,11.505029425231593,8.752716977123072,-0.0025006029994086997,-0.020352028967127008,0.020505074943521388,-0.002084813460816682,-0.001236269105080838,0.0024238004180583447
1554,20.721296075416095,8.74176816204103,-0.004933819720525566,-0.02033945628157444,0.0209293109983278,-0.004067035779875599,-0.001289822290850385,0.004266663986859389
1555,26.020408163212984,0.0,0.0,0.0,0.0,0.0,0.0,0.0
1556,26.792544623760584,1.2423064257184318,-0.0012302873416868317,-0.00404908143579426,0.004231863350441334,-0.0009935463130045432,-0.0006566905626515587,0.0011909562423366117
1557,16.125122618128206,3.8315478066036888,-0.0018195937807763086,-0.011028305068489746,0.011177407311658479,-0.0015176295056064776,-0.0013132693512872481,0.0020069568269690786
1558,83.45960686826443,6.16363121623224,0.011177398042993102,-0.03012657195998664,0.032133231475713106,0.008851847816866012,-0.008840710105416389,0.012510530162265988
1559,87.24489795901312,0.0,0.0,0.0,0.0,0.0,0.0,0.0
1560,88.01769848021354,1.2429232042041725,0.0032166514001864257,-0.005815197728406624,0.0066455527122118935,0.0023427936050646834,-0.001361963586819232,0.002709912671610191
1561,133.16326530607665,0.0,0.0,0.0,0.0,0.0,0.0,0.0
1562,132.39055965068314,1.2427518453071147,0.0007118050492226218,-0.004022225830034565,0.0040847236205031135,0.0005972153846541421,-0.0006382913079663413,0.0008741178464560586
1563,95.65577090722539,8.757076795795806,0.020032758548768303,-0.029323368822857566,0.03551297473029519,0.015089395275428604,-0.005205149990456789,0.01596193710679501
1564,136.9520664316805,6.156708203248656,0.0021507712821855238,-0.015917349669210202,0.01606199980077761,0.0017936846588534007,-0.0013312437948924671,0.0022337221619632415
1565,100.21386251917241,3.8363687837667806,0.013677809037436647,-0.014161059514482195,0.019688018352218447,0.010962600618556603,-0.0030620965137748545,0.011382225062862258
1566,6.897293895919935,8.751432550537485,-0.0014588861973557083,-0.02032210556201267,0.02037440363324584,-0.001219274571109179,-0.001196272478595363,0.0017081271389443368
1567,15.379575688041971,7.53739012731554,-0.0030570183238571645,-0.018426020402176984,0.018677890375892053,-0.002538415225176704,-0.0013223928613841675,0.0028622150050701474
1568,16.103899781888394,8.762207098174713,-0.0036441023921374885,-0.02038540036915521,0.020708549694634232,-0.0030247867085670217,-0.0012753166597617056,0.003282646373734075
1569,11.502551620702528,3.815673179308909,-0.0012511241995342413,-0.01094468890615021,0.011015966912398914,-0.0010529145828209027,-0.001262878755050113,0.0016442298709954878
1570,10.73439952404669,5.039165046303907,-0.001473155660657669,-0.013652669522068896,0.013731918026239331,-0.001235500993011286,-0.0013076743155145659,0.0017990205166112925
1571,26.06139019181398,4.954106432786512,-0.004084290106128278,-0.013486262100437992,0.014091156485992466,-0.0032742333656514753,-0.0013329368118070208,0.0035351555378817
1572,26.785714285660408,6.199946466606917,-0.005139709785562077,-0.0159050595396644,0.016714889638884012,-0.004116406369115815,-0.001264290887267665,0.0043061854167378
1573,54.32266293240457,8.761757542540481,-0.020017271676016652,-0.0293025356942164,0.03548703655508987,-0.01507248264730068,-0.005184552248381928,0.015939238224249686
1574,55.07333261606651,7.499741505370977,-0.020141100498989695,-0.02751919709770918,0.034102347986802437,-0.015597155463773101,-0.005919158652150591,0.016682556689861308
1575,22.21486494361991,1.2357545147145106,-0.0009405228923483046,-0.004019697878004084,0.004128262872136628,-0.000775987788869064,-0.0006515850993179888,0.001013272021782469
1576,21.47004983547298,2.497540360924222,-0.001734519765173119,-0.007671871277320574,0.0078655049241325,-0.0014271240883436365,-0.001097041487227536,0.0018000508848999407
1577,50.46523768903822,5.0421928962953855,-0.015752493101324254,-0.017738999962289115,0.023723683494966827,-0.012358947602055713,-0.003464917743054668,0.012835468078589644
1578,49.744897959083545,3.8000535333930583,-0.013596673552646632,-0.01404658198359108,0.019549322165205267,-0.010904641537642007,-0.0030486787074972353,0.011322793335834335
1579,132.39795918362543,6.199946466602732,0.0030349154564537598,-0.016032565928473106,0.016317287828516682,0.0025101652599194,-0.0013743741051082323,0.002861788568867079
1580,133.11886810842196,4.956778950318628,0.002390162097607221,-0.013539103883982839,0.013748462053412278,0.0019830485862506364,-0.0013743498412438163,0.00241274101004595
1581,96.38360503592955,5.042192896298936,0.01716937543037666,-0.019759097310336614,0.02617650433477651,0.013652991369129558,-0.004745515172075146,0.014454206570196844
1582,95.66326530597478,3.8000535333972674,0.014646864110971857,-0.016041940550934233,0.021722672140530582,0.01181077849392796,-0.0042658868152020794,0.012557558638236422
1583,83.43243910812207,1.238242457458251,0.001993661664358205,-0.0058912002964316415,0.006219399308985378,0.0013809959557936427,-0.001286312875796631,0.0018872600892189172
1584,82.68176942445655,2.5002584946277264,0.0037111646922651158,-0.01195651923524484,0.012519229033606466,0.0026487630782506123,-0.0027777880311589866,0.003838235556965437
1585,100.24103027931628,8.761757542541345,0.017003709912281704,-0.02450004341540376,0.02982244587785677,0.012316741145735584,-0.00243622799133264,0.012555370136989534
1586,100.99169996298014,7.499741505370466,0.016250959628018233,-0.021754759431425092,0.027154433279865327,0.012007410275322056,-0.0023985202671129476,0.012244623350338763
1587,137.72652032837357,2.4999328938012195,0.0009262914856712653,-0.007615039805672427,0.007671169868957579,0.0007839512530905847,-0.0010357795689567703,0.001299006883234485
1588,136.97585064470968,1.2379168566303722,0.0005118790322501169,-0.0039824400064341235,0.0040152021802773935,0.00043526884022124587,-0.0006121434552400517,0.0007511182151038394
1589,87.28986435150934,4.957807103701068,0.013280236600145457,-0.023834851233815645,0.027284882581641544,0.010554184894668365,-0.006997543333465188,0.012663191994697426
1590,88.01020408146418,6.199946466602817,0.017099208409960567,-0.029391045080887187,0.034003183074441855,0.013788560375177571,-0.008962824167289354,0.01644556518559527
1591,7.710271201897708,5.0255527806625135,-0.0010395148505503286,-0.013599307584059663,0.013638979356622597,-0.0008744618666642113,-0.00128034720804171,0.0015504749367177975
1592,6.944395884608592,3.8124418876224047,-0.0007401091219742247,-0.010902023828227055,0.010927116960280966,-0.0006262940677722704,-0.0012257897261881198,0.001376519056226641
1593,54.305329594250196,6.29478126438634,-0.018961126791238306,-0.023756369328204286,0.03039554922766589,-0.014864306492826085,-0.00535168166574616,0.015798357641354854
1594,49.73740356033474,6.256808917319282,-0.016235051932385964,-0.019946069921534096,0.025718137890640456,-0.01236018850051221,-0.0030069065248765556,0.01272068184562209
1595,16.130272476219602,6.29683987820972,-0.002777849948682045,-0.01620712927213567,0.01644346343022387,-0.002304277582020128,-0.001359710170169448,0.0026755386227566885
1596,26.792544623760577,3.742574304194353,-0.0033304705705826305,-0.010791563557690783,0.011293798220315288,-0.0026604358127106558,-0.001272063926365627,0.002948909179054883
1597,11.524574040172318,6.278449718517866,-0.001910631598224977,-0.01613289669386504,0.01624564153362548,-0.0015962404784556812,-0.0013102014417464836,0.002065093577302246
1598,22.272485918482882,3.6923507767628423,-0.002579671440417541,-0.010726432837283476,0.011032273843286304,-0.002107918575956305,-0.0013287107829309391,0.0024917449844513795
1599,83.44977244627643,3.705218735609005,0.0062123360593838405,-0.017779288754766073,0.018833380682715256,0.004607315173190324,-0.004482919351946316,0.006428368301611581
1600,132.39055965068297,3.7430197237830134,0.001967191011510183,-0.010825559864974606,0.011002844489763339,0.0016339273464727585,-0.0013119072564320294,0.002095428171765982
1601,88.01769848021353,3.7431910826801365,0.010484827570894448,-0.0178460761235748,0.020698165189209763,0.008190257502238169,-0.004972278756822117,0.009581433816945827
1602,95.65577090722536,6.256808917319896,0.018935254141386804,-0.02369048980103257,0.0303279270048537,0.0148547291233452,-0.005367899044954785,0.01579485098013864
1603,100.22369694115997,6.294781264389636,0.016285649135768732,-0.020055386812534756,0.02583487774257424,0.012392016846696514,-0.0030208094404973462,0.012754895969964165
1604,136.9586121723603,3.7041390420919145,0.001398996423737103,-0.010695633137042597,0.010786739970715567,0.0011754450711694518,-0.0012679226573229629,0.001728958929613275
1605,53.509128840673576,5.075484496617177,-0.0171992280870233,-0.01978622008118087,0.026216558734707657,-0.013667130241218284,-0.0047118719768106335,0.014456562058673449
1606,48.97209743788727,7.431527708372725,-0.016207450681169022,-0.021604153076399072,0.02700779309256885,-0.011989883481289931,-0.002396717033254652,0.012227082989511527
1607,27.557850746208018,2.567855513140916,-0.0024928549045201043,-0.007836522584295071,0.008223467139178986,-0.001989731969409598,-0.00107679735147589,0.0022624159313079655
1608,16.93254915886001,5.056291397866423,-0.0024403469787654506,-0.01374781470165596,0.013962725466320585,-0.002024167969055886,-0.0013752214822217654,0.0024471391648445457
1609,12.311317576280038,7.5279000062638985,-0.002383924651474303,-0.01838904085304011,0.018542921027677517,-0.001987133167927634,-0.0012916239882184745,0.0023700191463402807
1610,22.251498525838777,6.131047174625847,-0.00399121918427821,-0.0159002703873664,0.016393548394667678,-0.0032568227552092818,-0.0013870879580383973,0.0035399021825728615
1611,23.05778667688722,4.910434816358922,-0.003449552335144422,-0.013454392180743034,0.01388956731745592,-0.002804071851834458,-0.0013942733867742321,0.0031315838208991332
1612,21.486602197863526,7.416219074618544,-0.004497248367732193,-0.0182211636706044,0.018767952695806313,-0.003688041482782154,-0.0013544321789335859,0.00392888489345931
1613,84.24597319985946,4.924515503375858,0.009504216820605132,-0.02387819005037533,0.02570015753755056,0.00734822946711949,-0.006642550762114171,0.009905551823533445
1614,131.62525352823204,2.568300932735876,0.001475631149280243,-0.007842658806240995,0.007980274709547007,0.0012279209935496735,-0.001096185350228436,0.0016460292489671794
1615,88.78300460266459,2.5684722916329337,0.0074220016061348594,-0.012108998382236303,0.014202603622662636,0.0056765631861276904,-0.003174263054799101,0.006503792397298877
1616,136.16285412587698,4.922733257304271,0.0019010606234049828,-0.013441642372665106,0.013575410902381074,0.0015876717609235721,-0.0013441938522392761,0.0020802785228983215
1617,94.89046478477434,7.431527708367045,0.020121723933409785,-0.027395193248096077,0.033990886825043046,0.015602417164109683,-0.0059426722080102475,0.01669583104654458
1618,99.4274961875775,5.075484496623137,0.015849474377783813,-0.017884185127811873,0.023896650722180147,0.012432586466409934,-0.003504418205591952,0.012917048935590657
1619,6.953934678501418,6.263553026290888,-0.0011226897888712223,-0.016068000692977712,0.016107174756349048,-0.0009416648197665896,-0.0012676755157079098,0.0015791560549582675
1620,46.68367346929374,6.174450912577518,-0.014089409661536689,-0.017804351322195294,0.022704765812814734,-0.010599590392515531,-0.0017927868482335366,0.010750134937399933
1621,47.44897959174121,4.999732121524076,-0.013753352861389121,-0.015861191011941406,0.02099362034636168,-0.010650892187337075,-0.002300001911733759,0.010896399092372529
1622,48.214285714188655,6.174183034101576,-0.015126875309681126,-0.01873523352310271,0.02407968712005686,-0.011444324872305966,-0.0023727696513249977,0.011687711820588746
1623,29.846938775450155,3.8255937338351385,-0.004019252380634239,-0.01087786991406464,0.011596656568448799,-0.00316232315093662,-0.0011532303479731883,0.0033660403958413916
1624,29.081632653002714,5.000312524888575,-0.004819856773571269,-0.013440325645648931,0.01427842332958472,-0.0038039311796097272,-0.001178260230726218,0.003982234246063138
1625,28.31632653055528,3.825816965898406,-0.0036891279147831277,-0.010939483153778596,0.01154478048485279,-0.00292401372210528,-0.001224998538313156,0.003170248833440262
1626,91.07142857126838,3.8255490874287696,0.013224327053763267,-0.017709915777763926,0.022102577742887517,0.01057295112396094,-0.00505271019553691,0.011718241155981964
1627,90.30612244881732,5.000267878475973,0.0161235030985813,-0.023113432835034208,0.028181521065932517,0.01295734117309369,-0.006764826878564376,0.014616961824294951
1628,89.54081632636627,3.8258169659047248,0.012084283530995419,-0.018050459502019948,0.021722085459079415,0.009574720999894384,-0.005142405444961062,0.01086828486865263
1629,92.60204081617053,6.174450912571248,0.01931440678740433,-0.02604700140549446,0.03242672650402999,0.015406729203858844,-0.006983636123139819,0.01691562822544467
1630,93.36734693862157,4.999732121524099,0.01731505265607181,-0.021472955323644592,0.027584395204785186,0.013889389902649553,-0.005838096637364416,0.015066470197595355
1631,94.13265306107266,6.174183034095329,0.019258370698475476,-0.024765908753796376,0.03137252107117416,0.015253720173437978,-0.006174934485504144,0.01645617802011807
1632,129.33673469382126,3.825549087428729,0.002421348435966877,-0.011040457969588274,0.011302859833980269,0.0019900025271075887,-0.001341153594080621,0.002399750616378701
1633,130.8673469387233,3.82581696590466,0.0022143664332133204,-0.011032530626998948,0.011252561963224716,0.0018309548614868722,-0.001332119238071668,0.002264274137387753
1634,130.1020408162722,5.000267878475867,0.002921275996867141,-0.013648625742092566,0.013957751899843468,0.002402847819758619,-0.001397401838318454,0.002779641981021035
1635,69.64285714268915,6.174450912582807,-0.0066177851199798925,-0.029906790465374856,0.030630233362383377,-0.0050949233183576765,-0.008152536071484962,0.009613640726426604
1636,71.17346938757942,6.174450912578233,-0.0046636194792791805,-0.029914648250212835,0.030275989275025745,-0.003564741862091843,-0.008016905500351723,0.008773719755321555
1637,66.5816326529129,6.174450912580717,-0.011133582897736742,-0.030191146966119162,0.03217859573179946,-0.008815465492110972,-0.008864629419845838,0.012501763339377197
1638,68.11224489780213,6.174450912583396,-0.00872983619333946,-0.030127158953694604,0.03136647488296574,-0.006798909760015501,-0.00856353419450366,0.01093431716319165
1639,68.11224489780213,3.8255490874157467,-0.005158889897138177,-0.01839000657096005,0.01909990802728506,-0.0037919634710470605,-0.004544806240893422,0.005918973790533209
1640,66.58163265291441,3.8255490874158973,-0.0063995110265252725,-0.018369228723995705,0.0194520514417654,-0.004758794181629179,-0.004662693176677942,0.00666234416125036
1641,65.81632653046961,4.999999999998375,-0.009591768138245117,-0.024259253684154044,0.026086651861248807,-0.0074247351245622885,-0.006771267168542958,0.010048718860516337
1642,65.05102040802547,3.825549087415065,-0.00779541090116403,-0.018356107697353616,0.01994279621604833,-0.005900028346577401,-0.00481447316009102,0.007615082816335859
1643,71.17346938757674,3.825549087415223,-0.002807384948235101,-0.01841096150262341,0.018623772810541325,-0.0020291695354792976,-0.004369669287109371,0.004817835476894597
1644,69.64285714268915,3.8255490874151583,-0.003956421619875809,-0.01842152817701645,0.0188416021720774,-0.002877931781832521,-0.00446443927507568,0.005311657875063112
1645,63.520408163134704,3.825549087416895,-0.009256807058689028,-0.018313599723841414,0.020520146485024888,-0.007128945389082373,-0.004961337740256321,0.008685432317012812
1646,72.70408163246645,3.8255490874134415,-0.0016696416158223312,-0.018402903851232194,0.01847848947514332,-0.0011993856076319984,-0.004305228596772901,0.004469174320416014
1647,71.93877551002231,4.999999999996248,-0.002971944474389796,-0.024133068501889097,0.0243153747508799,-0.002207246734673008,-0.006044981620298401,0.006435350879126183
1648,65.05102040802396,6.174450912579884,-0.013360935299150086,-0.030203784143286366,0.03302700665580082,-0.01068166275588702,-0.009159417272074255,0.014070992999588765
1649,63.520408163134704,6.174450912579851,-0.015419510605770103,-0.029848399546613495,0.0335959560485445,-0.01241054833493834,-0.009129348447975433,0.0154067100011129
1650,61.98979591824457,6.174450912580685,-0.017052141400720578,-0.02928102844111352,0.03388442345561553,-0.013750293925143415,-0.008927451571489067,0.016394205518692223
1651,62.755102040690524,4.999999999998376,-0.013359072679341206,-0.024056494490668642,0.02751689935351531,-0.010623684503081248,-0.007079659053889131,0.0127665282963037
1652,72.70408163246911,6.174450912576452,-0.002798116581965179,-0.029864149238094117,0.02999494734320142,-0.0021343675363024875,-0.00787060201601733,0.008154869764414268
1653,68.87755102024558,4.999999999998618,-0.006021847394975188,-0.024161892085703057,0.024900997474188245,-0.004523717499698007,-0.006300331382418669,0.007756171448940742
1654,74.23469387735773,3.8255490874165767,-0.0005592206760994291,-0.01839488427952113,0.018403382716814607,-0.0004020688289138697,-0.004269020166938144,0.004287912374210643
1655,74.23469387735932,6.174450912571489,-0.0009240808469654878,-0.029863867736670872,0.029878161282199077,-0.0007021189816596328,-0.007822351214895284,0.007853798418191065
1656,61.98979591824456,3.8255490874177296,-0.010734027040636057,-0.018255113585166207,0.021177075069905803,-0.008400475743129528,-0.0051153301106261345,0.009835374667575504
1657,60.459183673350296,3.825549087421579,-0.012103945226638803,-0.018057111517936434,0.021738554837446415,-0.009594517083776155,-0.005149914830903164,0.010889278251400725
1658,60.45793907821696,6.205550351349146,-0.018271668148296196,-0.028522278859489544,0.03387291319417251,-0.014707459358905448,-0.008481992875622603,0.016978031803950893
1659,58.918375935590994,6.220657466200694,-0.019060864255548843,-0.027454683059561336,0.03342268942005451,-0.015285546000804109,-0.007810179165581976,0.01716527934934906
1660,59.684926653174415,5.015107114850759,-0.016170505963066604,-0.02317113285431815,0.028255736777759565,-0.012996534923139843,-0.006780592714798358,0.01465900261178673
1661,75.76530612224994,6.174450912570555,0.0009222924019635107,-0.029860536657677492,0.029874776530699285,0.0007003123547025329,-0.007819018027449168,0.007850317210643408
1662,77.29591836714684,6.174450912570681,0.0027922105834802067,-0.029863733464481627,0.02999398300293075,0.00212843683323153,-0.007870176760164486,0.008152909026187514
1663,74.99999999980264,4.999999999993534,-1.41772760796323e-06,-0.024110426682098833,0.02411042672378104,-1.424779942154974e-06,-0.00594653081218334,0.005946530982870915
1664,58.91962053072433,3.8406562022731268,-0.01329342628310417,-0.01777794399575459,0.02219843406775603,-0.010633012535771435,-0.005075882228532088,0.011782424877070099
1665,75.76530612224836,3.8255490874156433,0.0005568357559635036,-0.018394282288531825,0.018402708685661334,0.00039963199402809016,-0.004268398628860321,0.004287065731419048
1666,34.438775510134775,6.174450912577514,-0.0075336472651689945,-0.015186588067324723,0.01695253073268407,-0.005796571496943756,-0.0004978436626204424,0.005817911088319596
1667,35.2040816325822,5.0,-0.006771885794552066,-0.012995309329270337,0.014653890329120001,-0.005204110127227085,-0.000627285126613095,0.005241779168028496
1668,35.96938775502964,6.174450912577512,-0.008163475355741301,-0.01505221284722096,0.017123417926390726,-0.006238428556085403,-0.0003071126682602319,0.006245983432605929
1669,32.90816326523989,6.174450912577523,-0.006964566021362509,-0.015350629004340428,0.016856660128709212,-0.0054000580989183805,-0.0007014837535697076,0.005445429912157188
1670,42.091836734609146,6.174450912577511,-0.011288505370595005,-0.015680545701647744,0.01932122840306526,-0.008481429540589138,-0.00044682723243313384,0.008493191486574523
1671,40.56122448971426,6.174450912577514,-0.010441967173411669,-0.015250115460262125,0.01848244302038918,-0.007869564166279116,-0.00018828948848045694,0.0078718163786166
1672,41.326530612161704,5.0,-0.009860364604974355,-0.013373745188477691,0.01661577113796893,-0.007539130657671202,-0.0006457104264658339,0.0075667319913080375
1673,34.43877551013476,3.8255490874224938,-0.0053274830147562666,-0.010659741382439279,0.011916885566833518,-0.004130333197052631,-0.0008668768773537391,0.0042203231913167
1674,35.96938775502963,3.825549087422492,-0.005917370195472251,-0.010604974946051168,0.012144165827121939,-0.004584056105024995,-0.0007711438069756132,0.004648465676441397
1675,42.09183673460913,3.8255490874224964,-0.009072919895257152,-0.011193201287481334,0.014408526312146806,-0.007102499411985428,-0.0010388370061914214,0.007178069393833282
1676,40.56122448971425,3.8255490874225,-0.008186823853985321,-0.010877735179938109,0.013614301578158398,-0.0063850532191335315,-0.0008324464762556709,0.006439089356966399
1677,39.030612244819395,6.174450912577519,-0.009601093218440585,-0.015005285775564568,0.017814027961007194,-0.007256365500544286,-7.881455316463906e-05,0.007256793507554136
1678,31.377551020345024,3.8255937338351327,-0.004392368961557553,-0.010808553227208905,0.01166695024245249,-0.003433228665603299,-0.0010682179371822604,0.0035955734774355723
1679,29.846938775450155,6.17449555899017,-0.005975631761055422,-0.015651316880670445,0.016753265205412763,-0.004710761213934574,-0.0010453709255560367,0.004825357146026419
1680,31.377551020345024,6.174495558990177,-0.006448862023838052,-0.015510157653897145,0.016797404914189715,-0.005041474363454096,-0.0008874981465767373,0.0051189956746946
1681,46.683673469293744,3.811332272218795,-0.011919761376452613,-0.012738566356834296,0.017445680958307192,-0.009469603182185746,-0.0021470205189828527,0.009709947555831381
1682,45.15306122439887,3.825549087422498,-0.010981855131238753,-0.01216300786845553,0.016387187145194444,-0.008678100973199692,-0.0017189580429087022,0.00884670861136106
1683,37.49999999992452,6.174450912577516,-0.008849961504270564,-0.014978803160327691,0.017397883858185564,-0.006721821201463034,-0.00015603528408976962,0.006723632000215279
1684,37.49999999992451,3.8255490874224867,-0.006584398752128477,-0.01060189574664177,0.012480164275749413,-0.005103871987621323,-0.0007141167762583309,0.005153588268008924
1685,43.622448979504014,3.8255490874224876,-0.010020531887847541,-0.01163219197154389,0.015353141352121381,-0.00788077679651893,-0.0013455183475333393,0.0079948147283161
1686,43.622448979504014,6.174450912577523,-0.012176544211501102,-0.016282334321377687,0.020331813492351213,-0.009133382844972306,-0.0008349547908480526,0.009171468350029592
1687,32.90816326523989,3.8255490874224796,-0.00482931098819594,-0.010727985861984507,0.011764859764385188,-0.0037569232696595864,-0.0009656470673116337,0.0038790394059247755
1688,45.15306122439887,6.174450912577534,-0.013111743158687217,-0.01698480276660811,0.02145696468934876,-0.009838032205436338,-0.0012788305090947055,0.009920800630301669
1689,44.38775510195143,5.000000000000007,-0.011727838494223758,-0.014400742602743995,0.018572118437514943,-0.008997255567665938,-0.0013255981033608588,0.009094383875861499
1690,32.14285714279246,5.000044646412654,-0.005680330629715861,-0.013224419402709329,0.014392755976589166,-0.0044152097844188075,-0.0009287118743550767,0.004511827034139905
1691,38.26530612237195,5.000000000000001,-0.008160443074816476,-0.012932811513444335,0.01529216939546507,-0.006236667522191381,-0.0004305244536322514,0.006251509664675576
1692,39.03061224481938,3.8255490874224893,-0.007344880951324071,-0.010681487634119339,0.012963080431246561,-0.0057076320258282005,-0.0007241308428222338,0.005753384118915247
1693,78.83672610491112,3.779342533796741,0.002776554319065896,-0.018186545770760634,0.018397274280683402,0.002003716258936319,-0.0043063022444868645,0.0047496439726782014
1694,78.83548150977973,6.159343797720798,0.004656632537529447,-0.029843589475592215,0.03020470260368833,0.003556899826451191,-0.007995124821158519,0.008750631821835126
1695,78.07017538732615,4.984892885142717,0.002967381307681377,-0.024059729698135413,0.024242028483039864,0.0022021428247973665,-0.0060228040678801005,0.006412768657988499
1696,77.29716296227825,3.7944496486466233,0.0016528601664824655,-0.018251024730144446,0.018325715550294035,0.0011853452522970517,-0.004261972832363889,0.004423737762452814
1697,124.74489795911506,3.825549087428803,0.003129586398791052,-0.01101706254586124,0.011452946265783163,0.002520288645777598,-0.001314388235071873,0.0028424410795178908
1698,123.97959183666401,5.000000000000057,0.004106353531161394,-0.013580239732370384,0.014187496273533709,0.003292408848743424,-0.001331359782671666,0.003551404637351191
1699,123.2142857142129,3.825549087428751,0.0033926001296255568,-0.010985322102079273,0.011497262166531939,0.002709711229769674,-0.001278451317637895,0.0029961596620190233
1700,104.83653585,3.8166192215921244,0.01097627067560833,-0.012146989219195582,0.016371556585599092,0.008675729016390764,-0.0017234501787391603,0.008845256044029517
1701,124.74489795911506,6.174450912571306,0.004729597605004818,-0.015919978071440785,0.016607672784000254,0.0038141527169415334,-0.0013284253496584787,0.004038870492819463
1702,126.27551020401728,6.1744509125713,0.0043594442612130664,-0.015961158408017928,0.016545794994271654,0.003538459985486966,-0.0013678115292207887,0.0037936272152600515
1703,110.96938775499599,6.17445091257128,0.00959863353020251,-0.015005537351664253,0.017812914328074417,0.007253906272266943,-7.906871197797122e-05,0.007254337190126163
1704,111.73469387744706,5.000000000000034,0.008159134428033014,-0.01293266182683211,0.015291344497522579,0.006235359183501512,-0.00043037516277525355,0.006250194151225262
1705,112.49999999989808,6.1744509125712845,0.008848100721778636,-0.014978343869549424,0.017396541939627207,0.006719960604598427,-0.00015557637056217745,0.006721761267289412
1706,115.5612244897023,6.1744509125712455,0.007532821076794696,-0.0151843722144949,0.016950178551370106,0.0057957450548329105,-0.0004956286765690557,0.00581689853149062
1707,114.03061224480018,6.174450912571265,0.00816222679536064,-0.01505076761030277,0.017121552263689242,0.006237179858969781,-0.0003056677504120805,0.006244665352665448
1708,114.79591836725125,5.0000000000000195,0.006771368663008455,-0.01299372072185497,0.014652242550815769,0.0052035938794003,-0.0006256972070115222,0.0052410768222374195
1709,115.56122448970228,3.8255490874287545,0.005327280616786373,-0.01065826235924558,0.011915472096752984,0.004130132440948174,-0.0008653991267059888,0.004219823411977805
1710,114.03061224480018,3.825549087428774,0.005917048706013564,-0.010603993568210351,0.012143152184831717,0.004583736264617064,-0.0007701627454071002,0.00464798760733918
1711,126.27551020401714,3.8255490874287945,0.0028774676228311177,-0.011035833706495314,0.011404799231808486,0.0023340055807556507,-0.001335505136753807,0.002689080887830325
1712,117.09183673460443,3.825549087428758,0.004829209041879748,-0.010726653289917839,0.011763602797284441,0.0037568229813532026,-0.0009643178920917973,0.0038786115956914186
1713,123.2142857142129,6.1744509125712534,0.005121179141435341,-0.015855641114727346,0.016662167654831247,0.004101108226039036,-0.0012634511810035928,0.004291316530910348
1714,121.68367346931076,6.174450912571176,0.005533417001585982,-0.015764326586273046,0.0167072647800924,0.0043972299938115755,-0.00116792780409696,0.004549690865768673
1715,117.09183673460443,6.174450912571242,0.006964044347328253,-0.015348428810645052,0.016854440976401253,0.005399535458261789,-0.0006992845882376492,0.005444628738525066
1716,106.37630642515481,3.804945961124048,0.009995398609066133,-0.011586882078031054,0.015302412543266452,0.007864779400200606,-0.0013492041061578097,0.00797966833483027
1717,105.60308656758612,5.011673260468071,0.011741402152107139,-0.014429242384555589,0.018602783670455387,0.009004970966409627,-0.0013269849373897854,0.009102219022301085
1718,121.68367346931076,3.825549087428827,0.003688842280875459,-0.010937104164433236,0.011542434963075913,0.00292372721876387,-0.0012232148999560908,0.0031692957484613683
1719,120.9183673468597,5.0000000000000036,0.004818740178235444,-0.013437811101305682,0.014275679461928066,0.003802868869335986,-0.001176391470194528,0.00398066684470218
1720,120.1530612244086,3.8255490874288256,0.004021347861030314,-0.010878081559091082,0.01159758151623219,0.00316442241747249,-0.0011535559423229529,0.0033681241883682126
1721,120.1530612244086,6.174450912571175,0.0059748797141680795,-0.01564926620486285,0.016751081169567524,0.004710010709220646,-0.0010434022366933044,0.004824198286607814
1722,91.0714285712684,6.188667727776142,0.019003560775035976,-0.027350626100885556,0.033304535280362764,0.015242043815312639,-0.007791690253668767,0.01711812888948518
1723,92.60204081617051,3.811332272223875,0.013997833906922861,-0.017215292321059648,0.022187961686133646,0.01124892015698056,-0.004863559822467263,0.012255301662743407
1724,127.80612244891913,3.8255490874287084,0.002649146393323149,-0.011042163801010448,0.011355499021249684,0.002164733120351287,-0.001342753437826704,0.00254736261202469
1725,127.80612244891927,6.1744509125712135,0.004003041564301119,-0.01598278622964142,0.016476461920811085,0.003267439370264326,-0.0013862200263227674,0.0035493331767716073
1726,129.33673469382126,6.188667727776204,0.00367140050041387,-0.016018138825512715,0.016433500937652848,0.003012027178073729,-0.001390286776797806,0.0033174093873372975
1727,106.37630642515482,6.2055503513444314,0.012194544573371081,-0.016339318978074835,0.02038823832554472,0.00914127825698635,-0.0008292519013347495,0.0091788140240185
1728,107.9081632651919,6.174450912571237,0.011285543686434895,-0.01568200973155104,0.019320686466036657,0.00847845975125551,-0.00044830098295652564,0.00849030350016885
1729,109.43877551009393,6.174450912571254,0.01043922742339585,-0.015251369245931026,0.018481929906617185,0.007866823636145567,-0.00018955110357695565,0.007869106921569042
1730,104.83653585000002,6.217223611812508,0.013142350399302583,-0.017068901711371733,0.021542255676936843,0.009852439271884297,-0.0012732254747789586,0.009934367756218514
1731,107.90816326519189,3.825549087428758,0.009071801464511836,-0.011194244098211468,0.014408632230085596,0.007101363109491799,-0.0010398838154475568,0.007177096652719733
1732,110.96938775499603,3.825549087428851,0.007344003838817427,-0.010681663683571074,0.012962728548939312,0.005706755511052638,-0.0007243056902035139,0.0057525365879575975
1733,109.4387755100939,3.825549087428776,0.008185574971291446,-0.010878622493631576,0.013614259618854778,0.006383801573458024,-0.0008333300820953984,0.006437962531345633
1734,118.62244897950652,3.825549087428759,0.004393039045999893,-0.010809537445465565,0.011668114322571657,0.0034339093952975575,-0.0010693095617788275,0.0035965478829044478
1735,118.62244897950652,6.174450912571243,0.006448288724220376,-0.015508170429878197,0.01679534987885207,0.005040905078016155,-0.0008855955493698286,0.005118105458334432
1736,112.49999999989812,3.8255490874288554,0.006583837371700552,-0.010601474753333931,0.012479510466463721,0.005103312231707459,-0.0007136951473936289,0.005152975499428285
1737,117.85714285705545,5.000000000000001,0.005680401293509777,-0.013223244430392044,0.014391704281328245,0.004415287610302462,-0.0009276328326945065,0.004511681211475746
1738,127.04081632646816,5.000000000000022,0.0034849758788835753,-0.013641884674953956,0.01407998843611542,0.002834035183976651,-0.0013944940188813128,0.003158539059868237
1739,108.67346938764294,5.000000000000012,0.009858304938477298,-0.01337487945030208,0.016615461972816728,0.007537067648809336,-0.0006468502012162303,0.007564773884627469
1740,48.21428571418866,3.811064393742853,-0.012842447882845063,-0.013401702093019916,0.018561629416989394,-0.010256814225454138,-0.002604064698304886,0.01058222051407152
1741,28.31632653055528,6.1747187910534365,-0.0055341334068675615,-0.015766842974326303,0.016709876419114245,-0.004397920898896142,-0.001169929060592989,0.0045508726899098646
1742,130.8673469387233,6.1889356062521355,0.003343373197495556,-0.016017954203714872,0.016363159878520977,0.0027546619024255477,-0.0013852346965866225,0.0030833484008950677
1743,94.13265306107263,3.8110643937479565,0.014485146896569144,-0.01666083814124142,0.022077205624440596,0.01166970063389627,-0.004580346589120194,0.012536406493139253
1744,89.54081632636628,6.188935606252096,0.018242026456647107,-0.02845561530711931,0.033800792472245024,0.014684208571927591,-0.00846234616158809,0.01694807611330609
1745,22.95918367342324,0.0,0.0,0.0,0.0,0.0,0.0,0.0
1746,136.2244897958809,0.0,0.0,0.0,0.0,0.0,0.0,0.0
1747,84.18367346920888,0.0,0.0,0.0,0.0,0.0,0.0,0.0
1748,141.57049265325475,6.153118815520559,0.0013515749865761302,-0.01586844084940151,0.01592589620508977,0.0011330456147531057,-0.001282046662115446,0.0017109751631606462
1749,6.163213753467901,7.4941464502061415,-0.0011493546979123184,-0.0182879699640313,0.018324051452310544,-0.0009623727135974746,-0.0012370449645055376,0.001567303890151962
1750,5.465500634009628,3.7769431632895554,-0.0005712538197289308,-0.010809625734983366,0.010824709670793466,-0.000483385187562841,-0.0012135692409882704,0.001306296881351253
1751,142.29146228016197,4.967751253680195,0.0010304802895607591,-0.013478766031605555,0.013518099842874996,0.0008672312668408286,-0.001280962137834369,0.0015469176024441463
1752,143.06790840239657,6.163534263302115,0.001105074502859398,-0.01587745352937611,0.015915863791650386,0.0009272458089417426,-0.0012694245264596154,0.0015720125376654111
1753,144.5468036608124,6.220011404188189,0.0008721061522342415,-0.01597686107034114,0.016000645574530646,0.0007323954401890477,-0.0012588623408604834,0.0014564125356664728
1754,141.55943374904248,3.7338492335682174,0.0008862727028364204,-0.010725519213900124,0.01076207422904775,0.0007488483431036349,-0.0012282086886171491,0.0014384958893801944
1755,143.0568494981843,3.7442646813497724,0.0007297593506916702,-0.0107403693382888,0.010765132708553858,0.0006179113593430359,-0.001218922155515962,0.0013665963812380148
1756,144.5468036608124,3.758155297273544,0.0005679912273906397,-0.010765150765208887,0.010780124536946233,0.00048074409164212766,-0.0012117802074482764,0.0013036587562748935
1757,5.445009619709124,6.254834375422058,-0.0008741014550059439,-0.016042744787384326,0.016066540189685844,-0.0007338971830350095,-0.0012578851543366115,0.001456324186699913
1758,147.3669707439741,8.745925690470767,0.0005504998562845944,-0.02029857750603961,0.020306040945011084,0.00046072951006963665,-0.0011761807767574108,0.0012631994700215297
1759,1.5306122448949677,0.0,0.0,0.0,0.0,0.0,0.0,0.0
1760,2.632834338547492,1.2534325628157597,-9.974192990167958e-05,-0.003998832766059676,0.004000076492205242,-8.558648971287645e-05,-0.0005881896349721077,0.000594383793444937
1761,148.46938775509787,0.0,0.0,0.0,0.0,0.0,0.0,0.0
1762,147.36697074397406,1.253554469087837,9.959034012400161e-05,-0.004000216417559062,0.004001455937924978,8.543247913849131e-05,-0.0005892521056320228,0.0005954130939805752
1763,2.6287361356873915,8.74901080524226,-0.0005493993152918676,-0.02030274590546804,0.020310178012751205,-0.00045975170026959453,-0.0011755243006121574,0.0012622317565449243
1764,3.4498574552908328,2.5182552503519133,-0.0002499875110045315,-0.0076158789474361655,0.007619980701921734,-0.0002129546191159481,-0.000991172041490399,0.0010137907504189727
1765,146.54994763503674,7.47685374392808,0.0006379408827802727,-0.018247626956595306,0.018258774825189835,0.0005348185862166053,-0.0012243827639001822,0.0013360928383531505
1766,3.4252682381302275,7.491724704910917,-0.000633873907755264,-0.01827258111839712,0.01828357232215127,-0.0005313245367350651,-0.001223405284380183,0.0013338014294437114
1767,146.54994763503672,2.522626415630506,0.00025091929243010585,-0.0076279729657303015,0.007632098797658869,0.00021382024516209184,-0.0009925538999999359,0.001015323761982482
1768,4.750728134100669,5.014460602296046,-0.0006327094661915449,-0.01355812045475282,0.0135728755808854,-0.0005332299226690157,-0.0012609069539829178,0.00136902172993422
1769,3.9804982233676562,3.767162814078798,-0.00041575286738589144,-0.010779675737432912,0.010787690181449382,-0.00035242021447414373,-0.0012055998486896567,0.0012560537419754477
1770,145.26060155777452,4.98778374962739,0.0006290772386499041,-0.013502493574753622,0.01351713989379596,0.0005303341486483711,-0.0012611976999833702,0.0013681644446724727
1771,146.01852718928316,6.229628452353829,0.0006350643513099168,-0.01598927237522121,0.01600187919649804,0.0005336325633793804,-0.001251902070662737,0.0013608903362242297
1772,3.9600072090671516,6.2450540262113,-0.0006323742394399429,-0.01601824768842315,0.01603072537929525,-0.0005312712645935915,-0.0012512466908038353,0.0013593628793778438
1773,146.01852718928316,3.767772345439184,0.00041639047034900116,-0.010781032265572237,0.01078907029058144,0.00035303327102814263,-0.001205570719616909,0.0012561979344237364
1774,2.735084955381873,3.7557726893584036,-0.0002826337839546096,-0.010750046849952245,0.010753761627077321,-0.0002394367992579732,-0.0012017202228270171,0.0012253413707168784
1775,147.26374553199884,6.244626089367281,0.00043700460348432854,-0.01601382864993913,0.016019790293667326,0.00036743949203529966,-0.0012471359325726718,0.0013001383828735566
1776,2.7309867525217717,6.251350931784905,-0.0004360802072435292,-0.016026270460043898,0.01603220230678322,-0.0003665816354764523,-0.0012466721360020801,0.0012994512342341207
1777,147.26374553199884,3.7522548679843517,0.0002825521583047406,-0.010740967538582237,0.010744683307898843,0.0002393761390837597,-0.0012006414432353604,0.001224271543072425
1778,1.6328628617293481,5.002340126542646,-0.0002171175482602109,-0.013524319559279895,0.013526062234489506,-0.0001833527331242722,-0.0012517615383987463,0.0012651186401909254
1779,148.36616254312264,4.998700398896517,0.00021758470113516723,-0.013517124379849118,0.013518875493267904,0.0001838228260952483,-0.0012521973356222748,0.00126561803034453
