element_id,material_id,x_centroid,y_centroid,sigma_x,sigma_y,tau_xy,sigma_vm,eps_x,eps_y,gamma_xy,max_shear_strain,vp_shear_strain,plastic,yield_function
1,1,1.9472099422249822,46.07727141553945,461.1133748065433,1665.8435475583904,2.1674995422548347,1064.793239794834,0.000816305778535392,-0.0017074443963151081,9.081249017379013e-06,0.001261883256698262,0.0,False,-125.55664220731182
2,1,71.59033894834688,17.110587148389246,1919.6768380208714,4227.311467215372,524.2471673004965,2279.5269500289146,0.002155558024051841,-0.004730983320275316,0.003170606400979562,0.0037906858428607563,0.0011359857662412917,False,-0.10758067344369238
3,1,73.11576267716987,17.991290948853443,1788.0469457268784,4038.4691681714885,482.4526889623241,2199.10546040214,0.002592914685485802,-0.005034070621280419,0.00334166593721626,0.00416346118348602,0.0015990900243690348,False,-0.15018800557942313
4,1,3.911949062548045,45.71176211288431,494.4577330726395,1709.6409807984644,4.473840142198594,1075.2410433511402,0.0008110944986774251,-0.001734553483989272,1.8744205294260767e-05,0.0012728584953645807,0.0,False,-130.6704491137159
5,1,97.52523813760838,20.57733950909281,1194.4058716430352,2721.396130075847,314.34777270189875,1482.7518527340033,0.0007791125253064982,-0.0024197298535741604,0.0013170339122629228,0.0017296799480665094,0.0,False,-142.32485424553892
6,1,83.80811760480152,46.742221514236796,55.17315728369106,183.3377348759299,36.2717971269976,129.75139101104756,8.427903548140561e-05,-0.00018420878230871254,0.0001519692233362107,0.00015425656642677386,0.0,False,-400.848773894617
7,1,131.02523065885447,17.934047213895276,1212.3107528853236,818.812200984558,195.8645731856436,521.990642048259,-0.0008376570400603356,-1.332968309329251e-05,0.0008206206866972883,0.0005815784347101858,0.0,False,-437.4434846544773
8,1,107.04111443458787,29.40710889603004,404.2083537738306,878.5701896459065,96.33142322693675,461.58292940305637,0.0002281374966806582,-0.0007655877318408152,0.0004036031498360435,0.0005362800882835457,0.0,False,-358.634429097973
9,1,96.81837193055573,19.2289228118802,1307.128707112762,2953.3538523730385,347.10277182642636,1604.836764500055,0.0008317971619844142,-0.002616826515053426,0.00145426868339665,0.001871356638199559,0.0,False,-120.95278133221831
10,1,81.88030112284764,46.50175129760138,86.21328616943781,336.9875091159765,54.7161318253778,240.70383783381735,0.00017401443172620004,-0.00035132435643054835,0.00022924610071982376,0.0002865896967082228,0.0,False,-362.4651600135858
11,1,129.49980693004343,17.053343413438018,1238.8643070401572,988.6454851156299,160.18695447276752,416.59893665881384,-0.0007287214518165124,-0.00020454615525159533,0.0006711409135474289,0.00042579040247702746,0.0,False,-525.801318007532
12,1,105.44579548673119,28.83313571251216,474.9651752015414,1063.4486442050518,118.9371584631567,570.8238859360093,0.00029412014602054823,-0.0009386747912904086,0.00049831519332163,0.000664849868270029,0.0,False,-331.5685943345024
13,1,4.886954562696989,50.57940928935921,41.94027319817792,1129.768941391131,2.6382192795828305,949.3567895924465,0.0008939709377413791,-0.001384886065805127,1.1053440046132797e-05,0.0011394419051831708,0.0,False,-55.80462230314896
14,1,14.240925808953117,58.90524952447979,-621.9032929006672,131.38489718105689,-0.05484310278870689,654.208235179091,0.0010449744645998301,-0.0008394602482276955,-1.985238921787169e-07,0.0009422173616423514,0.00015319785682323884,True,0.00018470460469188765
15,1,3.895784517873729,49.18761526100669,171.22188896246107,1295.7204182983003,2.742082978395161,984.8423534984396,0.0008705327660011686,-0.0014851427406128985,1.1488601435745833e-05,0.0011778517606668923,0.0,False,-77.09154851248917
16,1,36.77381977327281,20.234279472028835,2717.722370789634,4816.908826617066,299.1696434723719,2034.9820470418158,0.0006203533614278986,-0.003777164277594108,0.0012534415707356555,0.0022863331535866523,0.0,False,-362.27219713832045
17,1,5.194552308115169,53.84921895582576,-257.58369377549894,738.3421445643149,0.5147507958557046,863.8363782510204,0.0009424538436741522,-0.001143878901613514,2.1566695022996393e-06,0.0010431669299880667,0.0,False,-9.03221436071317
18,1,37.495296304590504,18.94185760300987,2853.4327709237805,4957.919064217485,334.23510040795554,2065.661734397383,0.0005679352811399302,-0.0038406848155399798,0.0014003565481703981,0.0023128407651010962,0.0,False,-386.75625618586315
19,1,3.916363696518569,52.6233511720936,-145.44174777755484,885.3566905510701,1.1217419335457355,895.7608952649366,0.0009246907299741813,-0.0012346954942665522,4.699801606948724e-06,0.0010796956693411108,0.0,False,-26.375397198798566
20,1,15.304686048116212,20.371379408616303,2911.8701606810423,4690.034443330996,100.14624817459064,1726.087631386179,0.00027001100298261666,-0.003455007694772784,0.00041958625600606444,0.001874287659676105,0.0,False,-567.9935727562074
21,1,24.90634073666692,19.59759877887089,2944.757318730044,4825.292770959361,182.08026605630357,1831.80420464162,0.0003420137722639615,-0.003597458969201016,0.000762868090614472,0.0020063283133888725,0.0,False,-527.5292093745538
22,1,109.52069454853536,19.651403306763942,1066.831861288357,1938.6126752600865,232.59083154416967,906.986104681225,0.00028353184896517253,-0.0015427335102453882,0.0009744939822290653,0.0010349980294248318,0.0,False,-351.7605104777175
23,1,108.33644891224753,28.534810231597223,446.9641040345619,901.312625390968,103.28629765096697,452.77711225557874,0.00019345387225783509,-0.000758346112627652,0.0004327422316664827,0.0005227784067594274,0.0,False,-373.8698233188286
24,1,80.92932637518896,48.33095835479316,67.50452778515215,165.02124662197534,38.290384320271926,109.86935783622174,5.343123562588127e-05,-0.00015085337663141296,0.00016042656905097125,0.0001298738684864849,0.0,False,-411.6847883272927
25,1,51.70109628193313,20.117901183773924,2314.2719303841263,4734.35853940576,469.94789794288255,2356.268106925372,0.0010582857407519988,-0.004011475223830212,0.0019689572261560205,0.0027193413171406763,0.0,False,-90.34829119049056
26,1,104.34458473694268,30.43511100423739,377.0797026503698,935.1536094358333,100.30432517640618,530.082351787779,0.0003096499641744091,-0.0008594409672929735,0.000420248556776805,0.0006211647236265635,0.0,False,-322.06715802485894
27,1,103.68469182659793,19.664241725310603,1155.381486932589,2359.723556501722,273.6487714431798,1198.3490519883617,0.0005251006174137318,-0.001997836532663771,0.0011465158761647491,0.0013856145313126424,0.0,False,-252.7908768189837
28,1,85.50609471629224,17.89004398826626,1598.0078501870491,3681.3512852072868,489.5691274338247,2062.277872061645,0.0025033331582845486,-0.004715244811599544,0.0033908351938869057,0.003987656931689272,0.0015765181563764188,False,-0.016632930521325306
29,1,51.00314699116243,18.8254614262602,2464.94388304451,4888.14936901249,506.83941344734905,2390.665597113993,0.0009977716368241895,-0.004078522961941592,0.0021235229053607335,0.0027512777205804914,0.0,False,-115.96404859012381
30,1,87.03961847259508,17.032860110618504,1641.6884010168872,3765.7974826960904,486.2256342432153,2094.166822668445,0.002501793694585515,-0.004767387061994816,0.003341953961473148,0.004000301399658651,0.0015534714351428715,False,-0.12859677278248682
31,1,12.631671967876045,58.000619877682716,-559.318802125241,239.89265266360857,0.07039830720305315,692.8741282633129,0.0010238371846169507,-0.0008900060880297073,2.650342931639557e-07,0.0009569216454989989,0.00011980055988393351,True,0.0001595754808363381
32,1,23.628381012965875,20.378664371208497,2870.2942850965646,4730.891759564209,164.78719990340184,1804.3314490713726,0.00035650484194948767,-0.0035412004764026027,0.0006904147235216578,0.0019791904430325586,0.0,False,-517.8210446136256
33,1,84.91119901976448,45.14556648635428,68.12176145635817,318.84838145821425,50.85972610478856,237.49836339773358,0.00018155441267882905,-0.00034368465361265046,0.00021308878212390227,0.00028340911498476594,0.0,False,-359.12105111628625
34,1,91.94979849402164,20.62102447430888,1290.6496584299423,3139.045071623563,396.8686864268032,1797.542883897199,0.0010081094224570451,-0.0028640341933907285,0.0016627746850142854,0.002107030839527214,0.0,False,-31.16135960409673
35,1,40.46014744812197,57.7294773293537,-498.03811709958035,299.98580484484677,-63.375934758129524,700.0524333933625,0.0009161094756596558,-0.0008331308022624809,-0.0002771532437702625,0.0008855302748124274,3.922295800781185e-05,False,-11.881028711998852
36,1,16.057377907817596,19.013341810921077,3048.3957962276013,4845.997945429393,109.74455549653499,1755.8121320282826,0.00022909828012760021,-0.0035366401739835938,0.0004598006215626204,0.0018968528353803004,0.0,False,-596.4758139452333
37,1,42.00702893688339,57.93262566642022,-465.5199146880973,260.6515890264999,-81.28020992434789,644.7735396943422,0.0008035337695538498,-0.0007176993670620999,-0.00034054255242881677,0.0007794420257391076,0.0,False,-42.90773884004847
38,1,76.18941023640708,46.2493489476434,153.4654336667505,704.6259794053991,72.6025968403745,501.009062113624,0.0003975453900747425,-0.000757062965505241,0.00030418565188246663,0.0005970027984830295,0.0,False,-272.6523153663523
39,1,102.65733619984745,30.161194022742688,426.2847194121487,1091.7450828086612,121.29575064444417,631.9099964523166,0.0003790185277070812,-0.001015032809649068,0.0005081970698854492,0.0007418967908382918,0.0,False,-292.0540317043441
40,1,46.26365949719469,19.36246593059052,2570.173830437787,4886.761129098382,436.2578044796323,2269.7916071860845,0.0008643426825188589,-0.003988600932810836,0.0018278046574038164,0.002592871554820848,0.0,False,-205.51657606806936
41,1,110.85151222450656,20.410804816899006,998.5606324426109,1750.5275169726247,213.1218326353692,797.4510955177495,0.00021173795937884377,-0.001363533084077724,0.000892924033187241,0.0009053717730021343,0.0,False,-379.2338841454822
42,1,44.95879130628477,20.22279250402278,2515.770545851415,4803.93866802059,394.6073495853819,2220.295324338686,0.0008633224533537952,-0.003930086750651662,0.0016533002825663175,0.002535260027165759,0.0,False,-214.60128882044734
43,1,98.7765526314776,33.422767180966986,273.9139470198887,943.5598006592824,108.91584501667087,621.8758590927052,0.0004463650648997286,-0.000956454320249378,0.00045632854413688896,0.0007375869385272848,0.0,False,-253.77485031794032
44,1,33.25994489462619,53.665181348467364,-240.81422926722817,766.0465040371547,-7.572959315467547,873.6458898007021,0.0009487937268649067,-0.0011688521391581587,-3.172134123269506e-05,0.0010589417190495162,4.202983529904365e-06,False,-9.476745197086245
45,1,78.06070837456271,46.334042897335074,134.40532422494493,587.3686755365792,71.44357444284263,417.61702345381906,0.00032324702371917813,-0.0006256512133544115,0.00029932965500517085,0.0004974952529137541,0.0,False,-301.8582954642138
46,1,97.09302920396021,33.27369255317685,313.4192196785785,1084.1894296201992,133.55347884279354,720.1442438144406,0.0005145502559588573,-0.0011001112641941674,0.0005595537045635559,0.0008544343410926429,0.0,False,-222.17214921300507
47,1,79.0368965981252,48.14168704888107,90.04550909346068,307.1741352291916,50.64861892634223,211.2636089616197,0.00014421560390518937,-0.0003106401144698234,0.00021220429895818863,0.00025096034997325035,0.0,False,-375.9862486737414
48,1,0.9613955302890593,44.59127165556148,600.1273047419936,1842.271352156149,1.2715205513199765,1103.1089421179263,0.0007894134688376013,-0.001812713818877224,5.327334346403328e-06,0.0013010663705170223,0.0,False,-149.18657535840862
49,1,131.18923451456578,19.71108777491232,1018.5829002524075,611.8529673230554,246.2020296914878,576.6293941613857,-0.0007675773971436567,8.446795090525489e-05,0.0010315212975253092,0.0006689576710039448,0.0,False,-341.9576452315218
50,1,178.2523540489668,16.539292003430408,1165.0478730068883,439.2168868364397,39.37595161765109,652.3120543558986,-0.0010963321213487654,0.0004241876761054141,0.00016497480851327697,0.0007647217045916266,0.0,False,-292.73167187271645
51,1,10.310861401046452,20.278725707447002,2933.085068570435,4683.9280349939245,66.0328924918178,1700.6934569984014,0.00023822870267459624,-0.0034295554556268947,0.0002766603306555283,0.0018391017896276026,0.0,False,-586.8174551835396
52,1,93.80033113190707,20.571869418767147,1259.5184019438718,3009.1982700299995,362.9881642632876,1695.150545830956,0.0009384341965942705,-0.002726913424714398,0.0015208242704432247,0.0019841673093896517,0.0,False,-68.2068715335991
53,1,4.919830307909321,47.20270153588664,354.9524909995317,1532.4511293185226,4.6933587993036285,1037.0951207785438,0.0008379657937734053,-0.0016287379225913903,1.9663930327773645e-05,0.001233391046514023,0.0,False,-107.00803662708637
54,1,124.29473299225326,20.535312987668977,883.7285468519631,885.8552052753307,182.54376248479505,362.33180129721177,-0.0003684768283726825,-0.0003729318961457101,0.0007648100178922952,0.0003824114966555252,0.0,False,-497.41703297455376
55,1,8.951588488674835,19.47402361585397,3015.4027379289187,4771.730606069178,58.15432941264555,1711.740611355866,0.00020833583650822784,-0.0034709384645487283,0.00024365123800001412,0.001843666544429679,0.0,False,-607.4696472455619
56,1,30.6716157876275,19.53864193444473,2895.2242513982055,4865.07530495634,241.26919185357158,1920.1796376275997,0.0004376085584334253,-0.0036889685401471323,0.0010108540134520468,0.0021242919047909617,0.0,False,-469.90986328518323
57,1,122.50595747549055,20.34362069492578,900.7613575123106,1013.9967742435207,176.89212283505321,374.3690039202545,-0.0002825098709172136,-0.0005197230737059159,0.0007411311446029515,0.0003890840131249789,0.0,False,-510.0724361698549
58,1,101.57546453780257,31.902149941764716,323.47715721588787,942.4444090710564,102.4606985183633,578.6713251011937,0.0003831334086764303,-0.0009135210168768372,0.0004292831899617225,0.000682934249487201,0.0,False,-286.36570495480834
59,1,73.35432539695246,19.768606865710204,1637.85549715586,3813.1617924112393,441.8985628081534,2105.214246337078,0.0030268343223521614,-0.005310666195880193,0.0034487511427717613,0.004511313537549078,0.002052142046810749,False,-0.04075151832506663
60,1,75.2606292307397,51.27522730480748,77.77137901708672,151.62038266933183,39.944769527544786,96.97018173873852,2.929740523788249e-05,-0.00012540647791811632,0.00016735800490367755,0.00011395393067911731,0.0,False,-418.8636800588211
61,1,109.94317096086475,29.768839605953712,321.5073355176934,639.0653123716829,70.38262710555152,315.7854369841469,0.00013139370506250886,-0.0005338482036545047,0.00029488456665500984,0.0003638350260642756,0.0,False,-397.71024577350823
62,1,75.28337054785212,47.90364897542545,125.27335123572732,559.0597417722289,59.69313972653199,395.60195281887434,0.0003110038012186789,-0.0005977212425507458,0.0002500984456595516,0.00047125641579056157,0.0,False,-309.358785704336
63,1,105.1394653301824,20.41394284739641,1082.0314630549824,2155.296893608687,250.88607290201836,1075.8988925235487,0.0004459970543987529,-0.0018023518948384054,0.0010511461980033648,0.0012409654837174928,0.0,False,-284.56074770363523
64,1,111.2455817478576,29.30111969981442,333.33823794674987,614.2722598067132,72.75347777490494,289.9168943307154,9.57479359815494e-05,-0.000492771636970612,0.0003048178030371756,0.0003313869267171703,0.0,False,-411.45997538026035
65,1,69.90503641857697,17.995471931802083,1899.5201108520948,4212.886676366462,506.3229321937077,2270.782365650627,0.0020164612644886157,-0.0045773978205580395,0.0029219600297266607,0.0036061346358938315,0.0009612307525491214,False,-0.15049753087834006
66,1,15.896030139453927,58.04550955729005,-562.3676577926383,234.60642309318874,0.17517015234617175,690.9776628273307,0.0010358350923460663,-0.0008985118157998351,7.536656850036863e-07,0.0009671735274842841,0.0001323958809543096,True,0.00012598932431728826
67,1,121.16889801725557,25.20793550427341,507.6097211669615,522.2652942189436,134.45446074008592,254.95395834933527,-0.00020039443516032401,-0.00023109591993178825,0.0005633285800871438,0.00028208228866333045,0.0,False,-446.0363141996234
68,1,99.85807413750713,31.742678677205188,364.574804453034,1087.933903976285,125.02612371485348,678.5489668855387,0.00045338942164621643,-0.0010619521006230465,0.0005238263450570105,0.0008016629542533934,0.0,False,-254.73088222276994
69,1,63.67838788125682,19.388817615387662,1984.6372347274794,4373.421972830228,502.2442415684709,2332.5343292604766,0.001546099962212697,-0.004209958376272484,0.0024301949230727364,0.0031240220453836944,0.00040976111311662725,False,-0.07247464274752247
70,1,50.35326519524957,56.40065643604269,-155.01252359744606,415.1004996816391,-120.2392163556985,536.4890581240657,0.0005426706563572831,-0.0006516406298775271,-0.0005037704710398969,0.0006481057274703731,0.0,False,-168.00213027262197
71,1,92.99655508392725,39.6903270104903,62.94000903357382,506.9401831788248,61.61221676257909,403.0979360883871,0.0003456784303335868,-0.0005844431375301717,0.00025813887017092467,0.0004826390492123637,0.0,False,-288.5649024158854
72,1,24.60298052411508,57.987326450444236,-558.4272186587691,241.43911374210697,0.08563700852929555,693.4294837032817,0.0010784386138786035,-0.0009456289933838131,2.2873251343241002e-07,0.0010120338100932655,0.0001742267947861505,True,0.0004003778610695008
73,1,13.483888591907048,26.203961545359657,2335.0130804933883,4018.1056361426613,67.95637834413287,1594.3888470229479,0.00043203377020117385,-0.0030938222494142423,0.00028471922693935415,0.001768666567590342,0.0,False,-450.81760482363524
74,1,26.054695506315493,57.96136866438234,-556.5480496067916,244.69701892418107,-0.1127762384102567,694.5990164783709,0.001086817813313299,-0.0009561604908665932,-3.518878618912098e-07,0.0010214891672424647,0.00018223800776874348,True,0.0003473509580658174
75,1,91.0226927256798,19.267069009101956,1426.6652486293208,3368.926562645925,437.9375983851566,1906.4703741170247,0.001085612843987123,-0.0030948388011277413,0.0018863185677992916,0.0022931623196128063,6.14822768899917e-05,False,-20.76389115305102
76,1,91.35970033226361,39.58867146330936,104.2830489465339,631.5577916799645,87.81070519073312,486.88886617900255,0.0003981364689895073,-0.0007064342923853127,0.00036790359798600375,0.0005821145987465004,0.0,False,-263.35250516641815
77,1,31.872446472332445,52.842191884479554,-171.83536211728855,864.5077715476679,-8.518967989121874,900.2893907713986,0.0009403951163328081,-0.0012306065103781447,-3.5692219616243956e-05,0.0010856475023831099,0.0,False,-17.19400092832251
78,1,6.8184217611757845,34.318579964300206,1567.3227997497215,3057.638872590072,20.803140531366612,1371.4891594171415,0.000592139184289502,-0.0025298756323744037,8.715964909145968e-05,0.0015616156153082862,0.0,False,-317.7252692401933
79,1,65.02462130159095,20.130450618081966,1870.2529939171038,4205.512023787895,466.813368302368,2261.1876128322224,0.0016732585196102615,-0.004218843144714853,0.002374113831664873,0.003176211521153985,0.0005420310006087215,False,-0.39366636214418804
80,1,102.18593095578312,20.412486387245853,1129.1886885872443,2378.6941972115246,272.9995044754224,1231.9036584888015,0.0005739192758120043,-0.0020436292982924185,0.0011437956195289208,0.00142827071637782,0.0,False,-231.4593830370967
81,1,162.4428634535488,18.519202922645018,1349.832446985425,175.42973447551412,22.317832622919067,1029.1621847618967,-0.0015496313095338457,0.0009105868522406197,9.350580778718027e-05,0.0012309972318830435,0.0,False,-59.5490735549094
82,1,4.893948312073043,34.39991972552881,1562.1360445795897,3045.8215223835323,15.081337662714413,1365.2864232135144,0.0005887562099175859,-0.002519368388205292,6.318681049768352e-05,0.001554383405926396,0.0,False,-318.89555774512763
83,1,76.22534231081879,49.657384570323956,90.42247917367492,291.45721974334447,47.29388465730579,196.16238377762676,0.00013057183981801668,-0.0002905693195378507,0.00019814885087603238,0.00023271379589911303,0.0,False,-382.637654066701
84,1,73.41298335949084,51.15699870213427,87.0697178123905,278.5533498597972,43.97992304887691,186.11552642604968,0.0001239732350128385,-0.0002771596167997839,0.00018426422944313806,0.00022071524134934626,0.0,False,-386.18350723074707
85,1,19.077307815667485,29.4843681758306,1986.1739740764394,3662.475950305388,73.89807497053678,1562.9927935748933,0.0005724979708915286,-0.0029391326840845743,0.00030961336213901347,0.0017626266118340916,0.0,False,-359.15666104752376
86,1,30.043840818334896,55.519082101583344,-387.7772984397163,537.3084224253354,0.4737216405535816,801.2876899205997,0.0010367639107433206,-0.0010994134913448125,1.921059533219714e-06,0.0010680891329451086,9.912266655923525e-05,True,0.0005019965334440712
87,1,87.4705745155511,42.405125768229254,89.51877330112175,512.1503359661866,76.08303504629089,393.63564391016024,0.00031663686752674003,-0.0005687202890363105,0.00031876776616731467,0.0004704971262995954,0.0,False,-298.62720942409817
88,1,119.71096009129576,18.886296496198597,1014.6271366634019,1362.4081154068688,184.51221447217912,499.3505228253524,-0.00013367985959810563,-0.0008622349549757052,0.0007730573103727294,0.0005311332535535178,0.0,False,-507.94746664352505
89,1,24.49085931770026,32.566067622555444,1653.9479164421882,3328.8246081613815,61.27640893776745,1537.3527781691942,0.00071049757707457,-0.0027981472955976895,0.0002567319243240362,0.001759012515837825,0.0,False,-271.5169243162034
90,1,15.426789699859816,26.385241210408065,2308.87317706966,4004.997099210887,76.60782740273449,1604.3326107013766,0.0004539052922633293,-0.0030992497144667584,0.00032096650714897104,0.0017838112288413885,0.0,False,-438.32080409659994
91,1,4.847956032848333,40.74559721909629,959.6343129331703,2298.9876183546853,8.910958456069629,1204.9169440298251,0.0007202457630027842,-0.0020855220472472923,3.733455585365982e-05,0.0014030080963857887,0.0,False,-210.06628125722858
92,1,85.94253507630482,42.20467910330943,125.290984786795,633.912573026821,94.9889684155097,476.2925076061469,0.00037370434486624915,-0.0006917905279992878,0.0003979786197268152,0.0005686972625796628,0.0,False,-272.8927905779241
93,1,29.21864150233024,20.282691418534395,2829.348162024751,4775.10084538096,216.99817599344314,1886.5328517698003,0.00044501573741216,-0.0036310784668354672,0.0009091648852037133,0.002088128632914444,0.0,False,-466.25653174565895
94,1,85.29648763796921,19.624390176409534,1460.4719510155091,3466.8751829630273,460.18922625686326,1974.1707921436334,0.0020974014946575498,-0.004161829442456428,0.002868364023103454,0.003442582028549173,0.001130459682961813,False,-0.04031106840938037
95,1,161.35969940829747,19.3141283313379,1299.0544739666996,80.95259937702001,7.990735322465075,1063.9853774544724,-0.0015649742667677644,0.0009867878526779216,3.347906464596837e-05,0.0012759908661514302,0.0,False,-18.576888232075646
96,1,176.6327683615854,18.506707709857423,1111.8839142086854,185.19101697765234,8.472858909096733,813.0862169039856,-0.001242369472434252,0.0006989294294413228,3.5499034782987776e-05,0.0009708117232365188,0.0,False,-153.12631485865842
97,1,27.248504974105032,34.12158166428616,1487.4195574603398,3159.7781841167284,47.79804572020547,1523.2878782853995,0.0007781585438256505,-0.0027252113159961983,0.00020026115220196715,0.0017545444496926703,0.0,False,-228.61353296954547
98,1,96.06490528479337,34.88641311020432,235.9478886869364,941.4304813654693,118.4728902642435,655.1709256939608,0.0004923011268407051,-0.0009855914808952716,0.0004963700325301269,0.0007795110276953439,0.0,False,-228.38103406389456
99,1,140.08406111372426,17.446708359814693,1812.0527945842766,584.8026524011512,186.50371352270258,1136.401007315238,-0.0017875727399463553,0.0007833537886431659,0.0007814011639436899,0.0013435262366639812,0.0,False,-122.80586864718049
100,1,16.282300193134642,27.928832632070584,2153.2227806954957,3830.287730956888,72.8294933772906,1575.8637381746425,0.0005031482770486927,-0.003010080707488115,0.0003051362882783365,0.0017632275840212608,0.0,False,-403.8101877373828
101,1,35.33687995474819,32.47420781377884,1535.651457661196,3414.3468545228975,69.58275283667464,1704.896597165134,0.0009308499387960766,-0.003004768130344098,0.0002915333053160104,0.0019732005254314063,0.0,False,-164.87424178568034
102,1,26.408178072366507,32.56329488117819,1637.0508763120017,3341.3088647328896,62.39296120003157,1561.3746412238158,0.0007421969596713113,-0.0028279978387564138,0.0002614099825828022,0.0017898761184586439,0.0,False,-256.19173973582434
103,1,70.67835360123442,49.41531082559633,115.38430088558304,641.3626566343603,42.1501998112924,467.48957276787786,0.00039239903482171656,-0.0007094559674950401,0.00017659817368189876,0.0005579586367012885,0.0,False,-277.68925907552983
104,1,20.965751322232332,29.480142749385433,1973.703446443277,3673.15558091025,79.44759761278053,1582.3745128937173,0.0005971213980209302,-0.0029630057727912246,0.0003328643922127592,0.0017878271851578754,0.0,False,-346.8866376787482
105,1,21.763603608656556,31.01887564362512,1820.7612394477298,3496.535992831674,70.0005717133672,1550.3556065444855,0.0006413597409092387,-0.002869166452024352,0.0002932838557495603,0.001761377981249066,0.0,False,-315.28308039973905
106,1,13.478699398954916,20.60380967809706,2893.7460069616486,4656.937709088197,86.69013496029375,1710.0606767399925,0.000265058313993125,-0.0034285948103180653,0.0003632087055047503,0.0018557339495795361,0.0,False,-569.9761522340943
107,1,119.38929128720319,25.31850863552778,522.6420053151428,608.9962178198053,127.90883842204767,259.77076631716665,-0.00014661290211826633,-0.0003275135418107977,0.0005359041561899317,0.00028280660620944205,0.0,False,-459.3478210382321
108,1,3.8733572731839203,39.298288836534645,1097.0172181307955,2469.3909001480138,8.133786139653893,1240.9465284258904,0.0006903552908170275,-0.002184585835659267,3.4078409682824226e-05,0.00143757154767261,0.0,False,-234.87402049973343
109,1,51.76266857205837,55.61540664500228,-116.56753840863546,502.08726056312645,-127.41396695402211,580.72328324657,0.0005672386625446765,-0.0007287612155945783,-0.0005338307758061787,0.0007008193385842728,0.0,False,-159.6726437557898
110,1,78.9487819338153,44.638943665205126,165.56186828880496,741.4989840158147,88.96638417738158,529.8587711764225,0.0004132387575733337,-0.0007932732310811791,0.00037274558685719897,0.0006313894304010372,0.0,False,-262.80961892996595
111,1,23.67467328624562,31.00953274295163,1806.4420222022309,3508.8813194251466,73.4620955191609,1572.3998636610627,0.0006697025889992633,-0.0028966822922098963,0.00030778672370739436,0.0017898207862945246,0.0,False,-301.44079566013437
112,1,18.23025114081882,27.935634021645175,2141.761946113346,3838.7706972560104,80.49470818069953,1592.7915517136698,0.0005246619119080582,-0.0030303466944060636,0.0003372515081639391,0.0017854848620701272,0.0,False,-392.78586835493735
113,1,12.427023911170393,27.72780320290669,2189.387512893713,3838.4808058163962,57.44953664756855,1553.346332609726,0.00046455744489969,-0.002990074621674841,0.00024069834297948874,0.0017315035668255267,0.0,False,-424.9069717195683
114,1,122.18073599808349,23.609130168015536,634.3582141334701,651.5066565108446,156.5940714035601,300.5331030997727,-0.0002514098043184844,-0.00028733352020704137,0.0006560876850665418,0.00032853522028057186,0.0,False,-458.21713033111433
115,1,99.2094158524939,20.671875109200176,1159.2817750455924,2576.568049785413,294.9088445969235,1380.943412101229,0.0007019024642249683,-0.0022671245964300682,0.0012355899519248571,0.0016079337840999204,0.0,False,-176.29053690919295
116,1,77.96234930551857,42.948527619264304,225.35202409373196,998.3572360823773,108.32956916702007,705.9272792032846,0.0005533208917662645,-0.001066022661703886,0.0004538722036026496,0.0008408735816649936,0.0,False,-205.3070786013149
117,1,3.935911604355848,22.795168911704902,2691.6941573250674,4385.507989310497,23.112830651949405,1629.1790828925282,0.00029157770740808323,-0.0032567379663605836,9.683663897270314e-05,0.0017748184030598679,0.0,False,-545.0575502478853
118,1,9.507501275670995,26.043246074323932,2363.257940640244,4023.9956914712748,48.716955507168336,1575.9528935369108,0.0004014677795692184,-0.003077557884299465,0.00020411114083506094,0.0017425040120233528,0.0,False,-467.88760877693227
119,1,1.9481292321627333,36.21410228225153,1391.0301077581917,2831.332393427428,5.319717201222124,1316.898384335522,0.0006240922486944176,-0.00239315030694965,2.2288206140091895e-05,0.0015086624377012314,0.0,False,-288.9714961064686
120,1,51.47103864756591,26.074745933364074,1770.239194581455,4077.4407820544748,298.5032177680342,2145.1457987916847,0.0011916293797726834,-0.003641652413527069,0.001250649423538074,0.0024962340071615374,0.0,False,-35.67502048452474
121,1,40.73049838341644,32.41944986117621,1452.439127228464,3447.4066660980557,86.80258507129535,1802.1128058938264,0.0010631435974008709,-0.003116049211842626,0.00036367984168730015,0.002097493478183082,0.0,False,-98.81132829896814
122,1,72.51277593019834,49.47577213802003,111.06515323829235,531.5654939900795,48.55763678242994,379.2343288608398,0.0003058236539193234,-0.000575068874963669,0.00020344363757413692,0.00045204008702527437,0.0,False,-312.93510597521754
123,1,118.9925765307504,19.935782938198393,946.2431670641872,1277.9027387908989,181.1046092795982,479.96191750046836,-0.00011853767261861547,-0.0008133205551824176,0.0007587803471238554,0.0005144100672335895,0.0,False,-495.4116835091208
124,1,4.839328147675037,24.520478445499904,2521.067543771203,4189.437974496471,26.64410861552881,1593.7482515339645,0.0003417455169088937,-0.0031532696005763285,0.00011163175837719693,0.0017483987188945652,0.0,False,-508.456172418349
125,1,3.912759345858578,36.098800740536774,1400.8010689321854,2845.901391507437,10.653685697825983,1321.7115901974248,0.0006240189755216656,-0.0024032748320578015,4.463612143335867e-05,0.0015138114298638389,0.0,False,-289.78016412877156
126,1,6.66593727804873,24.543444775631276,2516.4231109418274,4189.650003635412,36.68918403005045,1597.9732884750294,0.00034776086913765694,-0.003157427893051507,0.00015371796391461825,0.0017542788739968952,0.0,False,-505.0543818185569
127,1,78.81551170852978,41.32238442338183,268.43255983032196,1144.827658381916,130.37533220997338,804.373981904151,0.0006219065366398352,-0.0012140251377163436,0.0005462381119077056,0.0009577344605636754,0.0,False,-174.96163869464846
128,1,1.9986761260462043,22.722842106925246,2699.9253896378773,4392.230737769198,11.744527708591812,1628.2885587738656,0.0002868650095091047,-0.0032582905903470235,4.920646054774362e-05,0.0017727485370852025,0.0,False,-548.0525341917005
129,1,1.9511496507895572,32.87221230181743,1711.1127939879814,3222.0741250743126,6.791980487044246,1398.4830470225643,0.000549194617823898,-0.002616069280905506,2.845659937711245e-05,0.0015826959062504534,0.0,False,-349.02821596961854
130,1,67.70230076209721,22.889571226488474,1530.336332427022,3707.7547647856773,355.84619247640444,2051.857400919535,0.0026952749560402757,-0.004889896394345759,0.0025604159831943817,0.004002828825396933,0.00160377647291306,False,-0.07121587885143299
131,1,122.06335644366102,26.921960472750943,343.4965886447805,275.2734500645667,113.59360795155386,214.54622902465312,-0.00020108334943207823,-5.8164908593683236e-05,0.0004759271319233094,0.0002484614233801824,0.0,False,-406.91259088503716
132,1,29.946477244284832,35.665545249130155,1325.105157258805,2991.62979884487,30.435674653077825,1507.3484280176926,0.0008412754081336699,-0.0026498730255345854,0.00012751741587404067,0.0017467382515173463,0.0,False,-187.98968513907465
133,1,7.602423717113442,26.13902205958148,2358.0137039736564,4008.4183736978957,38.84319666888701,1566.1154606746297,0.00039500640121644564,-0.0030623728260975383,0.0001627427063787012,0.0017306036742955986,0.0,False,-470.77393592461686
134,1,53.26949327744834,23.05801948067735,1989.8763675636553,4378.7090011439905,393.7491545065288,2269.4922338383885,0.001168009714031369,-0.003836278310826429,0.001649704672479841,0.002634597888774347,0.0,False,-39.534825794155324
135,1,50.551940459547666,24.543870150827747,1929.5604589596412,4263.350582372492,329.7896771458331,2189.688886627257,0.0011471577743565678,-0.0037418234807354367,0.0013817314020774054,0.002540242083942384,0.0,False,-60.999639293536745
136,1,57.859232901307244,19.418748099139716,2177.1394430533815,4683.812685469488,528.2192473531942,2453.6363665192134,0.0012125415204375725,-0.004087098749206688,0.0022337554064941305,0.0028755803850560695,2.635557756288294e-05,False,-3.159053251764874
137,1,34.460043620128424,30.918900824304185,1686.8500392821588,3592.3303789614224,91.54045734326228,1739.821231780339,0.0008899461008849089,-0.0031017828764470794,0.0003835302716760897,0.0020050558407288693,0.0,False,-193.84619651518784
138,1,121.40224433011021,21.90586543499172,782.4710251599569,894.8416087653105,168.2255385043256,350.00519021768804,-0.00023367403894327538,-0.000469075530859322,0.0007048204516117186,0.0003715460036813906,0.0,False,-490.22038701188916
139,1,66.7711594924646,24.369232841475725,1435.8136747477638,3578.235402290679,310.59657116648907,1995.8195598592115,0.0028521937273072416,-0.0049529474929375945,0.0023552855764453276,0.004076383189010095,0.001740369866793226,False,-0.060756130639163075
140,1,94.38429047459645,34.80069135215643,272.0088544706499,1069.4125679081603,143.24115618266083,745.9475266067665,0.0005542175673697788,-0.001116237615650594,0.0006001425068254563,0.0008874952882943055,0.0,False,-198.84958930883164
141,1,94.66530862190761,22.205061511986628,1118.522348211915,2724.2069575335317,323.1195507188684,1547.433913225981,0.0008768474094280505,-0.002486849213421358,0.0013537853389388515,0.001812952682400612,0.0,False,-92.76720253953977
142,1,39.84772257078733,30.866042894278937,1600.7345467946254,3624.4100128736586,110.25691931367736,1838.732692772819,0.001025067466559575,-0.0032142646485244287,0.00046194729025631127,0.002132213174201735,0.0,False,-125.8947817225822
143,1,46.1282404407913,32.36288710668339,1361.7154056540196,3445.23529853068,122.50904963681019,1879.3308677460016,0.0011753566159326736,-0.0031893416483607974,0.0005132804713198682,0.0021973875273017265,0.0,False,-38.65908293897718
144,1,0.9757656822430066,31.20715617865368,1872.0091064539695,3415.436071564225,3.7921755205340744,1437.4418264274573,0.0005089878058575975,-0.0027242872968722518,1.58882110691226e-05,0.0016166570697881241,0.0,False,-380.3603070445209
145,1,56.87217362424604,26.010748217350997,1630.3784298436183,3917.548627900737,317.06260651935554,2129.0236428700223,0.0013339094585444172,-0.0036583439582727195,0.0013843326002150047,0.0025903171102077643,0.00010429641481097023,False,-0.31669380276281345
146,1,18.04112080905527,31.037625441907107,1843.1372728835634,3475.3552082853494,61.756041621627155,1514.0695460375227,0.0005954864692766767,-0.002823793958020194,0.0002587414582381541,0.0017145280533361563,0.0,False,-337.8076380788488
147,1,0.9753839685465505,34.588133046240664,1546.730917751208,3021.4711160310985,3.0062677377635505,1356.4128429311702,0.0005877148796444724,-0.0025016705424591446,1.2595465607868793e-05,0.0015447055489688174,0.0,False,-318.1799083298395
148,1,82.97753728996256,24.114666218905782,1147.9398680851461,2963.0464324716486,405.9048710030399,1770.377715801029,0.0013424487498383889,-0.0030648431298412344,0.0019672412173378276,0.002413206358762278,0.0003305188697186102,False,-0.005919396911110653
149,1,45.22720104361869,30.81396330493153,1503.966111866708,3624.4523161207217,144.0912310333858,1922.9248324183282,0.0011467331483758364,-0.003295404642968802,0.0006037040953067103,0.0022414864929317727,0.0,False,-60.75112492161969
150,1,3.874492725266746,26.132360932892137,2363.919671963607,4003.39964021692,19.8924806263378,1556.4496809460275,0.00038337763590011367,-0.003051115788541961,8.334422527868936e-05,0.0017177522625820606,0.0,False,-477.0277215748018
151,1,55.959527268905994,24.502537549033306,1786.7757001324692,4146.091099136025,368.3431786998428,2221.2149919456733,0.001243396553465113,-0.003729110609720053,0.001552678975760129,0.002604641985460541,1.5747716166155683e-05,False,-2.8755161479244293
152,1,53.26586311785369,26.052117399085265,1727.5054977174448,4041.655731579554,314.55177067105154,2155.4881444480643,0.0012153562645546862,-0.003632482022751838,0.0013178886097245952,0.0025118900477288453,0.0,False,-17.663786045937684
153,1,48.833711827612696,33.8931370913061,1203.408626473469,3249.7994943508143,118.8376332550087,1838.8758693847592,0.0012112914669225663,-0.003077067725834447,0.000498056306784759,0.0021585924030969616,7.24981959410638e-07,False,-10.04979272936788
154,1,78.44006483534406,25.671028994609504,1108.84849475999,2938.4183094938253,366.87230011553174,1754.4468700599716,0.0015472439707939004,-0.003242941569463774,0.001906297871815725,0.0025777824329345014,0.0005131174065640602,False,-0.0335218695495314
155,1,75.68963580706937,24.243242704255568,1274.4209823910592,3220.946806301132,382.55712968574215,1866.2409478247666,0.00238818202478552,-0.004271622067930539,0.002573702788624276,0.003569906742392928,0.0013793330236406191,False,-0.03247210890157248
156,1,3.905083880620205,32.79930052282034,1716.7494900322952,3231.842825434753,13.56824559127275,1402.5223036187263,0.0005502953922135783,-0.0026236245083751408,5.684735546245776e-05,0.0015872144748880174,0.0,False,-348.93874641917074
157,1,38.048662167162654,43.41212590517304,629.3264869200761,2127.053994015542,-54.242971991296514,1329.3584910478335,0.0009913451857486762,-0.002146195604216382,-0.00022726368633193932,0.001572880398490278,0.0,False,-61.57255078235312
158,1,93.73658253272883,23.770637696367157,1012.9385152980981,2581.588999266518,311.8533990115193,1505.477387274715,0.0008900516036792587,-0.002396063430819899,0.001306583147137894,0.001768170773733844,0.0,False,-80.83391903829124
159,1,67.65512467066937,25.846938893833855,1301.8172029493762,3363.9873678363533,280.6591989083058,1908.7732768549783,0.003138518030955691,-0.0050933665717607345,0.002327273767265093,0.004277269201845964,0.0020390657398283835,False,-0.05497821430782324
160,1,1.023434690697586,21.037219724629818,2866.2112687014946,4583.947461943179,6.333057404108472,1663.7704758005495,0.00023850533140644292,-0.003359924521262058,2.6533833205898517e-05,0.0017992638389686243,0.0,False,-583.4414751556451
161,1,62.28173419992203,29.041361416720274,1194.7661510250527,3235.8752106309025,183.6905905901621,1849.8992331675959,0.002871438625802452,-0.004727760010305923,0.0014492080234526847,0.0038680752256862526,0.001696278182780341,False,-0.14053664764406903
162,1,126.922145651873,22.445172178103462,704.5251619817376,529.6986972816375,200.3023543230108,398.14495395449154,-0.0004416727002647704,-7.543440821008952e-05,0.0008392138143115842,0.00045782374138376877,0.0,False,-389.5697815144839
163,1,1.9476414912499704,26.13906244369808,2364.607485406153,4001.1139437296006,10.00245780584166,1553.7500705457167,0.0003805978164707583,-0.003047666498436956,4.190764904437447e-05,0.0017142602241140407,0.0,False,-478.4802250873119
164,1,59.57437078056574,27.52604978649813,1405.9850559394074,3570.927553277867,246.9354702882091,1986.4188841339078,0.0018782400588445575,-0.003963434628021324,0.0013495203880266836,0.002997764518139696,0.0006719890633505493,False,-0.1279221409357092
165,1,69.73661897676489,50.99477748342033,93.5748771238071,511.0500336777129,38.06218282929966,372.44601201730126,0.0003106166722662354,-0.0005639384963338837,0.0001594704652431965,0.00044448778729287496,0.0,False,-311.43964040819134
166,1,47.92696464905174,32.344108096748364,1331.0640136296158,3430.8548659369285,137.99861680505222,1894.922369505186,0.0012018329395118987,-0.0031969508300979145,0.0005781776553256714,0.002218309494463104,0.0,False,-22.628277285967158
167,1,123.88452627797251,27.0154784080901,305.70354618871346,171.5219251054863,121.56410373487957,245.18251575613104,-0.00024051878009793276,4.057394699546763e-05,0.0005093213982607524,0.0002908699915559754,0.0,False,-367.67238331610895
168,1,58.673499650034955,25.986316326722207,1570.9496867438081,3820.3170835707265,306.76708122154054,2089.9081235024323,0.00147912526835434,-0.003737923256814716,0.0014267294858612573,0.002704309169630691,0.00026220068677653834,False,-0.24671840161687442
169,1,70.36647756957707,27.354702955194266,1147.3354789581103,3092.875636406184,277.18329766828464,1802.5344719948323,0.002564397023757624,-0.004340933178631184,0.001974887012530878,0.0035910918923179264,0.0014722320396689387,False,-0.047591444435568064
170,1,77.49680191385501,24.196554270997495,1242.1564814703213,3149.2521598145463,394.13978394481427,1840.2835790119748,0.0020934875682438354,-0.003933371481994789,0.0024500328368022017,0.0032529098862730684,0.0010915776247502516,False,-0.03496221746019046
171,1,127.74162123939676,24.084123353151128,533.2768818401747,308.4352432788946,193.95762771945522,397.31448361542516,-0.00041183427279599394,5.917918521057382e-05,0.0008126310902505942,0.0004696336248782592,0.0,False,-331.25469630747193
172,1,77.56468970577211,27.24338840038504,1007.3329322042313,2794.682397906176,330.04288461041904,1693.310871387358,0.001327608418905734,-0.0029205521454221464,0.001564366836372632,0.0022635211385722185,0.0002678159407133356,False,-0.057622905031450955
173,1,43.48216664296914,43.3514722456973,592.5987708046388,2215.301896878494,-36.835209161204936,1434.4990888895675,0.0011303795080846845,-0.002306815520281724,-0.00015634579559770274,0.001720374499260832,1.895026166739097e-05,False,-7.12528978827828
174,1,29.89406763247597,45.081674200222245,524.1232172595459,1826.4288326791877,-22.709697147714568,1152.7350421469296,0.0008716693757329433,-0.0018564884300242002,-9.51476163603051e-05,0.0013649082461847646,0.0,False,-106.38480543952136
175,1,96.39369640956072,39.83300919444105,-28.75367236654149,246.28932047117476,0.34274031073424877,239.18623690875455,0.0002425184860867166,-0.00033366016118667116,1.4359911268309322e-06,0.00028809021835369007,0.0,False,-334.1473140068737
176,1,83.87467887711087,25.587919830866515,1025.945756207211,2764.8126736477466,385.866455260897,1690.597786597645,0.0011728081255708567,-0.002761035509020498,0.0017437413290125273,0.0021514971278113115,0.00015883445683970856,False,-0.004617875130179527
177,1,45.129472755182064,24.665075423992334,2056.4354670861558,4313.937604076593,277.498456813793,2111.650926442947,0.0010300752146199625,-0.0036990928113962186,0.0011626450382741654,0.002434993516588767,0.0,False,-135.05731955913876
178,1,12.331810417023462,56.17552914983136,-432.94783829011794,458.9922386871643,-0.02409374711455144,772.4471571169942,0.0009920086542836344,-0.0010029205682611578,-8.206466532191536e-08,0.000997464612116362,6.321644265683594e-05,True,0.0001360948993465172
179,1,81.68200368693543,42.8600888181737,178.17547750769032,802.9201051950758,107.62751518577558,580.6082318288032,0.0004488520990614704,-0.0008599051637880537,0.000450930783361031,0.0006921315164843982,0.0,False,-243.74987852629206
180,1,128.00833721581054,20.84506216587002,863.3037584486148,648.8442586160066,212.99854227257526,439.8473724909472,-0.0005414071109859017,-9.214285875538031e-05,0.0008924074792207088,0.0004995571732297789,0.0,False,-406.94720646263124
181,1,100.11537336114759,28.356287466861033,593.0663585894524,1512.491169908344,174.95394547367877,877.5915119918509,0.0005219501929276289,-0.001404123031442335,0.0007330106947872044,0.0010304201502672745,0.0,False,-233.17527560147977
182,1,95.70231193228504,38.18072880698977,67.60577956948065,522.4977043669979,54.1056275166238,409.21812696767864,0.0003528503061606472,-0.000600088036973475,0.0002266882493588921,0.0004897650069708444,0.0,False,-287.8773690154659
183,1,6.735778244906736,27.78237628360685,2198.8348159529546,3817.5468780716396,31.673262407060673,1526.4827639291755,0.0004351414130175611,-0.00295584599827401,0.0001327025807867279,0.0016967915015173023,0.0,False,-439.93544648067024
184,1,61.40123907063957,30.61124135186054,1102.4006600876492,3095.286453715978,136.71151498954302,1791.9183089305018,0.00292551547719248,-0.004684235201665041,0.0011284853849206251,0.003846484910224917,0.0017399561585048177,False,-0.05314170606521884
185,1,61.37228384025523,27.49975086459466,1345.5826415193535,3476.2035055723827,227.7651138836861,1947.5076399192276,0.002301103434835302,-0.004321304124923122,0.0014653098783038963,0.0033912908651058116,0.001109486482919473,False,-0.20207919328191792
186,1,45.87511287300555,23.017066729368256,2199.0348425060224,4490.544457971242,326.4387891362424,2169.2057992867153,0.0009988263186575426,-0.0038015828713040133,0.0013676920688036535,0.002495721838774094,0.0,False,-148.9077125700465
187,1,10.52689904518172,27.679747490464162,2200.179769630166,3838.127259314091,49.19073697645084,1544.0287198728654,0.0004506961824428436,-0.0029805869023356996,0.00020609615970980095,0.0017187334897341181,0.0,False,-432.40380005539026
188,1,101.88857926141357,28.37212575387515,565.5957413972982,1379.6864548761396,157.4759267966706,780.5735059058576,0.0004451952595494711,-0.001260216978772214,0.0006597824256032933,0.000914295323152255,0.0,False,-267.0983297562315
189,1,116.3497534881039,29.834169274148085,188.65401676434183,242.93015370795374,49.22740607000862,106.49922895640344,-3.356050876192687e-05,-0.00014726182811110322,0.00020624979349997095,0.00011775713071882742,0.0,False,-444.18369321659816
190,1,70.4124580563324,30.46469640795263,924.9258619183869,2742.0839947105583,218.76088234460997,1659.6946536933422,0.0016833932229132278,-0.00321977323167591,0.0011742296393163348,0.002520905419053697,0.0005632019998897288,False,-0.06658637400090583
191,1,29.11040601241241,34.10469225799472,1470.852341796095,3174.546210070944,46.94040881717842,1548.9793673882955,0.00081135704104595,-0.002757656000379744,0.00019666788072437557,0.0017872137774462866,0.0,False,-212.77713339519943
192,1,0.9986859094719159,54.89538373052897,-341.5336345190755,612.2741773561106,0.2864014862352317,826.4655207498911,0.00095883805916271,-0.0010722711760179653,1.2469412321413109e-06,0.0010155548089712668,1.650410578576531e-05,False,-1.9056783878400552
193,1,69.48827104526059,28.923645208444114,1053.7929762901738,2951.4164552494076,245.08458144987574,1743.9459661988749,0.002320364898043152,-0.003998441571439949,0.001631435592254555,0.0032630084772513413,0.0012101936065863283,False,-0.044807089686230483
194,1,69.45624044534264,25.816341264768724,1270.1855228680931,3295.2168196764287,296.8717224243981,1883.717404232581,0.003075207792439196,-0.0049879904587753696,0.002412678175526801,0.004208211675315684,0.0019979787493461638,False,-0.04023921900937921
195,1,29.92525541628204,23.16577089552925,2510.644910295994,4458.386365635812,186.9868856869205,1853.6015856010667,0.0005802104445719299,-0.0035000499736171243,0.0007834255273430736,0.002077395041700849,0.0,False,-386.10321671271055
196,1,4.834456383433731,27.798681487048878,2200.0653835882654,3812.724668892823,22.794631313909353,1521.0515131518791,0.0004295539314167866,-0.0029487537139915344,9.55034680217697e-05,0.001689828649555074,0.0,False,-442.777192627436
197,1,80.87594490503645,44.61738075955935,141.68593594432573,633.2718745711824,85.01031030138138,457.08686914539237,0.0003525603225596752,-0.0006772471203216659,0.00035617068508734433,0.0005448304613201695,0.0,False,-286.40009881816366
198,1,0.9724000559013524,27.838055446018036,2199.020789718988,3805.227701836753,4.598424221590064,1515.0903997453825,0.0004245848416349423,-0.002940205936406161,1.9266179590678207e-05,0.0016824229674539688,0.0,False,-445.1660164701978
199,1,118.33750469586573,24.06170121512005,638.8993991071388,819.3866214018368,143.19341661860233,327.4305619877086,-0.00011644319506953771,-0.00049454002465591,0.0005999424906959223,0.00035457305477351673,0.0,False,-468.92779099667973
200,1,23.48655794355778,34.137831098821316,1516.6797003983738,3134.922839496355,48.62428768407963,1479.0200028661445,0.0007205534068282591,-0.0026694516728323313,0.00020372288719949018,0.001698060471162136,0.0,False,-256.1677153233523
201,1,88.58107711859522,17.74951496390525,1562.7589334815111,3631.4739784182407,478.20821870269674,2040.964553733289,0.0018627144543220606,-0.004038960474570348,0.0027359455264399594,0.003252505376243214,0.0008653155413353705,False,-0.021509436806525173
202,1,0.9752414353486181,24.454853151526194,2530.0074646707117,4193.853527465453,5.3892409759203685,1590.1188599217246,0.0003342087461577975,-0.0031513284196549186,2.2579492342624954e-05,0.0017428051503062664,0.0,False,-512.9186912550406
203,1,99.2062521750449,38.385302449558445,-32.764524602296916,243.24144124946903,-9.854274402501646,240.55933859598352,0.00024500584732250336,-0.0003331901008930744,-4.1286799830906554e-05,0.00028983407079447563,0.0,False,-332.3675472591309
204,1,37.13951718837459,41.853214803073186,754.1282595860997,2303.539634802842,-41.524699087452746,1378.1048358760506,0.0009823648921700855,-0.0022634467572440146,-0.00017397749131358868,0.001625235477627477,0.0,False,-77.01515294669082
205,1,86.58608767771553,27.054222149597454,875.8797781565277,2522.1943029730496,358.47649515610465,1591.7753934877394,0.0010317803926428379,-0.0024554834342652805,0.0015186890211431737,0.001901803442880117,2.0974834230581604e-05,False,-0.6906019828563785
206,1,29.098243656783794,24.798613232836487,2353.0416828625275,4268.044484623453,160.0115346375511,1807.104228341044,0.0006188087652021709,-0.0033928685091735543,0.0006704059508980103,0.00203365426589318,0.0,False,-360.2867580677177
207,1,35.32449274905255,23.23905926425893,2416.9681486225304,4480.237668140417,227.56251956498076,1955.4742172549477,0.000716264924907538,-0.0036060114888662766,0.0009534266867902838,0.0022130914940501965,0.0,False,-311.68811581099084
208,1,110.50521181059158,32.65966341162489,77.49043606592797,239.5772989304487,5.175980443872612,144.1867023735887,0.00010335376493442877,-0.0002361967483235916,2.168598719564426e-05,0.00017012115763069766,0.0,False,-403.8185222661752
209,1,106.87364356414092,32.48835592876404,174.49258755524238,495.2261293198373,36.25353288214273,292.5417767538231,0.00019564994594150828,-0.00047624435073728537,0.00015189270098759332,0.0003444246428911545,0.0,False,-367.941496889756
210,1,125.10603472084466,22.27455993140772,730.620899022927,643.0803104360239,184.34304469198912,355.75994785140443,-0.00037946518230598525,-0.00019607924182765433,0.0007723485337985479,0.00039691077738765435,0.0,False,-437.3657609996262
211,1,94.65782305101936,25.31688078695841,884.354508190149,2310.1336171156395,277.2269735829976,1362.808306057545,0.0008242062527383381,-0.002162612170867353,0.0011615075954397578,0.0016023564046315222,0.0,False,-106.2987807085168
212,1,34.485155446656876,24.748777622902733,2276.002878697304,4306.297261896928,194.31236948597066,1907.383051212677,0.0007476942219909384,-0.0035055036479469254,0.0008141173642985467,0.002165206641622018,0.0,False,-292.2839621574579
213,1,50.63491872588232,33.87158869798679,1166.367927969659,3205.9798997418698,126.73001335941137,1832.858011595705,0.0013050692439508967,-0.0031369671816423965,0.0005508302920198604,0.0022380293573199795,8.524137518518176e-05,False,-1.6211563787782666
214,1,9.580099313664556,29.41098151180181,2034.1988734397971,3635.2416120989496,40.43386467814943,1499.61116116445,0.000489313555418199,-0.0028646589630956626,0.0001694071840473073,0.001679124061002719,0.0,False,-401.8074247084716
215,1,69.5363402874434,32.038254947086294,829.566858243919,2598.8614201808473,178.5258759765558,1600.299379790327,0.0014530050207858282,-0.002889425667140663,0.0008771687806946142,0.002215069375283256,0.0003245299307141519,False,-0.11011045811397935
216,1,12.407902479943344,31.0270191838585,1869.3724902345618,3455.018777264178,45.78864132585113,1474.9531631193163,0.0005454700336239831,-0.0027762489576096915,0.00019184227998262022,0.0016636271004278115,0.0,False,-362.89722589713114
217,1,99.12704713856958,23.693254384309217,940.938642832231,2191.410894182823,249.7721456583945,1207.4912624980532,0.0006536011383559831,-0.001965972633738622,0.0010464791378774598,0.0014104330304430188,0.0,False,-189.57538337911518
218,1,16.177269225297334,31.033528321580025,1853.2639268514213,3467.7397209996393,56.999515234313606,1499.2587167774518,0.0005763766949043914,-0.0028057362959792026,0.0002388128724466177,0.0016952669311313317,0.0,False,-347.3390867665275
219,1,107.70605261674451,34.129145679868486,28.182083385942576,228.728046559739,-9.787560835966811,176.38432384715938,0.00015623934764216751,-0.0002638778877959822,-4.10072876562903e-05,0.00021105691717704934,0.0,False,-376.20401462726556
220,1,129.57820764897332,24.19257468938443,497.4050029310329,210.76432038926922,210.589059470087,446.85618992737807,-0.0004485892309502894,0.00015188504042255337,0.0008823123844325011,0.0005336301374322182,0.0,False,-282.7832167573273
221,1,51.54977991010967,35.42232040673966,1016.1768471759489,2962.670117558944,76.85247068646929,1737.1408052240208,0.00165178384864083,-0.003318815346659336,0.0003956574982246497,0.002493160705621483,0.0004480602126330846,False,-0.1847149921244977
222,1,42.56790822195486,41.79193030190754,711.9061421542305,2380.850535270888,-26.070074111974957,1478.7568851697138,0.0011002171784260766,-0.002396000314261834,-0.00010922670584099375,0.001748961636903867,0.0,False,-22.662723285006564
223,1,85.71335103390447,28.63043592702329,773.9712734711375,2347.699519975939,340.13317223017395,1517.229532854537,0.0010031201931814428,-0.0023110175778368186,0.001432630226028889,0.0018052658065934137,9.479506254620372e-06,False,-4.191080911253778
224,1,39.83044278937769,24.6881615594486,2177.0598839966474,4328.895563343827,233.42142790055132,2014.8272494238413,0.0008909938843563664,-0.0036168169058367373,0.000977973960977924,0.00230633861285221,0.0,False,-214.6676677450783
225,1,15.207975535609544,32.6108896886524,1706.8613688975195,3278.662504337551,47.41160727701749,1451.9701000529135,0.0006019563856877338,-0.002690758846417678,0.00019864207747367164,0.0016493508021856698,0.0,False,-324.2339749838405
226,1,78.49753923185466,28.767475342174645,878.3803420491058,2584.358175254911,308.73816246887395,1608.9231227216421,0.0011083490077663516,-0.0025591447355011046,0.0013270952479205937,0.0019501084683908841,4.976624475941892e-05,False,-0.05244376015747321
227,1,101.02736416189312,38.47386072592547,-90.9420237817712,102.04195858063581,-44.1057550903116,183.76424589164614,0.00019981265417004512,-0.00020446323286776522,-0.0001847914323699993,0.000222253721182326,0.0,False,-337.8698600719026
228,1,98.17888801315179,39.911441723632976,-83.81592121965492,106.87053944223953,-35.480933745981,176.2186137798562,0.00019490180444735675,-0.00020456107887848254,-0.00014865571523081308,0.0002131133013362714,0.0,False,-343.83749876913316
229,1,43.3437163938388,24.683733052319564,2097.574208950636,4322.428113985497,261.7410174052031,2080.9061855123687,0.0009854816823482654,-0.0036752926211812975,0.0010966255405275589,0.002394024054002948,0.0,False,-161.2749441008894
230,1,126.734842161852,25.605834378052418,395.6610809435105,189.49460354704274,163.7496842245927,340.21230328050854,-0.0003385281011614623,9.336336727345422e-05,0.0006860678076146393,0.00040534530870358737,0.0,False,-327.51168905610086
231,1,34.423051937388706,34.05074857986761,1412.5375869299469,3220.3646540097943,46.220903961115674,1634.6944595183174,0.0009230474835019145,-0.0028641108195233585,0.0001936533459391248,0.00189605311308562,0.0,False,-159.14481527822755
232,1,47.939954055795646,35.46747591763609,1098.466806820541,3082.7951620446293,91.93454334320843,1775.7687527692635,0.00120853378168039,-0.002960371805445533,0.0003862820950256453,0.0020933816930571417,6.025416297525179e-06,False,-7.211906324528343
233,1,85.6766450553457,25.550853877156737,1003.9955471378277,2727.853746730368,383.294107579843,1675.9401628532435,0.0011292071801812555,-0.002692753195867467,0.0016987875989980406,0.002091247260763061,0.00011513573746231333,False,-0.0010507249407964991
234,1,62.32303380616571,32.15376388018301,970.9105815372401,2876.7474448850735,105.84612333770538,1704.6452829346679,0.0028337497122918817,-0.004445816519711072,0.0008777698161910779,0.0036661479912959666,0.00165804747506747,False,-0.07570135349658358
235,1,0.9727452636161829,37.933661543703174,1227.6634561277524,2629.1129803369513,2.3198639548976856,1273.502637136902,0.0006599819928795163,-0.002275869172604364,9.71961555247136e-06,0.0014679336273142212,0.0,False,-259.34972654021544
236,1,40.646097505497316,23.19693539801122,2310.786249031511,4495.326335148903,273.52414844768174,2065.632979337766,0.0008623706396781623,-0.0037139515517992418,0.0011459937388201592,0.0023588146625807397,0.0,False,-229.90083347570425
237,1,119.21414790274387,28.398516460336342,259.72267055432934,255.25102352777603,78.98489378038703,146.22864327077073,-0.00011256392352249761,-0.00010319641516221288,0.0003309257857026385,0.00016552917103624713,0.0,False,-432.57076911581703
238,1,7.694056071947124,29.41783431968696,2037.8742249021343,3630.2292190415974,32.774386626111294,1492.04298473244,0.00048049381078183774,-0.002855279033442678,0.00013731599963057346,0.0016692989660348637,0.0,False,-406.31806454675535
239,1,96.46293244852251,22.18684449826468,1091.4882867830859,2591.5914866212065,300.39358226514156,1447.097746040079,0.0007997023366902445,-0.0023428152149682566,0.0012585695501158125,0.001692587802372484,0.0,False,-128.79826253396038
240,1,17.989751387285267,34.18075307245932,1545.5973798473258,3103.588473249821,45.085439784049235,1429.247902551925,0.0006579496422985881,-0.0026058353805406983,0.00018889605176616918,0.001634623381216824,0.0,False,-286.1255287040952
241,1,104.08329801076631,33.827571650217756,138.06763899201476,511.3537770847849,34.801076693934775,335.1980492826955,0.00025494732667093525,-0.0005270377000085175,0.00014580729424363333,0.0003977311746033726,0.0,False,-339.77121729566295
242,1,24.526417470924923,23.242048561044356,2563.2194727682586,4414.664917767826,148.24190250265664,1767.4058298837108,0.0004774921394952057,-0.00340104088908387,0.0006210943094529988,0.0019639740702854045,0.0,False,-441.43367144439964
243,1,21.658263687017325,34.14896900304331,1528.0642690165594,3123.911162433078,48.19415232594351,1460.623929532761,0.0006970167065518682,-0.0026460712042413806,0.00020192073397073528,0.0016745901559858795,0.0,False,-267.4214823188816
244,1,48.91959758179425,43.287509708983464,486.7964531017167,2035.1098580960497,-100.22306596207024,1375.3871830655407,0.0020964976408543376,-0.0031531095922764096,-0.0006343874641326457,0.00264389975021687,0.001009131477740535,False,-0.313097809558883
245,1,1.9481657381443591,29.50675008621018,2036.3487159992053,3612.882339298099,8.391375373284232,1477.6478131636354,0.0004678754879060349,-0.002834753679561347,3.5157640348937736e-05,0.0016514081474215572,0.0,False,-412.32558089045364
246,1,35.32123308296524,35.611495371718284,1269.047289704858,3040.2174862299057,25.81776112700497,1593.8883895222673,0.0009524496018803947,-0.0027579174116390895,0.00010816958125932884,0.0018559717153908432,0.0,False,-134.84376557610648
247,1,91.93508764168025,23.81157556047387,1038.5063740460407,2698.5194734547053,338.5602101486715,1596.9518737873395,0.0009558963802722698,-0.002521611234828927,0.0014184776124738802,0.0018778403786115856,0.0,False,-47.60652578225779
248,1,97.33491950641712,23.712747703357923,965.1267208266745,2325.0865032440665,267.81376746366453,1307.878293295028,0.000735211725755313,-0.0021137239249769246,0.0011220687548978946,0.0015309696790540325,0.0,False,-153.22265671195436
249,1,54.14777973095934,24.523457805652015,1836.3789467728275,4195.246869610978,359.00494351559195,2218.9304081788264,0.0012072122275818865,-0.0037343036963645646,0.0015041356304708263,0.0025826828890452374,0.0,False,-19.094722317604294
250,1,20.75735506368256,35.74248051238026,1385.959620174827,2928.7333215465474,38.67344981095849,1405.6193222944087,0.0007120822671243636,-0.002519824334582057,0.00016203151200162099,0.0016179828871958964,0.0,False,-249.17792675610355
251,1,96.45853619809277,25.277207807671136,862.4133349442673,2185.1023480978324,255.97887311571776,1265.534961179073,0.0007470149836624369,-0.0020238433410644727,0.0010724836820649505,0.0014855871822282939,0.0,False,-142.31477338148778
252,1,13.350983964267039,32.62413031504636,1712.84490678711,3270.884637592168,42.914532150076106,1440.318167975219,0.000587918113647227,-0.0026759687981095966,0.00017980052374714324,0.0016344177863292207,0.0,False,-331.12154650582653
253,1,110.10597705968104,23.39728831307298,800.7030504916866,1426.2496439304857,175.68680911878604,660.0546592132569,0.0001887015385127408,-0.001121735736385251,0.0007360811993604652,0.0007515087131055128,0.0,False,-382.6076400876247
254,1,64.94681089163315,55.52988916422719,67.9147115424857,255.22012920853476,33.36251545229056,175.20223508926665,0.00012849755298682125,-0.0002638824929992222,0.00013978010364569266,0.0002082670028252256,0.0,False,-386.42357449103804
255,1,27.306710109665133,24.809267686375406,2374.0298093087554,4254.6727439092065,149.4194603510189,1777.3544627850963,0.0005812235474634167,-0.0033584743553356743,0.0006260279649601234,0.0019945632716356528,0.0,False,-379.9692904515402
256,1,91.05361416093285,25.39864101580523,931.1398531000387,2539.4076840684174,326.4327565110121,1542.7300793539332,0.0009575203149398206,-0.0024115878151749954,0.0013676667937016834,0.001818062296168643,0.0,False,-40.37894868409279
257,1,55.970877194569965,27.57598687352251,1525.6117767715266,3762.8606150040955,274.8760947554617,2064.0522711209383,0.0013524341762622093,-0.003568164042635358,0.001209039988057343,0.0025334790567784257,0.0001204037681658734,False,-0.31929492566717954
258,1,42.52621331955499,32.40276653343565,1422.4656387289044,3451.759243851789,96.4912466880257,1831.4029501904793,0.0011044651204918767,-0.003146636251903808,0.00040427276780858473,0.0021351404724968383,0.0,False,-77.4017786686764
259,1,0.985814411935923,47.947538221516425,287.2167520501593,1443.1521456944804,0.8568371563211543,1015.9153229685512,0.000848276417577099,-0.0015732551567189555,3.5899207507096097e-06,0.0012107671176617455,0.0,False,-96.7326794082881
260,1,104.56652112148488,23.4714234529411,877.892196009081,1809.681766226587,208.7047515853683,924.1630864746737,0.0004129767236858532,-0.0015389990331666128,0.0008744176334565899,0.0010694409232210515,0.0,False,-292.6587110579154
261,1,88.25010178249651,20.778004118165793,1334.1972703571364,3266.535137415806,435.8100824393066,1892.592374257654,0.0012448861014847691,-0.003172471129430938,0.001994879032611977,0.0024234576156948865,0.0002030873091271118,False,-0.010205869206458829
262,1,37.14225957519945,32.453420736314825,1509.5528699043691,3427.9888179815857,73.59735187222871,1737.9126143049102,0.0009750850326949246,-0.003043784228577113,0.00030835341200393523,0.002015340663876192,0.0,False,-143.08658806857062
263,1,88.33508834535492,23.9238907753243,1092.5385526417085,2876.235590623213,391.23998824956374,1732.8875352131286,0.0010726282523091067,-0.0027354395049115146,0.0016707309229487283,0.0020792259293112188,3.905465224462944e-05,False,-1.2187291799647824
264,1,121.03597302283136,28.477910636089415,220.00534261874873,149.33370928561672,82.83769585288684,160.30042025441418,-0.00015139549693222662,-3.3477838297449325e-06,0.00034706800596750846,0.0001886626129636826,0.0,False,-401.9827668839466
265,1,32.70066995664961,24.76228738368287,2304.587091654747,4294.957113078242,182.57730115862935,1872.6245930333655,0.0007022636934517837,-0.0034672979255709474,0.0007649505360529142,0.0021195750409831625,0.0,False,-316.38079494549396
266,1,113.6654729029212,23.289407357845658,758.3296472066735,1203.5476109845426,161.29041590533245,514.9734896125316,5.5349032616697214e-05,-0.0008773236432609299,0.0006757641246968862,0.0005758766084318936,0.0,False,-430.87208259187395
267,1,113.4098317249742,31.201992614517945,132.95191399781586,246.11376386814058,25.47697635412885,113.96639879087925,3.91203052640815e-05,-0.00019793878469319566,0.00010674178331823193,0.00012999117319776834,0.0,False,-431.2953723539793
268,1,10.534996549382683,31.032336506289386,1874.7328723135872,3449.0863341583095,39.58550944855663,1465.2894472505222,0.0005337613861817146,-0.0027643006317482725,0.00016585280032315082,0.001651114792003228,0.0,False,-368.7932914955531
269,1,89.21498192371475,22.367968318293748,1200.2713061357329,3048.8305179851523,407.81923246202336,1800.660048982102,0.0010744035319238503,-0.002854664658295019,0.0017337375552464208,0.0021472903130376675,3.094598406540852e-05,False,-2.478767552770762
270,1,26.257220048864422,41.9804679096306,800.5539834580204,2193.2363277264762,0.2541461747938188,1242.6991116404918,0.0008315831174952708,-0.002085901967011465,1.0648051614950416e-06,0.0014587426394098196,0.0,False,-147.91892352782872
271,1,105.0893861410902,32.29730628755099,226.9484340084767,641.8160703067457,57.20528511839431,382.6894541423838,0.000252551720491781,-0.0006165410384751172,0.00023967499376253976,0.0004507677690129831,0.0,False,-343.8910474524399
272,1,64.14449970882016,22.853873322095406,1650.6654860865056,3904.3527370925726,375.6364040763231,2131.013859131646,0.001886391626118174,-0.004213797136353309,0.0020628840492019126,0.003219774585985603,0.0007316516358701781,False,-0.18871081678122437
273,1,89.25191403386634,25.438142343996997,958.8575064300167,2636.458422036561,354.7455849042088,1617.8859293271819,0.0010040048046375157,-0.002510346956321862,0.0014862900459850156,0.001907860477115165,0.0,False,-14.257851469154105
274,1,88.3843001293697,27.01095599217737,851.4650541315581,2466.165832151844,340.46708404351193,1553.4684434619126,0.0009962924143865313,-0.0023862918879154205,0.001426466909055563,0.0018355301962110371,0.0,False,-11.518141793493271
275,1,80.24219227879136,22.587534751761883,1313.0266712911534,3231.646468851573,432.7153435957323,1878.5884836626553,0.002119052983801731,-0.00402315066334679,0.0027277886949476395,0.003360338405850248,0.001155849325224477,False,-0.011574658109736902
276,1,66.76319718161379,27.415073092358018,1207.9431299136083,3224.386260747026,243.81196247231398,1850.4919433277466,0.003086972651889501,-0.004944001275838286,0.0020098873984513094,0.0041393293412791176,0.0019666136595255113,False,-0.038662793463856815
277,1,80.2463178732603,25.622349243792467,1077.9642756587118,2871.6108047532434,376.1252459622362,1730.1092273634672,0.0013385248169392946,-0.0029932921706956085,0.0018104204852315287,0.0023474593046370522,0.0003102116186009555,False,-0.029449791812226067
278,1,81.15635791803686,24.118910226161656,1175.7572592452368,3017.74495686651,402.8968917306618,1790.9554246561013,0.0015561255772887708,-0.003313091940465921,0.0021160017263572636,0.002654559405115851,0.0005487044265098371,False,-0.005121466785624307
279,1,70.5961263607034,52.6371543481794,81.59721894593777,268.95510162742386,41.106085155644166,180.62456133436012,0.0001228089076713637,-0.00026968104557430336,0.00017222360980966738,0.00021430663497349917,0.0,False,-387.22011184559904
280,1,75.76282901705649,27.27703776918628,1043.1650667864344,2869.6663687513287,319.5706092458999,1720.918032873821,0.0015654025287870563,-0.003204775268500628,0.0016573749590941683,0.00252494989914497,0.0004981110397942146,False,-0.05171661934610938
281,1,108.28132677563595,23.458484367026585,823.1702108107878,1544.6294011116017,185.09765676555756,741.097631958589,0.00025965806904298255,-0.0012517033950018028,0.000775510158526959,0.0008493570334344248,0.0,False,-354.80159107050116
282,1,47.998469045403475,41.72950193722626,622.4761264236364,2282.330778472297,-59.41760968402465,1470.1389349359756,0.001786612971026967,-0.0030036501300436625,-0.000322171006088877,0.0024005423728109404,0.0006576800612136737,False,-0.2664348794075977
283,1,16.144122416118453,34.19466708215105,1552.7013767207181,3094.950646877907,42.53094930592019,1416.0977885536286,0.0006417824417271054,-0.002589025546032974,0.00017819341322246936,0.0016178591677190424,0.0,False,-293.9221961586405
284,1,115.31443575104852,31.34213487847258,79.31132664201718,119.34309714657314,18.11355888062842,50.80202588648237,3.15157897327889e-07,-8.354610008019098e-05,7.589101431356663e-05,5.6551208305203234e-05,0.0,False,-442.1401347880124
285,1,61.08545004583931,58.46629231586966,76.10986151448056,118.08817742695935,28.17342140269422,63.87478421900365,3.287588937507524e-06,-8.46514238972626e-05,0.00011803917391521243,7.359775227026235e-05,0.0,False,-433.40477028203253
286,1,102.7362529867687,23.489023014120264,903.5937772823418,1943.823174250513,221.7751647923362,1019.8962706336089,0.0004930752725768629,-0.0016860675611137504,0.0009291792030802623,0.0011844869650044726,0.0,False,-259.1925996362596
287,1,56.87911798938859,29.120080345074825,1364.299884191111,3516.124140352271,215.7904823836354,1962.3054567289296,0.001643597333556247,-0.0036883657412655757,0.0010757987859191312,0.002719704637412327,0.000420982744368479,False,-0.11949927947722472
288,1,80.30051154550561,28.73013967530275,848.9757926037115,2516.1835057561343,323.1901119565384,1584.7033430674066,0.0010787605984167482,-0.0024886732178103638,0.001382816672596942,0.0019130320164056857,4.009111173776333e-05,False,-0.03799329623041103
289,1,81.17391505733929,27.157372982696092,949.448987398562,2662.5988873505867,354.96215333841474,1646.093929331481,0.0011351246951070842,-0.0026484770891363543,0.001566254551892644,0.0020474860062436664,0.00010510917568681424,False,-0.023999711116005074
290,1,18.92288205698694,35.75974020995946,1393.595901828787,2919.030694867221,38.27256974186236,1391.256745273277,0.0006943537806216728,-0.0025012301042411297,0.00016035193068564008,0.0015998022617552967,0.0,False,-257.57926162288453
291,1,72.1088662691608,24.25214322283306,1334.5393123219492,3363.5500311216238,349.27884683926135,1916.8648742388837,0.003020904425884971,-0.0049892794313678435,0.0027737386754924463,0.004238415731936763,0.0019907971144978854,False,-0.040100083481149795
292,1,59.598703480002484,30.638156161916026,1148.548000489188,3172.731340400136,143.54250899935406,1822.5083133608025,0.002654717188823116,-0.0044652187830906895,0.0010780423426475297,0.0036005438317250477,0.001459584262182554,False,-0.19741834669292757
293,1,74.89304881207019,28.8344147681215,945.0350796812199,2731.3501439206025,279.24926584896485,1662.013740045836,0.0013576019534393413,-0.002897909992656019,0.0013285275100822945,0.00222903383040757,0.0002686839008226536,False,-0.0746253560751029
294,1,31.74031145866363,23.143020572489792,2487.1333727794513,4472.218217777762,201.04204755099818,1887.061430277743,0.0006213529385318082,-0.003537136935772597,0.0008423129330282747,0.0021214693676694326,0.0,False,-363.764947502079
295,1,72.1650641486121,27.32485060813637,1117.01669327054,3021.534044314438,298.16685139282794,1777.1820928662992,0.0022148940259504313,-0.003948837175020904,0.00191392529861319,0.0032270223258640124,0.0011367321284810707,False,-0.046507040724407034
296,1,73.03575289959576,25.770776104861124,1212.599936078697,3162.1209200404955,331.37038361125224,1836.1031750079246,0.0024645232689682016,-0.004297415442712577,0.0022807140297403106,0.0035681042454635977,0.0014114142085733259,False,-0.044040352333297506
297,1,83.91032622368793,28.666335400742074,796.0933061064944,2396.727447748666,340.38095557337766,1539.8184535705975,0.0010221942184896887,-0.0023599015521414066,0.0014384237654240899,0.0018376367112855549,1.574443799416425e-05,False,-1.2778847983801143
298,1,64.0802303643805,29.012236403412597,1152.433947709086,3159.514211001411,188.61026171383764,1820.4199650571145,0.0030264985954562233,-0.004833090671528269,0.0015522858984885653,0.004005706397014897,0.0018669593493685608,False,-0.054760776078921936
299,1,102.2566249445739,33.70633228592619,186.600743160468,656.1141674580897,59.03383042840227,427.65500734551836,0.0003152466100878812,-0.0006683218382387194,0.000247336114319202,0.0005070951700593582,0.0,False,-313.50674027823186
300,1,64.04271427540304,25.909444620173776,1390.563952341965,3528.015325140899,270.5739449961306,1971.8211832037866,0.002580883338003272,-0.004641637786148119,0.001896241713960009,0.0037336491541980436,0.0014245745860575728,False,-0.13403099827218057
301,1,70.39962562971819,21.170464258300125,1594.4023840066645,3782.4887131934647,397.56441829551767,2086.6416359250775,0.0028304637188716914,-0.005083238681038436,0.0029643326908197,0.004225338861446667,0.001787223554443318,False,-0.04783323094630987
302,1,73.09056908387285,28.862818298879276,983.5064059288558,2807.8331625848036,269.8275470065859,1690.6476152340717,0.0016169167905473528,-0.003205387655703454,0.0014176640773703245,0.002513184812573309,0.0005205159296502038,False,-0.06081032246123641
303,1,72.21616951590964,30.4337218454457,885.824763758507,2666.106306981978,228.79718703331528,1631.0298530537682,0.001401175227850989,-0.002889340273200869,0.001102377545297916,0.002214935637729872,0.00028961792613978513,False,-0.09121555986172325
304,1,104.88631102572253,35.50452990156556,-2.2442995784923596,235.16113897848365,-15.699722190708053,208.69344279032734,0.00019987348417459597,-0.000297459471054742,-6.577767789013589e-05,0.0002508320011809524,0.0,False,-353.9970430900769
305,1,58.71657086051193,32.20708500675836,1055.1487723659995,3026.342172121784,94.89949072558021,1762.8970440016785,0.002734107496905523,-0.00444414410390324,0.0007720336326698159,0.003609824510086568,0.0015360711832523705,False,-0.08151327141536058
306,1,64.96115928192688,24.401805871088452,1487.8815209346287,3661.8159750528334,321.38064051554954,2029.6658960030866,0.0024348134972857136,-0.0045924003577922055,0.00213331713105909,0.003671946913650484,0.0012977442232183342,False,-0.113693408423444
307,1,55.996793206834205,30.687122017966207,1262.1700091418531,3360.8695400525903,167.60310095784362,1897.7360553749104,0.0017516098899078084,-0.003688541019302452,0.0008818772986748276,0.00275558294580744,0.000529557606388118,False,-0.26534378425998284
308,1,64.96078699688516,27.44500578908521,1244.119174520774,3295.789293613252,231.67793448402878,1877.2704635063683,0.0030372678752154346,-0.00493936928338172,0.001887972784557497,0.004098511363749729,0.0018958482142591836,False,-0.08779776453587829
309,1,100.05260791108996,25.2224536069412,817.3430672918527,1923.4886117502085,219.55233894826543,1066.489449401714,0.0005844462757069596,-0.0017327821579930219,0.0009198661515115083,0.0012465654165189509,0.0,False,-215.25459086145275
310,1,65.00317405011886,30.552641563162553,1024.8781439089657,2949.280603234754,161.85712408368795,1736.0950960184387,0.002753515668773285,-0.004418582927789065,0.0012535917199917763,0.0036404151713521483,0.0015966693491906193,False,-0.11207496924617999
311,1,64.12647262118652,32.12428910479271,936.7127442333795,2809.4866348497694,126.53393651893037,1678.9383976734214,0.0025632222306135946,-0.00413278055194128,0.0009376187657285859,0.0033806649572912803,0.0014013662654352354,False,-0.34065621727495454
312,1,62.341878971436294,22.87050121768365,1717.1833528012837,4008.17028946023,391.6250938631028,2173.5623394961276,0.001620542069499447,-0.004019313608977566,0.0019380601786674855,0.0029817800610619344,0.0004458240941208181,False,-0.2642812985654359
313,1,47.71716455135863,22.952386858029502,2156.094257720391,4479.013692144718,346.0339293147678,2201.4611147813544,0.0010431370508991672,-0.0038230715503189405,0.0014497905163569514,0.0025387929559087547,0.0,False,-121.03700798135816
314,1,27.176348825006816,37.262640879570625,1208.739979464099,2778.17451181624,22.143661286395016,1416.9578188209584,0.0008086729670316499,-0.0024790845450033613,9.277607601661155e-05,0.0016445331296620089,0.0,False,-192.51404129200563
315,1,43.41827616596279,33.956873642380565,1282.005876116775,3274.6585780569935,75.64433320585012,1789.6359120865952,0.0011326109049436279,-0.0030417326274763956,0.0003169297216465382,0.0020931787056484115,0.0,False,-54.81391329393847
316,1,38.0517717464991,24.707351161071415,2212.490064719888,4324.353371653208,219.8364985274499,1979.2075307429166,0.000842654846268282,-0.0035814191170814857,0.0009210567048883091,0.0022594676301514608,0.0,False,-241.1872292789232
317,1,23.510605350121647,37.29405625810691,1229.1809262571835,2754.2033322434763,28.29401415246437,1380.3424065388465,0.0007628937423317566,-0.0024318262462673934,0.00011854442559763639,0.0015984593040170923,0.0,False,-214.0339315341281
318,1,109.55267297952302,34.228377104150965,-27.44645152505572,99.91541720406558,-27.79400004788897,120.56459277284709,0.00011822183587509305,-0.00014858441314596384,-0.00011644949892875706,0.00014555588301185633,0.0,False,-382.71823238047097
319,1,124.90508272553882,25.478455643285372,434.201587908259,293.52460977586514,151.66213589235312,298.56753626373415,-0.0002997988214401559,-5.0991814800256956e-06,0.0006354241815032043,0.00035021842050056683,0.0,False,-372.9607659362558
320,1,56.91682814755051,32.23054566641295,1104.650444689709,3106.8564727086778,112.98361530379866,1795.072569873128,0.0023566631207697017,-0.0041211729769294395,0.0007767928162429952,0.0032621222995168637,0.0011519674406447026,False,-0.2269423143513336
321,1,42.585327756977414,44.93306533757695,486.64363695072257,2024.7582985302743,-52.13869107437106,1358.5191423975987,0.0011162135633879262,-0.002168424459594233,-0.0002231548997919941,0.001646104876011954,3.13342787095017e-05,False,-8.69788519304899
322,1,56.03843205916366,33.801049021720836,1008.8038593989959,2952.4797414720965,64.17803617076473,1732.8245986134878,0.0024463841529327995,-0.004106057066660021,0.0004949516175459488,0.0032855541024281736,0.00124566872975974,False,-0.1491263043718618
323,1,97.3968738639005,26.813294461659297,739.460898597555,1914.613222417096,224.8213850028444,1121.5223127499687,0.0006749008674721349,-0.001786887630728309,0.0009419420589674744,0.0013179204691789906,0.0,False,-169.54933473767784
324,1,26.304959507920007,23.216928094769894,2548.3261973586,4429.090085969252,160.5952795945511,1793.6472660250224,0.000508299330183387,-0.003431651955249676,0.0006728516876623416,0.0019984960298419225,0.0,False,-424.89154452178883
325,1,27.160552499074026,43.54332480435401,661.5007871332276,2003.8262411957112,-7.3061864949202695,1192.718760324806,0.0008476463173390496,-0.0019643477507254046,-3.061098636207983e-05,0.0014060803383267025,0.0,False,-128.97580269690286
326,1,48.65234771243512,21.451902106506576,2277.8612673699495,4632.535049197183,397.93872577256326,2260.7449933699168,0.0010187283599576002,-0.003914001393982437,0.0016672578664719134,0.00260343866927559,0.0,False,-127.123351879003
327,1,48.760864940373466,24.57454874703696,1973.381392354531,4286.626829191101,312.64237180953165,2167.5887814745133,0.0011115826047721255,-0.003734360252584154,0.00130988873420124,0.002509928817354671,0.0,False,-84.4747588456616
328,1,54.176314226124276,27.596435798638073,1577.7247777328867,3843.5698325881876,278.5733419206306,2092.1888137700707,0.0012546574060658157,-0.003526036264198236,0.0011751310506333164,0.002461501825871013,1.7485779608429404e-05,False,-3.377543877942969
329,1,111.02478420574231,24.93981096371,673.9812458225498,1171.7874915577477,148.2558458656015,534.664664568932,0.00013475497348704527,-0.0009080831890586269,0.0006211527284508177,0.0006069065301435488,0.0,False,-400.4772312411641
330,1,42.37607335634491,23.212224057940023,2268.191490230898,4489.973018200482,288.60452325351827,2099.7239000110303,0.0009114230710733449,-0.0037429150093657095,0.0012091765152025327,0.0024044214902935817,0.0,False,-201.69515400361723
331,1,28.982428917131625,43.521184751890786,659.2156739282253,2016.068978816107,-15.390880027183726,1205.433650407604,0.0008607772886986553,-0.0019816507029862627,-6.448371102216595e-05,0.0014215796703756305,0.0,False,-122.91346190087353
332,1,82.98109668926416,27.12718757702602,923.4317177926081,2606.956414598027,361.9090330825914,1625.811305748274,0.0011142012884847105,-0.0025933404132331412,0.0015926668888223252,0.0020175761007163945,9.812449359296901e-05,False,-0.009712499879015013
333,1,39.819788929929935,33.994637467935064,1337.343187811889,3261.622135881296,56.86584268104193,1731.5724342816634,0.0010521324529874868,-0.002978977119505649,0.0002382528198517416,0.0020190721131012816,0.0,False,-95.86626834804878
334,1,21.68448035189517,37.31224254551527,1237.2000622056726,2743.674159161715,30.189529975569826,1365.02965990617,0.0007439914362977634,-0.0024118723011531742,0.0001264861348669764,0.001579198742374704,0.0,False,-222.891235378393
335,1,69.45796588890202,22.818792049760642,1489.5748112048284,3635.9081095710717,354.83148339201927,2023.7296922481976,0.003017177050327908,-0.005164618645146477,0.0027968526450574405,0.004323313703649319,0.001955843656966433,False,-0.04057907960321927
336,1,32.61843205464705,37.20996918607667,1166.7764168440674,2824.3082977077465,10.416718416748564,1490.0241770235227,0.0009000754998762855,-0.0025722342909499096,4.364329128669388e-05,0.0017362920275937016,0.0,False,-149.27194623661802
337,1,43.504284955716976,46.496058070187836,353.2547080271517,1809.553705825402,-79.73323332975463,1287.0332731064516,0.0013254601676868094,-0.0022316196108690864,-0.00039179457036159064,0.0017892959185372387,0.00025486523993679375,False,-0.2351921736221243
338,1,105.55113359020864,25.355426717659043,727.5951144340934,1498.9141958999292,173.5639517508795,765.6021272222021,0.0003414814508144806,-0.0012743298824971529,0.0007271869892300784,0.000885952479279197,0.0,False,-318.37044304792636
339,1,42.518606625746884,35.534639183089716,1172.8305272930868,3094.062558948866,45.43681053025606,1719.4786032233217,0.001118505746049935,-0.002906220940046264,0.00019036820213185791,0.0020146131731772856,0.0,False,-53.42858426512697
340,1,61.36853155237153,24.444053828878467,1610.0129915731661,3861.556006576719,342.1226289739056,2110.120568614899,0.0016430112246643754,-0.003935453719774308,0.0017058425816615496,0.0029167263348547556,0.0004519451887179072,False,-0.18441344591821007
341,1,37.10758860698825,23.213723799518903,2385.4540846913255,4489.587286161362,242.6421731058606,1992.4407163487626,0.0007637100839587765,-0.0036441703321089367,0.0010166064412635216,0.0022617967646747,0.0,False,-285.4636984004556
342,1,37.884718438896634,21.727830253243752,2528.5111299893324,4656.285561533542,280.38441910390225,2036.5724455721777,0.0007235830693816305,-0.0037338225929884027,0.0011747364559193908,0.0023048031900682153,0.0,False,-306.50539381865104
343,1,29.004522436653776,37.24539590740021,1196.3481877942966,2792.345843339743,18.193849218930374,1438.921900788284,0.0008361232897247488,-0.002507280447763844,7.622740956606222e-05,0.0016721362960164046,0.0,False,-179.5762981512948
344,1,139.97106676341937,18.780041693148025,1742.8883504280202,417.22385771238004,267.05683484489,1256.4468421166673,-0.00219333640681868,0.0012883066024204845,0.001458526331902087,0.0018874014613110071,0.00039202113542039684,False,-17.76633502714759
345,1,87.9781602959464,44.02125218484857,36.09787998547818,265.5120080832603,37.01280023566858,210.93283058313625,0.0001771128315708921,-0.0003034793865001814,0.0001550738301060381,0.00025249592712271154,0.0,False,-362.421797002434
346,1,58.705640997605805,22.906486066972416,1836.9565469774263,4206.718171187866,408.91963708330474,2253.6045497052723,0.0013075680449528056,-0.003839707684465423,0.0017770829424813023,0.0027227041346387583,9.688084402651039e-05,False,-0.11554648119641797
347,1,89.31541921525536,28.55104171030899,725.7868681787972,2214.1072210136535,304.367953140845,1423.261195196083,0.0009430481437938849,-0.002174785903742843,0.0012752211114684508,0.0016842712096864097,0.0,False,-33.02803630638067
348,1,53.290442889693146,29.163418406997494,1473.0279861364754,3684.099433270488,239.2176797704125,2025.897982474113,0.001264624061731964,-0.003425323863368881,0.0010145885394491731,0.00239921869806294,2.967107143454378e-05,False,-3.472809818529811
349,1,18.223944866842814,21.84929102300286,2749.704445376506,4536.224185864353,114.92366479067822,1721.6879780455822,0.00034495557379585966,-0.0033975667016537692,0.0004814997178122066,0.0018866845894644066,0.0,False,-519.6698392157841
350,1,118.17817487991253,29.92060582424693,144.64223025791438,131.8491370184633,48.243357003886,88.71012722779605,-7.132119809412363e-05,-4.4521361889985483e-05,0.00020212688853940433,0.00010194791598064845,0.0,False,-430.9159013802651
351,1,31.594009717237217,58.21104511957003,-573.0649701031786,216.05095377613853,1.246739332500418,684.3297517610646,0.0011189131456856571,-0.0009693337284006412,5.046215352326119e-06,0.0010441264855634803,0.00021757680239490714,False,-0.0011132821240948942
352,1,20.992954807394835,23.36863889922756,2578.472594950668,4378.85081999936,124.3307080218728,1720.883256004279,0.0004283098600046105,-0.0033432441053824445,0.0005209127374850259,0.0019036786358194076,0.0,False,-467.45671502678414
353,1,95.35766553926605,41.3501388993795,-64.55434784249536,111.03324538136694,-22.435773156417152,157.01893771502313,0.00017417966422453648,-0.00019365309129453986,-9.399994738586333e-05,0.00018982684619232713,0.0,False,-358.09714064448303
354,1,103.87578853135817,37.032332754419464,-82.59076865737477,100.60902238675992,-45.71865217980352,177.32866272841815,0.00018811506540293219,-0.00019566423650008678,-0.0001915490439973735,0.00021446304391752226,0.0,False,-342.5172775933415
355,1,81.23204220323208,30.270886226091477,737.3298724174974,2305.109871441131,304.64837509053586,1488.1017731626841,0.0010047949052466518,-0.002279496578567637,0.0012763960051676085,0.00176180002502149,0.0,False,-9.781376838370136
356,1,50.59085954415227,27.640489524539394,1657.7239105935123,3917.7275934169643,254.0649636436808,2082.1181755057023,0.0011992209597709875,-0.0035351874734967544,0.001064464908278183,0.0024262990723503356,0.0,False,-32.52418132815154
357,1,47.89047622403755,26.13102261204247,1852.4137063298085,4124.731857658024,266.1480694455843,2107.6857951747897,0.0011279699640452676,-0.0036322356499895944,0.0011150899213641149,0.0024445338523232216,0.0,False,-77.72955792647662
358,1,73.14496013614378,31.977775394947116,759.1747298608489,2451.8037251061583,204.46767794100774,1541.8396826548615,0.001114700504188177,-0.0024600154336970187,0.0008636592223192387,0.00183878365291213,1.4860181746402884e-05,False,-2.744472722324076
359,1,18.95432071516096,51.47988297926349,-58.673006104757484,1023.3095366787469,2.99188642001012,941.9908479812435,0.0009312264935928396,-0.0013353836513972858,1.2535211695387065e-05,0.0011333224034784195,0.0,False,-30.935348541293195
360,1,40.71583432585259,35.55571968090365,1197.9881092345138,3084.609461090178,36.19863695850815,1690.2196713459289,0.001078963469180766,-0.002873258426072757,0.00015166270160680423,0.0019775653898404994,0.0,False,-73.22124918691549
361,1,18.02541125232209,46.771084928353496,380.85305698229143,1589.9880181981632,9.146910554124883,1065.6447152687056,0.0008536237054105143,-0.0016793539179655453,3.832313265233339e-05,0.0012666337575459726,0.0,False,-102.33722431837765
362,1,93.79175364205241,26.89398966893128,781.4548093071585,2160.850215585884,266.8924439717936,1314.273595447294,0.0008284514153973979,-0.0020611992935510026,0.0011182086534805135,0.0015492314072181644,0.0,False,-97.8138133778134
363,1,31.635095604460545,56.415931857801716,-450.4364739927293,428.6692887475324,0.6005004247182276,761.331745343755,0.0010641576528207125,-0.0010550377787092863,3.0744101402526433e-06,0.001059598830809959,0.00013879308125804742,True,5.181981464374985e-06
364,1,86.81736712924867,45.546202114974626,25.977055634764408,140.99762256677886,22.936819931057585,108.53292896755289,8.54974441182009e-05,-0.00015545541194168094,9.609920066881023e-05,0.0001297047948348464,0.0,False,-402.96812585496195
365,1,94.72086156576415,28.42744194935028,661.9639503149792,1893.7156648706211,234.8574494058441,1169.9137841362844,0.0007547973276417312,-0.0018255593989449925,0.0009839905107532007,0.0013808039471349379,0.0,False,-126.32629344175643
366,1,112.38111025963997,32.71700059318821,27.93946179799502,119.67652857489752,-5.875797611322092,81.44474731047886,6.516490811256381e-05,-0.0001270120984528441,-2.461803577989089e-05,9.687369294357063e-05,0.0,False,-416.0422287170529
367,1,56.959235534585524,35.34988158038225,868.7721455633292,2714.5992987335553,23.47301730394912,1638.7089022268276,0.0027552559921644668,-0.004256593721332698,0.00026552013819345494,0.003508437592022143,0.0015750869561404924,False,-0.17362257725670815
368,1,34.41854423334493,37.19140565964233,1149.3734858987727,2841.955265913975,7.620138518029134,1519.2452281028052,0.0009367368259118013,-0.0026089978621344034,3.192636218836843e-05,0.001772939210084253,0.0,False,-131.81090325038508
369,1,65.05305164793425,33.66960774798811,816.7055536145908,2609.5185495204737,102.19355244669946,1599.7982720489588,0.0019159136259454916,-0.003351410781231766,0.0006040345766471396,0.0026509226780609112,0.0007609583575850823,False,-0.08257901644003596
370,1,67.73268677738133,32.06754160405493,868.9049390898839,2675.7832391243683,163.50915891337434,1629.2515985276877,0.0017720176829344528,-0.0032571481481446715,0.0009063470263746577,0.0025550916758852295,0.0006318094554557784,False,-0.07781269217008457
371,1,23.736833704516673,24.846810928098247,2406.735394819075,4226.986513522129,128.97003490082582,1724.8037785886868,0.000516915630591603,-0.003296269415322319,0.0005403502883769462,0.0019256400642728257,0.0,False,-413.54390494357534
372,1,86.55803181848846,23.993336151063957,1111.3074001034372,2903.4383309035693,399.96771460376425,1746.3975222927838,0.0011559334822490927,-0.002838005612552784,0.001782176928209275,0.0021867615380070757,0.0001311133073499732,False,-0.00030730474117035556
373,1,106.72480820865006,35.615054290003236,-60.78891674631645,99.543341732562,-40.25336560173043,155.42150498905642,0.00015981888588529822,-0.00017605596353926188,-0.0001686509407224984,0.00018791956675833055,0.0,False,-357.970921118356
374,1,37.11746998609222,35.59294332943412,1246.8216181415162,3056.543032603709,26.902275466764532,1625.9395342142905,0.000994065448180764,-0.0027970612617505136,0.00011271340910808288,0.0018964009362043618,0.0,False,-114.75275418795007
375,1,26.253146052066324,38.8420596571798,1075.7679363751738,2579.52868217505,14.212023300462382,1352.84521064724,0.0008093535769308404,-0.002340826049164968,5.954461355871932e-05,0.0015753711656045523,0.0,False,-181.02378655799163
376,1,13.387080579995853,45.18192543748759,534.3748288270532,1777.5352280164261,12.181427713586464,1101.3538378910182,0.0008178136637355593,-0.0017864427463573987,5.103695585521612e-05,0.0013023782304282068,0.0,False,-131.047955652503
377,1,42.53001711131045,26.19615372099337,1970.5551211196228,4155.946576363419,220.55953680858912,2025.643507089471,0.001005631873444609,-0.003572473823609576,0.0009240860437887844,0.0023352187686448774,0.0,False,-149.95643006287725
378,1,51.65603886156918,44.822842042350175,332.3581988913984,1740.2796501267383,-152.97717229705654,1264.8503594893366,0.001916948911724739,-0.002785329276418856,-0.0009819914084130846,0.0024018600752795803,0.0008931373990722547,False,-0.2449949238488216
379,1,86.64166365089879,30.166494765716468,660.6065129409939,2123.1826969647345,311.0672200766915,1404.3254930484181,0.0009487847365401945,-0.00211511868652315,0.0013032892656213314,0.0016647873059150132,0.0,False,-21.37855652639672
380,1,78.38888931252575,22.616499045780685,1346.3760283360837,3297.116345496943,429.21849022071433,1903.246329314243,0.002395619710153868,-0.0043411200313767375,0.0029043004987092543,0.0036680588780689124,0.0014358962546969125,False,-0.026745234284874186
381,1,46.130568165545206,35.491398925281,1124.5629165572304,3097.3161342840353,71.63419710672896,1764.2146823227883,0.0011819006214140136,-0.002950756126779197,0.00030012831348024023,0.002071770305978644,0.0,False,-20.103050896562138
382,1,42.61457704203285,48.079246993987105,247.4874402416286,1617.8032141478836,-100.91436545899785,1213.947367015444,0.0012607608180576282,-0.0020422681998159206,-0.0004866472109094702,0.0016693431493255563,0.00021856460413449395,False,-0.2586974533383568
383,1,34.63053582269219,56.47607892758961,-452.6962576369042,424.7614493863398,0.18360848228827442,759.9058661322539,0.0010741683710852584,-0.0010624644262847843,9.822149534901865e-07,0.001068316511566627,0.00014923790031966277,True,0.0033395019025874717
384,1,78.10757022293622,49.810728694087906,74.6033158993714,156.5933988051516,39.567766614753545,101.35642034283272,3.744653295737442e-05,-0.00013431183314779882,0.00016577846254871992,0.00011935601678605907,0.0,False,-416.527191760489
385,1,78.55611900987289,31.883113853787375,691.9539441788962,2235.6994536882216,259.8824793603036,1440.7258247194222,0.0010036665882913846,-0.002230275822771098,0.0010888387583553004,0.0017061618738974723,0.0,False,-20.935593322149543
386,1,61.44512641453482,33.72653184212143,882.2667389433449,2731.8102767212763,70.24052544316793,1646.5191145556828,0.002685834699226123,-0.004200037249556941,0.000579300761054221,0.0034550984742404765,0.0015124863763345449,False,-0.07106149047609733
387,1,24.41177431844949,35.71315632074991,1366.4554396156782,2950.311594913965,37.17416838827696,1439.4237642880921,0.0007546789224519702,-0.002563289979863756,0.00015574991992694295,0.0016608112230391714,0.0,False,-229.0118710749204
388,1,70.46396918835615,33.583897190641736,705.6012341037443,2384.042678659543,152.3899544531345,1509.3049234112218,0.0011233992391330924,-0.0024178782090174544,0.0006430190590625065,0.0017995915838807204,1.278777578319162e-05,False,-4.1799184949171035
389,1,16.177341069840455,46.77656310182104,382.59337078095854,1588.163795015623,9.973809753001545,1062.6322527339194,0.0008499076668453433,-0.0016756027235908938,4.178762129045631e-05,0.0012629280400615179,0.0,False,-104.09491385989196
390,1,37.183796274396336,26.252588052054495,2076.3511962648513,4146.714575789046,183.47650812869244,1924.3335873996782,0.0008649186855893918,-0.003472218425489268,0.0007687179751015051,0.0022023672290026873,0.0,False,-226.33356994476372
391,1,77.62533449616032,30.34205472715116,789.3812715181639,2445.039429166009,273.6916682665861,1544.421934500147,0.0010682579998360572,-0.0024233946094299047,0.00115428082689863,0.0018387497227151106,1.2236588626415928e-05,False,-4.65511806061528
392,1,24.432030853062155,38.85999834255819,1083.8483818264906,2567.9970682569597,18.445138183549542,1336.5640328303568,0.000789534217401835,-0.00231956074145296,7.728024377366e-05,0.001555027628311955,0.0,False,-190.27175079734906
393,1,72.43806841446542,52.73891425446964,78.68816513878804,145.63953557032028,40.20847111468877,93.35554147018709,2.313344486427546e-05,-0.00011712081011724246,0.00016846284471215903,0.0001096026757074544,0.0,False,-420.26115374328947
394,1,70.3279403939427,24.267856035682758,1363.7972035103082,3432.9111903271782,330.8770346386598,1941.5064944881926,0.003160982734418949,-0.005170676510080314,0.002728522511085443,0.004383531135396156,0.0021083468231121246,False,-0.04276730430211728
395,1,62.25270728323156,25.935064682375543,1446.7939099303549,3618.4522491920343,283.14388787064183,2008.5202331826645,0.0021305516235428645,-0.004252755610605959,0.0016969618625252585,0.0033025100608628693,0.0009519676100079813,False,-0.12381324878282385
396,1,66.74539102652733,55.61828808356082,81.7750592012797,143.40808695003196,42.85501458515299,94.15786690710397,1.73836285544543e-05,-0.00011172940279111782,0.00017955116091340761,0.00011057666373222141,0.0,False,-419.91101978206507
397,1,18.02350589549079,53.00476048743951,-198.64228601962904,839.5129295131301,1.079245447047506,901.3519483434452,0.0009549424579919277,-0.001223450284085277,4.524386025093509e-06,0.0010891987202530523,1.7975223918302845e-06,False,-9.404737033758408
398,1,62.371117317015454,35.2729608613051,763.1965667439221,2529.534315439872,43.462302197543316,1566.5406038826466,0.002113546611026234,-0.0034931136423167752,0.00029569842428897597,0.002807226244647164,0.0009549660043161309,False,-0.14219809768911773
399,1,39.85973901872112,43.39192592420947,617.4810765309371,2159.4799062914153,-53.954594145198875,1367.175449942804,0.0010334051223061568,-0.0021968782259875336,-0.00022605545953397616,0.0016190916883432368,0.0,False,-42.275294784873495
400,1,26.2564025943305,35.699679627592026,1354.1908481939713,2962.7169920619504,35.2871108931498,1459.660830545329,0.0007804896050752018,-0.0025891596563570388,0.0001478436488116415,0.001686445514207677,0.0,False,-216.79405610103976
401,1,54.202681075584444,30.710011154773312,1320.1975201555251,3451.6203342519784,189.75738039629485,1934.6701155336914,0.0014398072536595773,-0.0034390725525284883,0.000868761949578069,0.002477812315746714,0.00021019565870390773,False,-0.40926223320883537
402,1,48.85322741415346,37.02086292007572,964.6685456149565,2876.5691856602425,61.1677590838799,1703.0263064292144,0.0013514708119390338,-0.0029608476857338195,0.00027395242772371847,0.002160505771690229,0.00015383621312964834,False,-0.08766496787166034
403,1,43.43252858067015,37.088749558621295,1041.8516951716313,2920.628275688505,29.05908182571933,1675.3796123650145,0.0011378069885401663,-0.002797981149606804,0.00012174985651955753,0.0019688353978901414,0.0,False,-34.42677019335059
404,1,31.717432641957476,38.78540418802118,1043.3898986828915,2623.851827708418,-1.6348200294648214,1417.0002006110506,0.0008871906458522913,-0.0024236678019043103,-6.849462939548961e-06,0.001655432766395529,0.0,False,-144.40891844319293
405,1,102.04600983610845,36.93476490891637,-23.76704653317796,239.38044452038352,-15.71916506647475,230.5235765836442,0.00023046142154613952,-0.0003207977247578933,-6.585913839015104e-05,0.00027758965781047397,0.0,False,-338.9018534837104
406,1,38.02040632297998,37.15094887698307,1109.5087735653412,2878.4248492979837,7.161799837332424,1583.0312953866064,0.0010174031809247136,-0.0026882417480378687,3.00060445077438e-05,0.0018528832061312649,0.0,False,-93.19341796760608
407,1,89.73222173812633,44.18933578415965,-5.502342097366096,122.3137749472509,8.084958243660685,112.18408349726829,0.00010940847124382702,-0.00015834936784410447,3.3873833730730524e-05,0.00013494600494703038,0.0,False,-393.7339725235682
408,1,34.662310753701696,58.22672093341422,-575.628310104043,211.61805961231622,1.3638084989596626,682.750503126278,0.001239881608059391,-0.0010873709539554188,5.9653685036079734e-06,0.0011636301037084207,0.0003390382091653947,True,0.00344131687609206
409,1,59.58723697886442,24.469006551321666,1673.2831636162553,3965.180186330324,351.8755707434387,2151.503175314687,0.0014412561200265982,-0.003803622928323832,0.0016137829268116138,0.0027437680098130555,0.00023256100142101405,False,-0.43660394413581116
410,1,48.028284037965676,44.86897400210288,392.74071682078215,1862.433352217007,-122.99683133944364,1310.0534700074882,0.0019901644089228704,-0.0029350226153130807,-0.0007885523110988529,0.002493956794485498,0.0009334112558448475,False,-0.06450340403853261
411,1,50.461788992002255,58.24403706342553,-153.45475426638637,206.36645899364694,-63.46451223665812,330.4764871503327,0.00036580459467336,-0.0003879731975816869,-0.0002658994976247747,0.0003996509423653347,0.0,False,-258.7994329329262
412,1,54.27370934203714,36.94995603496168,819.0997534161847,2629.0504910396508,-1.7070728215001463,1604.944671271897,0.002544084031143274,-0.0039887676589266605,5.814514181919431e-05,0.0032665552215585905,0.0013713502120666458,False,-0.2611349724815568
413,1,58.68128554959545,29.09457514867923,1303.7149550060203,3421.163964151832,193.85733209307148,1923.1951365826574,0.0020282469775057717,-0.004007846105688022,0.0011353656477290051,0.0030709719496855984,0.0008164085611046824,False,-0.2568919186409744
414,1,91.0132810929736,22.295154431635073,1174.2943099175636,2966.632512011963,382.134066722695,1737.5008654130413,0.001009886258261171,-0.002744824923741155,0.001601040530934531,0.0020409058553708713,0.0,False,-23.97211661802379
415,1,56.87925731343629,22.91558517405527,1896.1946606667054,4300.255026897572,415.87459571870863,2288.5463964620244,0.0012404312232034073,-0.003836579528632107,0.001756372753915045,0.0026861163147259897,2.1575071397995263e-05,False,-2.1384790145805823
416,1,50.767733175002355,46.40566217333133,241.6295122877932,1569.582068261682,-169.97490859085747,1200.863345986863,0.0017289141706787227,-0.002487763852788316,-0.0010499309078927516,0.0021727130772917526,0.0007371807809616777,False,-0.16315203964904867
417,1,37.15046647793894,44.991067538517605,514.3567359316484,1919.4144120022265,-60.39214174193586,1245.3169705626467,0.0009618620567689107,-0.0019815477090530317,-0.00025302707897263514,0.0014771326744938492,0.0,False,-63.98220136319969
418,1,45.22560172910182,33.93583910888604,1254.2696067916029,3273.538975287372,88.64287678478472,1812.9174750336826,0.0011665350238754778,-0.00306356690025152,0.00037139017656351954,0.002123187047327131,0.0,False,-36.61657682284107
419,1,51.499812678008944,29.184843598620006,1513.9305912201496,3730.0650416924314,227.06452384122815,2028.0800582988222,0.0012227064592590653,-0.0034198017416405243,0.0009513402166024874,0.002369489955831487,0.0,False,-15.158948228848601
420,1,38.06708539492302,46.55227628012543,391.36892334976477,1744.9278924077646,-68.49768203942784,1197.4159052820776,0.0009702375043162438,-0.0018652892900593437,-0.00028698714605774993,0.0014250064757418007,0.0,False,-48.9420810945781
421,1,45.32031475521082,46.47423143773894,326.57749258150307,1747.761807745744,-120.36439910812214,1265.4308532268517,0.0016537800862720595,-0.0025228733140015627,-0.0006876816453586856,0.0021164439321288693,0.0006068194476925027,False,-0.1499187451069588
422,1,48.95171309684798,46.42912890665823,269.96640532178094,1627.2883365526047,-158.23680461659086,1221.8242644961613,0.0018706712616331066,-0.0026655707494751546,-0.001019247341892078,0.002324669693058435,0.0008652998442878797,False,-0.23403189842684924
423,1,31.83113959463047,26.298819932857384,2163.919846507236,4114.005858846897,153.65945255420328,1821.2862996627784,0.0007274436778216143,-0.003357728276802849,0.0006437924093248143,0.0020677946322806397,0.0,False,-297.93530964666644
424,1,39.64455629452711,21.730231453358886,2489.5968126835255,4657.919152002784,297.65051938252475,2074.336921793016,0.0007738641365665089,-0.003768484023012963,0.001247076843140904,0.002355213761823611,0.0,False,-277.4382383910034
425,1,36.24873493781925,59.12732815809186,-638.9215475610367,101.8899101230857,1.521625124526085,643.8106769091416,0.0012901916181420774,-0.0010651895853983628,1.0271628488708515e-05,0.0011777018001539504,0.0004017505631040041,True,0.007310628595234903
426,1,30.02253916450931,59.111652344247666,-636.0803567089259,106.80578478266948,-0.21176341781218622,645.5318076371726,0.0011314019132972794,-0.0009096498855562171,-5.799221703533261e-07,0.0010205259406199359,0.00024240198208811306,True,0.0005403267701922232
427,1,45.850006297451635,59.145463891857084,-347.4633905488287,101.5828781609951,-43.53841700412821,396.89200938171905,0.0005218549451311893,-0.0004188375226134716,-0.0001824144360490148,0.00047910785459816355,0.0,False,-180.77030627665846
428,1,74.83103803984281,25.751366796668822,1179.2966064204008,3085.238546743174,348.66825990425565,1808.599534731408,0.0021313604997157468,-0.0039180877822023496,0.0021839757646391644,0.0032158037353099238,0.0010901308023966202,False,-0.04933276216848981
429,1,67.76059182990817,54.087956748699156,75.2045705949583,263.7291931020808,38.237616661755,179.41922113932537,0.00012646492419182524,-0.000268469194482375,0.00016020548653736602,0.0002130954926844075,0.0,False,-386.2389755782124
430,1,26.46057828409961,26.336159928525586,2230.3458090693516,4073.705391628125,127.78553751320588,1730.5718589995654,0.0006101818639735069,-0.0032514123535669417,0.0005353875580382753,0.0019492658706705467,0.0,False,-358.02206706160695
431,1,115.41034052126304,23.169770203926202,744.5310275754181,1106.8755326574114,157.54213118502557,455.1986237677208,-8.313279777349969e-06,-0.000767377034251073,0.000660059804456198,0.0005029554475335014,0.0,False,-450.8556544557281
432,1,15.254387905071155,45.18663753633823,531.300800668738,1778.5039922815079,12.28258105736547,1104.7359042252863,0.0008224892460211046,-0.0017902362788298186,5.146076157508129e-05,0.0013066161332033806,0.0,False,-128.7424227853399
433,1,48.801372639798124,27.666087607008578,1696.028390672008,3942.240087369572,238.48001339378172,2067.0314715686786,0.0011716154433076033,-0.0035339006054378565,0.000999168094422558,0.002405214032363497,0.0,False,-51.019710302379906
434,1,53.35446594398968,35.39907464053627,963.2975885815704,2876.386340415697,43.69658265559959,1702.378139559194,0.0020888600451593187,-0.0036975859169522812,0.0002999616039417209,0.002897107774845325,0.0008914408584565404,False,-0.2424832891463211
435,1,46.10113571719925,26.15686941765909,1892.492329498523,4140.117005334566,250.22803834826865,2083.4175001579324,0.0010904862579808432,-0.003617989794945182,0.0010483892075043384,0.002411890683229104,0.0,False,-100.75559609390024
436,1,48.062914907502375,48.01223708200185,175.21395894784837,1452.237045620264,-169.93120591153442,1155.9441097523272,0.0016900967409750525,-0.0023719556086678195,-0.0010586112332235907,0.0020988643973793514,0.0007149464998492776,False,-0.15161188467010334
437,1,101.85089776727007,25.185933301695894,794.5296330997312,1792.9397231772257,204.27733981415463,969.409460629397,0.0005037278964169847,-0.0015878090272826862,0.0008558679507401326,0.0011299376810584732,0.0,False,-250.34548142393083
438,1,91.78395782424144,36.34933217425598,239.8775494775256,1035.3715196797616,149.1230559335948,746.7152414326858,0.0005660794694890732,-0.0011003750543522109,0.0006247861089541586,0.0008898635235210452,0.0,False,-188.83834770573665
439,1,38.02466846096694,34.011409460119424,1363.8789577909977,3249.9252329663923,51.3317755036565,1699.604265325553,0.0010089777134770946,-0.0029420394722861126,0.0002150665440823526,0.001978433118693916,0.0,False,-117.25705225666371
440,1,33.159728877307664,55.55363750772944,-389.842517483779,533.7181469681901,-1.4407983758086722,799.9602836139406,0.0010132082689235673,-0.0010734883471154484,-6.400439495735967e-06,0.0010433532159597747,7.597991710466185e-05,False,-0.001018017258331838
441,1,37.19035300033497,48.11041817221218,270.5999553990145,1533.666531318241,-67.98091304361968,1114.8636107474679,0.0009450086712599771,-0.0017009485429954757,-0.000284822020832156,0.0013306213927354947,0.0,False,-49.436908114939456
442,1,40.77252277159749,44.953127031730105,501.6190944496957,1993.2741511895426,-62.454519977765436,1320.1222407381404,0.0010397628091102784,-0.002085057001507379,-0.00026166789755759437,0.0015678782587816554,0.0,False,-28.86711994571914
443,1,39.823650193777375,37.130497220636975,1087.635806407842,2895.3601101594572,10.888559290317938,1615.5180641716363,0.0010590866142551406,-0.002727856413205972,4.562017957935845e-05,0.0018936089019397056,0.0,False,-73.09004481498204
444,1,20.78318891933405,51.43867972517194,-57.32277145863085,1027.9437121459698,2.9240349753085866,944.8805243909089,0.0009334125494942294,-0.0013400770166384123,1.2250932112619836e-05,0.001136761286798114,0.0,False,-30.096918646796325
445,1,40.74671935769694,26.21587088805121,2007.4695704240319,4156.637355294545,207.2730811123106,1993.2486443046207,0.0009598121798724529,-0.003542409724689457,0.0008684193133539938,0.0022926051874299735,0.0,False,-175.34518649981493
446,1,39.92597770157945,49.6585868133709,145.79551370663134,1410.6779352427393,-79.40915299347832,1114.9390978629974,0.001018125397244796,-0.0016702465489817839,-0.0003379176455230639,0.0013547630841233772,1.948063916841345e-05,False,-13.956132417823767
447,1,45.237164557329436,37.066543834307105,1019.6143339260419,2922.0228120148417,45.0737186565403,1695.8267798838726,0.001166926132321465,-0.002818367701771491,0.00018884694334627046,0.001994882835661694,0.0,False,-19.195601018285174
448,1,33.150417921093855,59.099392775322364,-635.4659381295803,107.87204871909186,-1.7600768818077708,645.9151405196351,0.0012387418181044336,-0.001017693951824418,-7.596991227599363e-06,0.0011282242793534143,0.0003496206337057365,True,0.0050119254817104775
449,1,50.66184637019787,36.99725580249862,916.7799897597596,2796.560074172848,33.95340740696239,1670.786437652867,0.001701574798963077,-0.0032573659375253004,0.00018866902406364597,0.0024812642558101816,0.0005111167821728151,False,-0.3251384556389212
450,1,46.24674592329318,48.03517600602098,200.9621660170575,1509.5149656490996,-152.23740813010707,1176.0182088516694,0.0017305656834065014,-0.002447210299397107,-0.0009420899495098238,0.0021413398629980527,0.0007345103581513499,False,-0.2771135723339171
451,1,40.8011619087189,48.09766298394762,264.1210370096992,1623.8590106206284,-76.15617512223513,1199.8789494319476,0.0010377617673365605,-0.0018287754039316428,-0.0003211763789384547,0.0014422369448750725,9.094036818038974e-06,False,-11.73237925048221
452,1,58.76225982197857,35.3252313769573,829.9034915209253,2647.5140528115166,23.56349406871585,1612.566636428031,0.0027367391058196362,-0.004193684957103616,0.00025180090574788245,0.003467498427832415,0.001563390121758015,False,-0.0552639170247744
453,1,63.91570557939152,57.05445822352351,83.37155858524129,138.85935568954667,42.745424848868275,91.01951191772694,1.1565359830233157e-05,-0.00010467422710083024,0.00017909200894333094,0.00010675391004228179,0.0,False,-421.3396304036967
454,1,69.58662937480939,54.18395437942405,79.75885982500294,144.2022738052452,41.2532045213031,93.39047996273767,2.058331748905351e-05,-0.00011441710084453965,0.00017284000098705468,0.00010965716904453878,0.0,False,-420.1859453431756
455,1,59.64119905951814,33.75293815864129,919.1888366954386,2797.9828517747715,58.796603456052146,1672.1079476735313,0.0028478596925544802,-0.004405256180316938,0.000541495839639479,0.003636650505947959,0.001665472729932379,False,-0.10724945192038149
456,1,83.03467524948954,30.23726735720088,712.9338431049094,2242.01924719315,315.589389506445,1462.7659059851462,0.000982592174502528,-0.0022206392570754104,0.0013222359578303855,0.0017327001711511202,0.0,False,-11.931138658013595
457,1,91.98903964301444,26.93481203367139,803.0986986299891,2274.606553193416,290.1093674435081,1403.9994857327497,0.0008965685514576091,-0.002186045538604929,0.0012154814137989196,0.0016567969621790347,0.0,False,-64.6381927364929
458,1,99.19881794474522,26.778033579978075,717.5006723751081,1785.6532603242265,206.39565348763708,1022.823424057372,0.0005944415097807465,-0.001643196711270822,0.0008647431239942975,0.0011994587819935962,0.0,False,-205.8434251180223
459,1,72.2688775774793,33.5543922010095,685.9951392712934,2317.0578100998796,173.97829713425335,1475.216150574665,0.0010807236235160916,-0.002338923273110471,0.0007295089907684267,0.0017482969045059,1.4237728051235355e-06,False,-11.620876615769191
460,1,15.271243786508348,54.7719641600444,-335.76564087210346,627.4849279518464,0.03871100737535924,834.7093803683512,0.0009762594400589931,-0.0010984820951275703,2.2901120477758496e-07,0.0010373707739128799,2.8429596199855647e-05,True,0.0001357109385367039
461,1,56.07803965777017,36.92553437143613,778.3193289215983,2558.7083944946685,-11.992172884711145,1577.6970227230229,0.0026818758724404326,-0.00408000210700059,-1.689296378407047e-05,0.003380949540479524,0.0015163611513989543,False,-0.04946505274500623
462,1,67.68610643197057,28.95341771654273,1083.1697877222693,3019.3392849565776,221.06857480181668,1768.1866396747423,0.0026676584122643926,-0.004386501058306711,0.0016398058885192385,0.0036211230712401357,0.0015410553945927336,False,-0.051965805518136676
463,1,74.9490156571283,31.94780186455598,737.2995420629662,2381.494476513904,223.48578835621447,1508.19070112181,0.0010739403452181343,-0.002380632437394589,0.0009390847887480197,0.001789968809143509,5.2816415033431575e-06,False,-9.103248803350198
464,1,66.85579992126759,33.641746237393,778.5424322541807,2535.317619969741,124.08303252607254,1571.8462954340148,0.001538558621317923,-0.0029269782152468436,0.000632156409651803,0.002255029986772943,0.00039671386962108454,False,-0.10709359589668566
465,1,75.82270476509149,30.375344784296768,816.097986935034,2518.0133712753,256.43945019155876,1575.0662023939421,0.001106369669275225,-0.0025032740240543416,0.0010878061125837585,0.0018849966665334254,2.316923624283822e-05,False,-1.1757111822453794
466,1,27.27279974179511,52.96395286361862,-199.97188952812039,844.1983442879924,-1.0066105716928417,906.5715222393379,0.0009686536185428331,-0.001238567440677761,-4.239112914163762e-06,0.001103612564982066,9.911353029019953e-06,False,-6.84775051172528
467,1,38.1261482352956,49.65360147581151,150.49460163630087,1362.036991056017,-72.61851235296668,1067.5083532313101,0.0009521550944439246,-0.0015858657722141512,-0.0003042523336649752,0.001278096182035256,0.0,False,-35.35752788747385
468,1,107.36943401027263,25.352712532178405,700.088644933093,1369.7603582433765,161.74979488836922,676.5182112144082,0.000267830822792893,-0.0011350427349422483,0.0006776888009687758,0.000778992350724792,0.0,False,-348.4038220711612
469,1,39.87806483702311,46.53453575430151,386.8558830120691,1785.6954165996895,-68.79225827952088,1236.5116038427457,0.0010100710632435853,-0.001920312517517554,-0.0002882213424849042,0.001472261820521258,0.0,False,-31.24998536289445
470,1,80.35985440329371,31.84928101959959,668.1583100566844,2162.6666661762597,275.12674193078897,1407.9724048149599,0.0009723782023209476,-0.0021584188926474855,0.0011527081810657064,0.0016681296862473395,0.0,False,-26.095544216372048
471,1,91.11845860183358,28.514399079994764,703.4244481092795,2117.163636705642,280.7010409797672,1347.193477082338,0.000889922340480874,-0.0020716740444284647,0.0011760630177216035,0.0015932809991304508,0.0,False,-60.451244183067615
472,1,29.902900209744214,38.80458031397143,1055.7340325956777,2607.358840096313,3.820775736216085,1392.796089296594,0.0008578548003494915,-0.002392593696584358,1.6008038398039603e-05,0.0016252439577270296,0.0,False,-158.26295953394907
473,1,50.731332327243365,43.26484448255766,452.70303126424506,1970.1161230288624,-116.24630590020972,1351.3500678005023,0.002190482888542693,-0.0032055799455561126,-0.0007816164024017878,0.0027261886540574346,0.0011185747786434835,False,-0.0718997962143817
474,1,46.21305468053771,44.89113760916447,424.13605945044105,1927.746930886113,-94.63632051107322,1333.3476197176126,0.0017357988529200126,-0.0027211755359878437,-0.0005454694893001141,0.0022451145665164777,0.0006580333952276919,False,-0.3737507898172794
475,1,96.52526864053884,28.386419721365574,640.730957364509,1771.2732838563197,213.76903181691492,1074.1804808693153,0.000678885283216149,-0.001689451178086463,0.0008956356263464857,0.001266015478688594,0.0,False,-161.83924644792063
476,1,64.17560373539403,35.24551154256209,728.5558339779215,2465.33544246872,68.04595853266038,1542.142253045287,0.0016988908087518795,-0.0030370466630165295,0.00037573159051409815,0.0023754093312843157,0.0005507409886573784,False,-0.06323171940590555
477,1,58.90811217003932,44.72339492723403,258.47650775386484,1594.0043736903801,-110.68122682948315,1186.9262262661105,0.0010110762886615492,-0.0017872167148240345,-0.0004638112150441055,0.0014182352217242612,2.729150433394706e-07,False,-14.214773060854952
478,1,51.69541674881839,47.96575117405238,129.78156945549895,1346.1962668570388,-200.64919017168458,1119.0683336255104,0.0013301648284146823,-0.0019485604503921086,-0.0010677245079304173,0.00172409940829422,0.00038252882663693537,False,-0.11006694557187302
479,1,53.322276741437925,32.27820619984851,1217.4763914398588,3290.9319692820886,148.38020293984766,1869.1498169776219,0.001494941148247957,-0.0033838448456924228,0.0006993641719537091,0.0024643286621147615,0.0002704089317473353,False,-0.23913234451964627
480,1,48.991115203303735,49.57327858063898,60.586171876893104,1218.7711288438625,-203.7217035314824,1070.9432498535195,0.0013698792910240391,-0.0019058961161053068,-0.0011351591986640888,0.0017334424510396305,0.00044764322484889375,False,-0.290797416713815
481,1,35.40027583248981,26.26867904914579,2107.8096118484623,4137.5379141222265,172.92457078533485,1889.338538889659,0.0008176884003527462,-0.0034343236050090238,0.0007245081523252063,0.0021566477549965304,0.0,False,-251.1484394875519
482,1,112.89817949129575,24.76335254329324,659.0094133043232,1070.935825565029,143.18362412181042,467.64760534329463,6.906502340383452e-05,-0.0007938662606975949,0.0005999014627279184,0.0005254836263062908,0.0,False,-423.8007911929302
483,1,34.428288070268614,43.45460652591975,646.2378708855471,2071.7185536305783,-42.59866883444594,1266.220041570388,0.0009237207518917601,-0.0020624725083851145,-0.00017847714011140318,0.001495761033493099,0.0,False,-93.22927954287724
484,1,43.5424767774035,49.640733897939405,116.7968307662564,1374.7044391760253,-130.2801952275695,1122.4585567669674,0.0014881066001210183,-0.0021130061296494255,-0.0007348258038450341,0.0018376603232446982,0.0004923496002617508,False,-0.33838653521382867
485,1,88.44551938059548,30.13036670642225,635.2549615122982,2048.451217234778,292.85598961208666,1351.72461077858,0.0009180286008995189,-0.0020424304115372223,0.001226989033239335,0.0016023279667414785,0.0,False,-37.76219353281789
486,1,67.91572528585966,44.61294078578853,242.36200507647754,1312.2545430777998,24.72720812422393,940.481346298793,0.000794970013256513,-0.00144631317274058,0.00010360045301186817,0.001121838153845904,0.0,False,-115.5964805116252
487,1,13.457790119779785,51.55747392093108,-57.49998406686374,1013.4644892797941,3.7322604512010322,932.418440419595,0.0009215024698680978,-0.0013220262787258241,1.5637182797192083e-05,0.0011217916213866596,0.0,False,-35.27580917859609
488,1,32.62720960811122,46.61779720448761,392.702225775387,1654.3744040099166,-39.53159005854042,1113.757595313315,0.0008926826224663004,-0.001750353513293612,-0.00016562689235958584,0.0013241102939715204,0.0,False,-85.13168187333127
489,1,45.293863767035596,43.331371149733705,563.3634860308499,2180.907711214721,-52.549282545022834,1430.3606243348472,0.0013725774153791684,-0.0025223543646964927,-0.00025366235197586684,0.0019515915402725339,0.0002537694515913564,False,-0.29561436912581485
490,1,35.322465962091705,38.74542348626849,1013.667667550376,2661.4472504067307,-10.266381247066953,1473.6906247962413,0.0009560521015793072,-0.0024958279163750444,-4.3013418362687975e-05,0.0017260739998991772,0.0,False,-111.74445306790994
491,1,37.12809114859977,38.723518745893394,996.3922661981596,2682.047842474672,-11.838361822637566,1505.5914778375095,0.0009950281133912359,-0.0025361970950288125,-4.959960063352582e-05,0.0017657867646579115,0.0,False,-93.23354273637949
492,1,52.05685105828203,59.105222952758034,-93.13757296749486,105.4824662726163,-29.78889417095992,179.5859086969258,0.0002054552482498284,-0.00021062743158879738,-0.00012480757695448581,0.00021719906061430275,0.0,False,-340.4498196907308
493,1,26.386674795877493,54.6128461405415,-324.7691851901919,646.5508012657702,-0.02818106171361734,841.803019437188,0.0010054004205132935,-0.0011402183952269815,-5.281323093089818e-08,0.0010728094081951297,5.5416053207811013e-05,True,0.00028942993685632246
494,1,40.85107559311794,51.223630668782114,13.340101383010127,1211.8951711173981,-94.85390708678504,1058.0191383846416,0.0011831413801520058,-0.0016964825088369004,-0.00045744810773910643,0.001457865950054195,0.0001868692684516011,False,-0.17103223360368247
495,1,45.35861585917001,49.61848954242217,98.56925936337984,1326.8317539007355,-156.23888557036295,1106.8066747152802,0.0015836167956123203,-0.0021808220682652465,-0.000944944399564291,0.0019406132972684012,0.0006132616621361988,False,-0.07863830181526055
496,1,35.337711164621005,45.01323252105382,519.1882195950385,1888.8971812388254,-53.178260557109574,1213.8984779915522,0.000930217442815965,-0.0019391414473550635,-0.0002228028274126948,0.0014389980490350403,0.0,False,-78.73884778053218
497,1,73.41845003848054,47.840265145794724,136.79919478615798,672.4980990582344,56.94536855288434,481.15271289460424,0.00039157206621612956,-0.0007306461980078921,0.000238586012192244,0.0005736499624709683,0.0,False,-277.2514795657798
498,1,50.80759696646536,49.550259406016416,39.40097440854197,1173.2953612557,-211.35863319684654,1054.9934122535892,0.0011773795608450432,-0.0016854672070907087,-0.0010559005002853845,0.0015256816085919686,0.00025829594588971835,False,-0.16278921846020467
499,1,35.376980310287095,48.13033258734251,269.31467730220106,1497.2427071027466,-57.11084582369156,1082.5191133801916,0.0009161029283909789,-0.0016562436849874044,-0.00023927931813009628,0.0012917257537345187,0.0,False,-62.94321959983131
500,1,30.043769337146234,26.312395458971547,2188.3754992262247,4100.675032488772,144.7729464593166,1789.1524006275424,0.0006855343391346464,-0.003320479945718809,0.000606560302388278,0.0020258372251296067,0.0,False,-319.45699958358495
501,1,42.54513264954937,38.6617073895025,937.2905646156819,2737.5768947741303,2.935716202679257,1601.8256823531765,0.0011158446607756126,-0.0026555167969856243,1.2299873361515715e-05,0.0018856907575190895,0.0,False,-35.517043196214956
502,1,42.65415953562805,51.224193743311126,6.989904624275823,1181.177721211426,-132.57741501359237,1049.230912360179,0.001376993024553531,-0.0018748037910266621,-0.000727830351658687,0.0016661272123260195,0.00040535333562745503,False,-0.057090091999782544
503,1,46.30623002381676,51.156343071803214,-18.807807580392893,1090.865026328775,-188.77254205699774,1020.7490550785195,0.001342078493222933,-0.0017912420743235388,-0.0010518399067529424,0.0016525786644247668,0.0004250833771258609,False,-0.28102037256286394
504,1,51.523888716899414,32.300728713282616,1266.931755913827,3369.0326891889913,160.57441376926798,1899.0511685291276,0.0012830694921135768,-0.003225415810576518,0.0006879413847148443,0.002280334573772891,5.2979386885863626e-05,False,-1.4046698410655267
505,1,66.80663993298032,30.523755573019887,992.83197159887,2879.0277363708774,188.57442622511562,1710.232371914204,0.0024337304491738876,-0.004055937120177223,0.001309827055069328,0.0033102655510879766,0.0012955795595104075,False,-0.33655161871689643
506,1,32.6179512242974,43.47617432194889,652.0722255807179,2049.5705444727146,-33.76007343536403,1241.4343026211136,0.0008978285731212256,-0.002029745340463685,-0.0001414457663010793,0.0014654944493504036,0.0,False,-105.48785424316088
507,1,48.122560383741295,51.13407103403916,-35.47252830495851,1041.542851809588,-208.02948802316405,1004.9488421667877,0.0011944321579174522,-0.0016159489775812302,-0.0010742277655875765,0.0015043443272009021,0.0002951453017533552,False,-0.2029227411313741
508,1,47.41283896802045,58.28427800252458,-266.0214353764711,201.37934085401312,-76.5912625998104,426.01416025689355,0.0005031130279731927,-0.00047602970242136694,-0.0003208971050119181,0.0005151930314186964,0.0,False,-187.86812935162558
509,1,40.01675403220891,52.720465210611415,-104.78105912237334,1006.8333911844193,-92.60017845691108,980.1154920960568,0.0011262163839227818,-0.0015041524201002063,-0.0004394699517836394,0.0013334142158101172,0.00015303485618420348,False,-0.06745212184904403
510,1,27.16743331120678,40.40204203963954,934.707677479597,2392.687442284458,3.430148296872608,1305.7678302507074,0.0008300920523663536,-0.002224182481116825,1.4371412885292797e-05,0.0015271541722589937,0.0,False,-160.03406129545635
511,1,31.732689968893283,48.20185489480971,255.99161308599355,1446.37015515835,-31.976471440049867,1046.3262613290372,0.0008902204577232401,-0.001603464951376414,-0.00013397294632970513,0.0012486408280511225,0.0,False,-74.89465961692895
512,1,62.144012768087975,56.9493219679646,57.07384630576698,235.65918760125592,21.30689229252809,161.67380852543795,0.00012573262630533738,-0.00024838001444535407,8.927023555151126e-05,0.0001923079840547957,0.0,False,-389.9616116645569
513,1,48.931253723174514,59.13881411066749,-207.42983795848144,100.77312769148266,-36.412095147191245,274.4687224148661,0.0003451653679370851,-0.0003004790311500888,-0.00015255703488274068,0.00033171159874386796,0.0,False,-269.81567511562173
514,1,59.78426303494039,43.140436873849374,327.2390611476049,1741.340690493477,-88.57846974022102,1251.4356641004522,0.0010593207142678453,-0.0019260008436401462,-0.0003745018992778696,0.0015043600364168918,1.1606764586108682e-05,False,-7.513328409410462
515,1,40.73902656255088,38.68237455370424,957.7104976279647,2721.319838783885,-5.778916665093424,1571.0478226187665,0.00107655587567183,-0.0026179721470998077,-2.4212130274214178e-05,0.001847303679575811,0.0,False,-54.400073425799576
516,1,47.96480483483371,38.59711432357282,865.1831916337451,2707.874945166342,27.97699913275694,1636.0471435242118,0.0013699507854559104,-0.002866967511932077,0.00012669157135714937,0.002119406014252228,0.00018842812164093946,False,-0.23099690120420746
517,1,53.389930037252874,38.526583473596645,727.2787986803738,2468.111183251737,-38.10875631618037,1542.509334386516,0.002500340347373519,-0.003839124119543186,-0.0002102295246732425,0.0031714746641091046,0.0013467563632664787,False,-0.06605478965650491
518,1,34.44095739155721,46.59435567779199,394.20775406664376,1678.0471296197675,-51.05497074677694,1134.4359346428341,0.0009106267831379472,-0.001778846695500949,-0.0002139068054630728,0.0013489832943485089,0.0,False,-76.63745812319189
519,1,26.26493138527522,48.263243164755806,240.17935071407769,1416.6840391586363,-5.490958668625975,1032.3104553656945,0.0008852198224285641,-0.0015794017005736488,-2.300566253501425e-05,0.0012323644461110542,0.0,False,-76.55813715054165
520,1,49.13117864865952,52.75870027562115,-131.89020361019348,814.2174778262037,-220.48843470994055,906.5544458379904,0.0008954634668176462,-0.001181340523200223,-0.0009673813247376654,0.0011455284195956623,5.2187666201911684e-05,False,-12.132381911854964
521,1,43.43464947050975,27.731955532652393,1808.219692763444,3979.9990473351895,193.78186399087812,1996.2860937189532,0.0010622398991267604,-0.003487350249609507,0.0008118946867790855,0.002310732757368223,0.0,False,-116.24529371235252
522,1,50.95030149271855,52.71486669983739,-100.21409344302849,813.8841977193056,-199.73033821285279,866.8631025800228,0.0008079529989749486,-0.0011069618710344356,-0.0008368172183091209,0.0010448877949619365,0.0,False,-39.468961630255365
523,1,20.781113258987943,38.895710296915446,1096.8086036268135,2548.6889523740424,23.935967723857484,1309.8025523984506,0.0007570650700029031,-0.002284431994558099,0.0001002853652952284,0.001521574969252714,0.0,False,-205.38868908159287
524,1,101.22985926428038,35.2857226917709,103.91321698985449,518.9304112629356,37.57983285464533,370.53411046950254,0.00030422553948191225,-0.0005651805236369135,0.00015744954660033839,0.00044177405489470177,0.0,False,-315.18012686364966
525,1,34.43781094054746,49.81767600264837,124.27945864149108,1268.6021698589418,-45.24038808129111,1003.8162785128663,0.0009068120153556108,-0.0014903925270720944,-0.00018954524409338543,0.0012023432348745558,0.0,False,-55.46095766605998
526,1,40.8424663116561,54.344203767484736,-232.6954615993841,778.4095432915145,-100.69773564027277,894.5099991980937,0.0011825878846903354,-0.001411227631621055,-0.0005117494039906939,0.0013219083161420987,0.00024212916847572512,False,-0.22923128989947372
527,1,53.51171802030874,47.94216353736007,109.26749277503359,1314.6338012699887,-194.96020374303052,1106.3382599022186,0.0011079020282201198,-0.0017044789582404823,-0.0009027205368421672,0.0014768540195836655,0.00014997543838561963,False,-0.13883440759428822
528,1,53.223571955250954,16.872337861497588,2571.6602869047024,5072.704942628182,599.3794418894751,2520.624648999998,0.0010182853910995543,-0.004221071960408558,0.0025112411152035468,0.0029050472197320156,0.0,False,-81.65161822822705
529,1,23.006419189503593,16.881228679061152,3250.9833725320673,5114.128333978669,178.4364164827397,1843.57030333224,0.0001991408560543446,-0.0037039011101662796,0.0007476013259788573,0.0019869980078427796,0.0,False,-616.6176948808575
530,1,26.026501699136375,16.86740380721621,3238.7532346831335,5130.46670903438,211.8008184505084,1875.8870132642992,0.00022820386043007843,-0.0037346853571245293,0.0008873893336247552,0.0020305141454839437,0.0,False,-596.3963071200503
531,1,29.024394034369482,16.874858796449566,3217.8269899014063,5144.025785463502,248.61892086172236,1915.025136080143,0.0002658682752392342,-0.00376926312351422,0.0010416474314122752,0.0020837055200155917,0.0,False,-570.0163040411965
532,1,32.08063276431291,16.855319591103363,3191.4067572157924,5159.932149208129,291.05735801018545,1964.1565458089242,0.0003124050987509907,-0.003811394914400695,0.0012194532431969462,0.0021501623636840427,0.0,False,-536.8816274299252
533,1,35.248745766221155,16.896274244179263,3144.3051593262885,5167.373971792428,338.681749271512,2025.9717783413084,0.00037784391795552403,-0.0038602173381459175,0.0014189868292087881,0.0022346524803611044,0.0,False,-491.2270744832617
534,1,44.35754464743004,16.85918250337126,2924.3603649252514,5166.015629167606,493.1777430536222,2270.0172771957987,0.000653158829562545,-0.004042812096577357,0.0020662841247196502,0.00256523259292504,0.0,False,-303.7220182106882
535,1,55.26897202849341,59.03154482601244,-2.6756553631403577,113.77041519600279,-24.707546535264896,110.11164577599757,9.8696667686368e-05,-0.0001452424296992244,-0.00010351807616152382,0.00013249742952740686,0.0,False,-394.13560387710595
536,1,51.5827530992936,38.55063747493019,768.9532635585387,2541.589969061641,-15.823839826283114,1570.6778199056882,0.0022098307968871408,-0.0035968607312484233,-6.330923691503024e-05,0.0029035183210374313,0.0010469079817715516,False,-0.31078745440822786
537,1,67.03206456391904,46.19593295481487,191.9302796957251,1180.5896896894749,11.476017618409655,867.3631184986123,0.0007480305121677321,-0.001323080027995735,4.80814743850852e-05,0.0010358342890823863,0.0,False,-132.21252907675813
538,1,23.52179427632267,46.72340850341923,380.62255260537836,1601.2375565674927,1.369728246181231,1075.5040977666176,0.0008633399483604339,-0.0016936868443179487,5.738798577441945e-06,0.0012785166162670911,0.0,False,-98.14368076410159
539,1,53.64161256047257,58.13676777877049,-60.15878462825878,219.5975830511562,-52.4746311926969,259.254097371168,0.0002596259548053072,-0.0003264265885901327,-0.00021985480673284222,0.00031296713871579204,0.0,False,-314.4751743402808
540,1,28.989013857237712,40.38180766860159,927.1737767397805,2406.3015978899743,-2.995233048500959,1323.6358368037124,0.000850969508240265,-0.0022476074027432263,-1.2549233182411468e-05,0.001549301161534892,0.0,False,-150.27804636434195
541,1,46.158127868260124,38.61887223015929,900.1021882312361,2747.561033520169,31.376928080656672,1641.9001624391635,0.0011843224624933646,-0.002712596743640147,0.000132169089430461,0.0019495799526650039,1.3373475015638911e-05,False,-7.751845615173863
542,1,38.07803769787869,27.78575163043982,1912.302571333674,3974.1763067689103,159.17193513545112,1900.264699005381,0.0009265368425412299,-0.003392815588416916,0.0006668882513530855,0.002185265736850831,0.0,False,-189.32500306478397
543,1,61.491344274717484,36.8500946605403,675.4243583655231,2380.106989404593,13.68414663605987,1507.7737364088305,0.0019040496193396955,-0.0031842363279670108,9.859030742162891e-05,0.0025446204987323944,0.000758949823050609,False,-0.09502259270465174
544,1,51.75816499096195,51.06721828363285,-44.24157601368923,983.3795226442818,-215.6177584771656,969.6889686623379,0.0009032489635571947,-0.0012967228900222089,-0.0009236206464804664,0.0011929953117203135,2.569825139002391e-05,False,-11.294464150908937
545,1,59.469600957387506,16.83385366083071,2355.860938927308,4918.7688033680515,608.7908450311095,2562.7043916661787,0.001297065504010499,-0.004344942696652575,0.0026804842428575478,0.0031231895680760794,0.00015117742750061534,False,-0.06144864264712169
546,1,32.60726838259964,49.865756783419954,112.50089592984394,1242.8784493473865,-31.88141361581263,989.8155713319228,0.0009000616176170397,-0.0014679296659151522,-0.00013357467922231437,0.001185877830323784,0.0,False,-58.28779294775694
547,1,53.42895761162506,41.65972133084487,508.99053255958455,2074.2599121062794,-100.56479910867722,1390.9071996247055,0.0022716771685521112,-0.0033539906871911107,-0.0006712837885256319,0.002832788411966197,0.0011801230592540886,False,-0.09381493194001678
548,1,56.21406612871076,46.33259722372541,181.62310620918797,1458.8845993731284,-158.42241662663685,1151.4136237815474,0.0010363984021339034,-0.0017237276817434475,-0.000682591230035807,0.0014216387363023982,4.325476373263987e-05,False,-4.654071702007798
549,1,53.46960331660558,44.7985993056791,302.80994553333215,1687.3561083067364,-154.99292266102725,1244.7498082271447,0.0016739903380484072,-0.0025078172048376077,-0.000908100978984739,0.0021396355830941988,0.0006537403355888282,False,-0.15582503201318332
550,1,26.272919283487692,51.37393538552525,-52.020513157337824,1037.0211231272187,-1.3005215145545366,948.2700566062643,0.0009343544216720142,-0.001347043589398439,-5.4488407014181145e-06,0.0011407022590033309,0.0,False,-30.145509822975782
551,1,54.23799278430084,33.8258204183493,1060.5237209098061,3036.113477653191,91.7838113729435,1766.4408658851198,0.0020045863670026566,-0.003720968853307671,0.0005525266630261214,0.002876076680748343,0.0007980448564733454,False,-0.21926470510521767
552,1,43.5937469315157,52.91719363157218,-125.45754484029408,928.1177739202134,-157.54980198505567,955.7322684601768,0.0012470766883801703,-0.0015833700658190106,-0.0008347579556678628,0.0014754871799601875,0.0003238528660339457,False,-0.35378384539689023
553,1,28.994885431700776,49.77789450955919,105.89991203738744,1234.5322185172372,-12.350776277263103,986.8046262623135,0.0009013648305525174,-0.0014629703917605,-5.1746481484864215e-05,0.0011824507116383338,0.0,False,-57.91774194210569
554,1,45.42967833793791,52.871587315581486,-134.38761077592767,885.9516253829805,-186.15117232170448,943.6230069178928,0.001136514687555169,-0.0014514001044188124,-0.0009357397286251026,0.0013759462026406697,0.00023842306740129467,False,-0.26896446514950867
555,1,29.912862072220936,48.22762485424957,249.82849847987086,1431.7224335997053,-20.907357892489326,1037.902906643341,0.0008856929883177354,-0.0015902182927951878,-8.759629223248155e-05,0.001238730174650145,0.0,False,-76.83263519939902
556,1,58.981255842147526,50.98462811587954,35.787150952409206,947.7599562260988,-89.50518877156973,810.8501610905478,0.000749191034994148,-0.0011612712235471584,-0.0003750030354038557,0.0009734594647278404,0.0,False,-109.78498301002861
557,1,69.5873814802291,35.161187093568486,639.8236682899043,2252.334391476729,121.4585496380866,1441.5427307442762,0.0010831293997657504,-0.0022948670276793526,0.000508879154551317,0.0017080557556596874,0.0,False,-15.267836851513948
558,1,65.49602167762974,16.82299481377697,2156.239586145137,4596.919163114842,574.2893470636477,2431.6997946821484,0.0015942841801130161,-0.0044236788378906496,0.0028430815027160493,0.0033278743710192073,0.0005025306304316338,False,-0.07415666940624988
559,1,44.6488727694778,56.63480887186365,-337.3412892899682,405.96760796042145,-141.95607971569743,689.1173840279924,0.0007641905483486595,-0.0007929431582958668,-0.0005947583767828141,0.0008334270974599173,0.0,False,-53.84228730759719
560,1,24.44077929754749,48.282293214386414,237.20952313200368,1411.9701547345278,-0.7494032937344732,1030.6534466478731,0.0008850026742786947,-0.0015759652805971617,-3.139801320443307e-06,0.0012304849789085387,0.0,False,-76.424111579743
561,1,21.94188932945572,24.864638647143178,2420.0840332098055,4213.66572401353,118.89631137391906,1701.5219123418126,0.0004889753367519692,-0.003268340789426714,0.0004981440548361128,0.0018950970932521472,0.0,False,-428.1275478201903
562,1,34.88757069163592,53.015679397391885,-160.47410419050934,862.3901054792185,-27.831144597531775,889.9095303034658,0.0009243404258392762,-0.0012184246400557125,-0.00011660512475398978,0.0010729677165156053,0.0,False,-24.48733567170069
563,1,54.312566499117246,40.08040967425206,598.7906011933139,2238.01974557383,-75.0126248194624,1453.4991406677973,0.0024287356038144997,-0.0036172840058716557,-0.00048465420571859597,0.0030327068280593104,0.0013091341166861753,False,-0.1523793927792667
564,1,54.397598901529115,46.357831799967926,195.3735084556769,1480.8831349508907,-179.79017251744108,1168.106643935432,0.0012255842206962651,-0.0019278913584395568,-0.0008748440658374254,0.0016362885112150124,0.0002381460590778125,False,-0.012212891060585207
565,1,12.465940251990027,43.59278459330116,683.5738384093048,1966.8308894267059,14.148874165368762,1142.7635443840534,0.0007889021005762964,-0.001899351485274904,5.9280035407802655e-05,0.0013444535566950416,0.0,False,-156.39112015743063
566,1,50.61366283936172,30.753958859829936,1405.572079402352,3568.585017129151,191.95039872039555,1966.4500963656922,0.0012235927920011234,-0.0033076328743426066,0.0008042213323613753,0.002301020316661572,0.0,False,-11.629384265292458
567,1,27.170452855021136,49.79309012080523,99.64818243251132,1229.7844427020057,-5.435614237818747,987.7593451018757,0.0009052443732901604,-0.0014622414330502508,-2.2773784027973532e-05,0.0011837976694163428,0.0,False,-55.79855894954011
568,1,74.74576271192261,16.8807038004642,1843.7099040522132,4096.7394386412625,517.4589246050856,2227.8436127092355,0.002675585016534248,-0.005164475957659752,0.0036553180874463313,0.004325156251498091,0.001728376273278874,False,-0.04330994536911703
569,1,24.669243915946243,26.348582703973964,2247.730294216393,4060.2333404386277,119.50063924811813,1704.2947896203543,0.0005770420821545122,-0.003219911777954911,0.0005006760285720996,0.0019149109053286644,0.0,False,-374.94672849961074
570,1,16.416597454897158,21.892283014386155,2753.5910796514822,4522.765785155979,102.4253429710331,1705.406373518112,0.0003287929564269082,-0.003377393767658527,0.00042913505958236506,0.0018654742649759262,0.0,False,-528.5101476230516
571,1,75.21166093070325,44.56117412086457,205.11626897194014,956.8986606562958,84.24530584106961,677.2570966557254,0.0005440155379785941,-0.0010308690173978898,0.00035296551901092127,0.0008069767686207012,0.0,False,-213.20819574262507
572,1,45.22001171505527,27.711328857645345,1771.4847650886386,3973.0329649564337,207.70981211619892,2023.4959339993518,0.0011025755763895652,-0.003509376361085996,0.0008702491005915889,0.0023466696705472336,0.0,False,-93.22560004528333
573,1,77.68182960327486,33.463312339827326,623.4382148674438,2097.3706989637244,231.04863760453955,1365.113971809038,0.0009738732469415368,-0.0021138201209094072,0.0009680325980737884,0.0016179413960959923,0.0,False,-35.2884328136505
574,1,58.96496507663232,47.86867593138908,122.57888940004985,1270.3665976918185,-108.70342210350167,1021.2319720369044,0.0009104279928346254,-0.0014940352596095915,-0.00045543854839115937,0.0012236081688713986,0.0,False,-45.31855975643958
575,1,42.61637526845278,54.540369113916476,-251.6902415328866,720.3243329722081,-137.3509296000095,876.0144191109482,0.0010948862709843354,-0.001291231543471251,-0.0006703718235833982,0.0012392494307358825,0.00018134731671962473,False,-0.3253040255657993
576,1,72.4310943801765,42.969575176953185,276.7242026617204,1280.4419329350624,79.34831770397507,893.713092583212,0.000725122178973206,-0.0013775335480695698,0.0003324484356892611,0.001064387508013179,0.0,False,-143.36312739401455
577,1,48.88663574038549,40.1515790555412,718.747425046074,2454.2422818606824,-20.74853734490937,1536.5308134657403,0.0017997026203869521,-0.003129101270594785,-0.00010700128620559982,0.0024649826100302595,0.0006468291622305709,False,-0.31438232518235054
578,1,24.430314769757718,45.141173186102954,523.6368284486942,1797.0948373929914,0.08935394983382376,1127.0002014237034,0.0008477003936004368,-0.0018200254967512333,3.743693843122342e-07,0.0013338629583099088,0.0,False,-117.20241153273628
579,1,59.68641413469728,36.875958859672636,708.1246824597338,2436.766871582299,-7.226222361293211,1529.775456479327,0.0022966604688678394,-0.0036142867372080667,-8.032203354376571e-06,0.0029554763317148763,0.0011450241147657597,False,-0.18758113087824313
580,1,51.61953309926807,41.683966979734926,544.4823348592587,2138.1169727027377,-93.31286437710685,1415.2168673475417,0.0023295145035667486,-0.0034534525644935327,-0.0006120103303736877,0.002907630682994052,0.0012276353042506008,False,-0.23383739673721493
581,1,50.695965048800964,40.12870932447568,675.8297427756723,2376.2103462997648,-54.72665530504469,1506.8527317181945,0.002194708233682308,-0.003473432197382935,-0.0003156735458015106,0.0028384619837948937,0.001054098023252691,False,-0.1277746726722171
582,1,85.77042804461125,31.747262689677466,585.1243897035059,1957.8749497635708,290.1810427917463,1315.5290359020328,0.0009051406322260272,-0.001970590003841745,0.0012157817145247419,0.0015610855092363996,0.0,False,-38.56582898496657
583,1,39.862289738300696,27.76822406805935,1879.12374514608,3979.998645006901,169.44246115677873,1933.825716915935,0.0009731188018571851,-0.003427935903821632,0.000709919035222174,0.0022289721599286767,0.0,False,-164.7900164134805
584,1,57.145728108947914,47.89384699464865,115.34994540253463,1290.0342552954532,-138.3524236679241,1054.5556637046398,0.0009359946563329731,-0.0015248134146682024,-0.0005796600123749614,0.001264078922798243,0.0,False,-27.66891019419785
585,1,54.35432129463677,43.21635609699652,391.5877890746556,1854.0715459477542,-135.24961176158735,1307.4598599088818,0.0018616143305450836,-0.0028024861153816416,-0.0008292621001022918,0.0023686234715737295,0.0008110254913051819,False,-0.21174156667569832
586,1,61.53749486510921,39.978780021802955,479.85473726288274,2034.7711525979985,-38.52632299277601,1371.4992017345733,0.0011913305485016113,-0.0022448921962063134,-0.00016644687245494227,0.0017201258175347303,8.948274035958428e-05,False,-1.5410583340869835
587,1,24.626141227664323,17.748632486277362,3148.2435645260316,5027.237272814973,191.41860927816865,1851.0189458763878,0.0002554665248758329,-0.0036807764672003567,0.0008019932754434705,0.0020085568268364638,0.0,False,-580.8767787078036
588,1,27.593268614908265,17.74226260366578,3129.528918378188,5043.377329718722,224.18736242162288,1888.3473441090014,0.0002925138608481314,-0.003716745118467664,0.0009392856722737475,0.002058908396296632,0.0,False,-556.4955712399142
589,1,30.596552222462833,17.73017838755293,3103.3671457595215,5060.013645637978,261.1082396920592,1934.499817026043,0.0003393374818483753,-0.0037595778253936398,0.0010939743695013702,0.002121195807620599,0.0,False,-525.483854103403
590,1,33.77005649669255,17.751593835282623,3061.69031903965,5072.0600751201755,303.7714331629326,1992.3855356544295,0.0004018162113930768,-0.003809642203260127,0.0012727218507499797,0.00219978424440499,0.0,False,-483.99251606855995
591,1,27.39348490741433,30.990369561924823,1772.6611681010324,3535.15355507869,79.16774318390348,1621.8249371168831,0.0007341771803669015,-0.0029580109713145605,0.00033169187627551684,0.0018535285840933328,0.0,False,-270.0217193215489
592,1,31.713626535203797,45.05824184377858,523.721686829374,1842.7887077562675,-32.90648933010116,1167.9921146435995,0.0008858827763082991,-0.001877387954348067,-0.00013786947497275437,0.0013833539969067418,0.0,False,-99.72130518650954
593,1,83.89020505738085,16.857183877647753,1703.3575104157562,3847.0834965922695,510.7927105190359,2130.134352790279,0.0030806899284755666,-0.005406177706363108,0.00404480493325371,0.004700727847880202,0.002213456810394626,False,-0.029040665108539088
594,1,124.09575087205523,23.786132371688335,600.2284541644416,527.1173658197919,165.72904593254438,314.8275073825313,-0.0003127430444995541,-0.00015958499619413147,0.0006943608089347974,0.00035552577991803644,0.0,False,-424.05873644154644
595,1,93.84114997528552,29.991736354018084,568.9579832626991,1746.2310220034385,225.2045279939151,1115.8992317397342,0.0007481141199779384,-0.0017181169951455573,0.0009435473266242098,0.0013202819273532996,0.0,False,-122.9415536227192
596,1,90.29425109664942,41.10923876449659,71.03926453917643,499.27995556862516,68.85424732020857,393.72316332719856,0.00032907944471872314,-0.000568028092975765,0.0002884810601475095,0.0004711749293659677,0.0,False,-294.0963022266312
597,1,53.575415684569585,51.04325868209863,-16.90835342958773,987.0359347425141,-182.77234032961,930.3530301578913,0.000848336286602816,-0.0012547940492357843,-0.0007657676985229854,0.0011191020259147257,0.0,False,-38.46048102403557
598,1,32.72068551716644,27.833345720069534,2000.7198371647755,3942.2327570957646,134.10136441187416,1798.3994820066744,0.0007886363620458123,-0.0032785760992790213,0.0005618491999898972,0.0020529181504072014,0.0,False,-260.0811980659684
599,1,67.78286572320259,35.18974948335111,658.8180058264267,2321.8176022224457,97.25073959315527,1480.3346745057104,0.0011396791899356065,-0.002388486567241735,0.00041228748863212164,0.0017760866098955692,2.233514144165076e-05,False,-5.327079747532935
600,1,164.12293875405155,18.51931421822162,1321.4322079188357,176.558882151363,24.9683782476946,1003.6738672679796,-0.0015129882996364787,0.0008853697073580773,0.00010461089195502491,0.0012003191834289873,0.0,False,-70.53350646438759
601,1,88.50386272536632,36.33688121122334,302.659753589896,1236.6522254046145,186.5420470107307,884.5027261973513,0.0006558297968144097,-0.0013007607471637486,0.0007815617711058433,0.0010534568523246275,0.0,False,-146.1848134193682
602,1,34.505336265018514,27.816714597138077,1973.552053973083,3954.820450399893,141.65659871705304,1831.8635662614327,0.0008333319271084123,-0.0033171629928340288,0.0005935036307163615,0.0020963572357867296,0.0,False,-237.38850026211634
603,1,30.04613144363674,32.52190630515839,1602.3427853487337,3371.237382613936,64.26267285597099,1614.464351546609,0.0008109007849332146,-0.0028946991494843907,0.0002692435792259716,0.0018576842424716702,0.0,False,-223.18159850953697
604,1,20.55529078439758,59.17320005801357,-640.3297165662448,99.43756535036864,0.09424143711030745,642.9365391564983,0.0010750872757347395,-0.0008484677899641968,4.448707193100191e-07,0.0009617775585713669,0.00018692028966667742,True,0.00021467258716256765
605,1,69.72977243444932,44.58900552011816,237.09583801178408,1231.6016391134979,45.117557169919486,877.1880334379883,0.0007340063055119896,-0.0013493516498110578,0.00018903061510664246,0.0010459580468947386,0.0,False,-140.287509757196
606,1,54.441148931563355,49.50271216778989,36.80269699805452,1141.7036124773963,-181.82432930378218,1014.2354540072837,0.0009104290850051999,-0.0014041920158044258,-0.0007617957834065228,0.0012183804471437812,0.0,False,-19.034958500771552
607,1,62.416218744946526,38.40061737943423,561.629048231849,2183.0702040418805,-10.162504754342082,1430.8903297174431,0.0013073044609599634,-0.0024572607539969996,-4.74420811520139e-05,0.0018824320710671076,0.0001839574263430288,False,-0.046279553976887655
608,1,69.68293770203375,41.43721633303195,353.46423161228523,1576.677802648548,61.49742291906714,1082.0299728180962,0.000876896027126841,-0.001685574419455188,0.0002576579143698868,0.0012876958482541348,0.0,False,-86.82101661812266
609,1,93.00881262503998,16.948694353420265,1537.6675507215698,3582.199495421937,450.97479871586546,2001.8362439539121,0.0011765486256728932,-0.0033216373177575656,0.001990093679808424,0.0024593774433832234,0.00011876546166619352,False,-12.272166313222044
610,1,9.777680014450986,51.55055240707236,-52.19396951782369,1013.3882914791784,3.4052916493362737,927.8323660516326,0.0009147693814504148,-0.001317484345013449,1.4267270115429255e-05,0.001116149660026418,0.0,False,-38.67091416131177
611,1,83.96646445341851,31.782135807443087,614.3903293337642,2025.7099982912714,293.00235140711897,1349.4887317718908,0.0009251978488743935,-0.0020313299627977843,0.0012276022503964305,0.0016006298749530962,0.0,False,-32.72060923782357
612,1,67.94602454906838,47.77143786542167,148.69775428248394,967.0241540895155,21.69848425392239,718.4040638044991,0.0006234137553386802,-0.0010908716849274344,9.091090215618616e-05,0.000858347156289231,0.0,False,-182.47335852002647
613,1,59.88629896119081,49.417834513324486,78.56249077153961,1091.0005178095835,-84.91268721438773,896.7063837203533,0.0008154538346929058,-0.0013054697592817244,-0.00035576167020842653,0.0010752770872509735,0.0,False,-86.14612206618341
614,1,75.8773559815991,33.49471029345032,645.3379728978892,2172.3893909820085,213.81769744213625,1401.9502214039146,0.0010092086813043473,-0.0021897618189466797,0.0008958395224270312,0.0016610193189287865,0.0,False,-27.73194657067461
615,1,69.63556806978528,38.293574452386714,491.23627091696585,1915.9986747798855,87.02264891222869,1266.1467354556019,0.0009880604373881247,-0.0019966281237492264,0.0003646018508966682,0.0015034377536716833,0.0,False,-47.863958039634326
616,1,99.00389241428896,16.97238145746788,1425.3399357642065,3075.914461340706,370.1577200633146,1630.0185038837874,0.0007859143383343744,-0.002671820714496837,0.001550862810380475,0.00189480257231452,0.0,False,-142.07379800633242
617,1,116.52383091606276,24.448025033925145,631.6272324022051,882.4857672822974,138.87476521367617,357.74500190671694,-5.442891746187256e-05,-0.0005799443279543536,0.0005818484851089181,0.00039201852835313273,0.0,False,-458.5452598017812
618,1,104.64028138941372,26.94444453888919,626.1884709175616,1362.4781975187495,155.88830013157084,720.4466383147796,0.0003546154048178207,-0.0011878140688342269,0.0006531306903611992,0.0008375064745842609,0.0,False,-309.5765051972785
619,1,19.218872804396813,23.344194108480973,2592.3361229293264,4371.696318582226,113.34212303300346,1702.3832760076627,0.00040488941365466593,-0.003322634563472463,0.0004748734767206481,0.0018788254189087397,0.0,False,-480.2209693661102
620,1,102.20338983064046,16.880703800457205,1355.0859791560931,2834.1002305604866,335.06386811436795,1467.2793070976832,0.0006715904632990478,-0.0024267485341065336,0.0014038288653602014,0.0017007674757343178,0.0,False,-192.81631623875984
621,1,70.5155179663218,36.71221033864624,555.4392302598825,2047.482630839735,115.67592972400394,1333.2441322626769,0.0010175390092053808,-0.0021080943303304484,0.0004846515086446221,0.0015814922429504205,0.0,False,-36.86650962638157
622,1,57.17288564166199,51.02125274061646,20.179353323572286,971.7206943871155,-119.67691383581091,855.4995856089187,0.0007888866258641096,-0.0012044664752715538,-0.0005014145724080161,0.001027724812295378,0.0,False,-85.00204909729814
623,1,73.37128607662466,44.55557265994577,219.21945987532624,1054.3169416319272,75.15605808656974,745.7915941388306,0.0006079203067763037,-0.0011414983292542813,0.00031488397821694686,0.0008887656445639709,0.0,False,-189.1325772558041
624,1,89.37438972420541,34.75900124410267,363.0218658752984,1391.968064702065,206.70871636005936,976.2341352780022,0.0007101058639801122,-0.0014454001637880694,0.0008660547745146831,0.0011614922630182093,0.0,False,-123.55868129417132
625,1,105.234706237689,16.898855685025325,1312.687254285019,2595.8661385486835,307.69031107881784,1292.941961422385,0.0005252547418642,-0.0021628350949892024,0.0012891409112983543,0.0014906132345596647,0.0,False,-255.47224847871934
626,1,110.39124796050345,26.514553607143032,565.3832894852013,1017.337990489243,126.22259647064054,475.44062394787994,0.00014183347524526768,-0.0008049517730050132,0.000528839249016597,0.000542234556627661,0.0,False,-396.0462301275014
627,1,29.158290916839913,27.865428078300678,2048.1214826535725,3914.8240750475143,120.4072331910475,1735.654006129372,0.0007060892362675572,-0.0032044054956664875,0.0005044744170805441,0.0019714501950323696,0.0,False,-301.6536904034995
628,1,66.99289711214229,43.04845998258063,303.6712476145428,1519.5026263857383,18.43966042464052,1069.0856603572977,0.0008915720825674114,-0.0016554336488102256,7.725729341463358e-05,0.0012740885845435048,0.0,False,-78.96073866209139
629,1,16.219498081393812,53.05452204037025,-200.0888519598882,833.4202210375048,1.0261396835876064,897.284792078009,0.0009514202811769044,-0.0012167693509685094,4.297931471486101e-06,0.0010840969459828993,1.5624937552874478e-06,False,-10.716093212305793
630,1,77.73501616231056,36.59438140632154,473.55357109300036,1743.6993064329126,189.18552745940943,1168.9688774218412,0.0008659084421432095,-0.0017948786736369515,0.0007926372540570832,0.0013881698285891446,0.0,False,-77.39113236188814
631,1,15.238562369332906,35.793808838811145,1405.5761437263893,2902.3306207190217,35.018068124644124,1367.2837582210973,0.0006653017909209725,-0.0024702006298327056,0.00014671643086788116,0.001569466560780986,0.0,False,-271.42679387841935
632,1,70.61522325716264,42.99855817121007,287.68531603436423,1364.2616345396254,62.01057342436702,952.9363295095426,0.0007815814003790562,-0.001473703420670408,0.00025980787907859196,0.001135100189199992,0.0,False,-122.32810773640091
633,1,27.16432469844497,46.68742221963132,383.96562855149494,1613.5065686600776,-9.859537650613044,1083.5214699242035,0.0008694187497626637,-0.0017063066971205118,-4.130885144653339e-05,0.0012880283380936701,0.0,False,-95.69843319578541
634,1,57.000716857191634,38.47790441551331,653.1013478768803,2337.8892339695917,-46.63544258920811,1491.5989762556749,0.0024155030606435035,-0.003668648897718181,-0.00027751899551715226,0.0030452389826296543,0.0012782747281609482,False,-0.20056192516847204
635,1,74.79134749380118,22.77717065716,1395.330607751972,3418.3818262624713,401.87023060007704,1945.7053978542438,0.002944406045031586,-0.00496122406317321,0.0031103910151151076,0.004247749983069359,0.0019676938090840705,False,-0.07340123189959513
636,1,12.496805090670728,49.997691107544746,88.29235800778171,1200.1704447553232,5.819817813445545,971.5490901756929,0.0008947027806919718,-0.001434534569968754,2.4383495253106104e-05,0.001164682487907515,0.0,False,-59.42491854208896
637,1,70.56426516821871,39.85039502880984,413.06193824757366,1708.8195318896542,84.53077487882457,1151.3908856460505,0.0009127142147691836,-0.0018017263524894023,0.0003541615586723154,0.0013687236758035126,0.0,False,-73.87444726719616
638,1,78.61160755875419,35.012002128983276,535.1303217937949,1882.479583649613,217.03750366757535,1249.5105984389656,0.0009048018801989903,-0.0019177163999119368,0.000909329657742354,0.0014826909546505446,0.0,False,-59.1599758472488
639,1,27.36663341091194,27.8785380943158,2068.723012330507,3900.9141294047113,113.98816854362407,1706.7626668221476,0.0006685389527293327,-0.0031696588086112063,0.0004775802363042696,0.001933897937926661,0.0,False,-320.47758139005015
640,1,21.685975248418057,43.60314212973665,666.6344807012723,1979.1038563057816,8.937275654438105,1167.1207455067477,0.000820477623435836,-0.0019289719139669885,3.7444817944676104e-05,0.001374852253254465,0.0,False,-141.25382610931615
641,1,47.91460860407674,29.23227267123561,1582.3264538996602,3778.6403891113114,197.18063783141898,2005.4641465828083,0.0011774418623771076,-0.003423544983794241,0.0008261346490019139,0.002337283595165726,0.0,False,-46.23115946666513
642,1,92.04146101039292,30.037871119922457,590.5695493777878,1857.5490457319058,247.87006858218658,1203.4032334967083,0.0008142287058694082,-0.0018399255585264743,0.0010385099386953835,0.0014250471704455906,0.0,False,-90.77110675792841
643,1,108.2479425741758,16.882951987761754,1255.0678197429172,2380.7427064158005,283.7171944009329,1150.6674080210935,0.0004174157519209851,-0.0019407240675343987,0.001188699901724691,0.001320400589258934,0.0,False,-300.1206557646509
644,1,35.33189840479847,41.87353044128367,765.9102794866552,2278.4076641788783,-37.121885984388065,1346.309427547755,0.0009464965691626248,-0.0022219851584583715,-0.00015553087050170053,0.0015861483466204501,0.0,False,-93.88202645062324
645,1,46.18796458807279,41.75119977091493,663.3763322042565,2358.5459702542134,-21.575230961798706,1499.3054032180837,0.0013960934896844607,-0.002662198898465503,-0.00010591846493017323,0.002029837175054264,0.000253726984169939,False,-0.17626009641355722
646,1,56.11902300332298,40.056152279694295,564.342622605782,2178.4083313059714,-73.95770880678151,1430.2245068621457,0.002232767559486381,-0.00338190756711065,-0.0004652027115389152,0.0028169571500135807,0.0011195276426171966,False,-0.15450810407224935
647,1,85.853454362982,37.96228392747036,281.45503148874195,1177.4557807094186,175.56781155939586,846.0906475666563,0.0006328789626615684,-0.001244123953557108,0.0007355826311032584,0.0010079957532988678,0.0,False,-157.09564954011455
648,1,56.258691793020866,49.479630201320994,54.98381763818528,1138.8381481314584,-149.26452883677766,980.8909036497905,0.0008851757536099715,-0.0013853555387596111,-0.0006253788429492375,0.001177540980904488,0.0,False,-40.58542719532119
649,1,85.83160601433497,34.87993187938045,421.8539814212717,1564.3827411639206,233.13752830677933,1086.9865038839025,0.0007806329352954208,-0.0016128135163575967,0.0009767844968711359,0.0012925453444906892,0.0,False,-92.03433629438103
650,1,78.67646619485743,38.14625400044451,392.91045262932226,1521.848888263982,173.28645134698831,1040.4922438858457,0.0007813715355666564,-0.0015836049867863564,0.0007260243360340604,0.0012369544542741508,0.0,False,-108.97832889974887
651,1,58.80606704672571,38.45297910717478,619.5690340088834,2281.0354709204635,-34.98005850976433,1469.0673637236484,0.0020984743828099117,-0.003313750847541652,-0.0001931432621327181,0.002707835217649022,0.000966201383799558,False,-0.28466562766629977
652,1,86.7049893093318,33.29495746705405,485.46273834974903,1721.4244077707817,256.8750747749302,1179.9825664337238,0.000832274379975833,-0.0017569016445482498,0.0010762385296570406,0.0014019737746021395,0.0,False,-69.4105735311619
653,1,24.46446765464938,51.42323515347968,-57.8868943707915,1030.7806884137533,0.19397955707231396,947.8202179651668,0.0009364988430093767,-0.001344115575512799,8.127229684245932e-07,0.001140307281666861,0.0,False,-28.70924393834332
654,1,59.73227330690861,40.005277550411165,506.15645073134846,2080.6644779055905,-61.01693430940949,1391.902392308092,0.001491294864036645,-0.002575104320894858,-0.0003085079781225637,0.0020390426371079675,0.0003849253284488396,False,-0.02721808281154381
655,1,89.20147517230038,37.87524232062257,220.32138358748935,995.6658155973537,149.6811947523481,729.9786778117627,0.000557388739370078,-0.0010668551702720103,0.0006271245627810576,0.0008705534870490079,0.0,False,-190.1028144263197
656,1,114.3980130233254,16.929721869035177,1179.2873365372286,1950.874533081914,231.08950518016252,839.4619186819484,0.00015245903910609127,-0.0014639139597904523,0.0009682038223918214,0.000942082840473164,0.0,False,-412.85209314269025
657,1,111.2652442023292,16.893993979608002,1218.7279162426005,2167.063432370306,255.32881487191764,992.3303028916406,0.00028404021021036013,-0.0017025971122178675,0.0010697601101920884,0.0011281749137681384,0.0,False,-358.32680280181194
658,1,117.59766155881546,16.864728305138723,1155.6510371225556,1749.7949131937585,208.1138836041704,692.1744985574157,1.3673919206272548e-05,-0.0012309788213289334,0.0008719420531074094,0.0007598426462924682,0.0,False,-469.6874563676468
659,1,9.613605631798938,32.65557812427289,1721.0186762010162,3257.3198428833525,32.33601488708638,1421.6685104990036,0.0005662777555077418,-0.0026520697431534415,0.00013547933814729964,0.0016105989005028166,0.0,False,-341.7681521574993
660,1,65.14639220960554,39.9281689396318,451.4399961388712,1920.1424040334825,12.030167187213474,1294.0221318788567,0.001041553418378121,-0.0020351836324261005,5.040321431124678e-05,0.0015385749383605243,0.0,False,-26.306175235928038
661,1,65.10107234127717,36.79531032848741,612.6914384372056,2258.2350756104142,42.30044544728977,1455.5585079022612,0.0011957938223460945,-0.002398635994923279,0.0001838817225149926,0.001799565100180473,7.3699643044108e-05,False,-3.9125658933967316
662,1,57.04448862492641,41.61078569554599,449.2132513170099,1968.7358021078162,-104.43773258164704,1350.147430090994,0.0016988138779961033,-0.0027118704917308903,-0.000585505753988514,0.0022246883825216774,0.000618211454248916,False,-0.07285546136148469
663,1,48.81794566978368,30.775789849976363,1438.6340658757856,3596.430790641522,173.73591746343868,1958.6057074360956,0.0012053697851617425,-0.003314928605788476,0.0007279074800203912,0.0022892655395725056,0.0,False,-25.414817021250713
664,1,57.09514505288285,44.74868648869549,261.37097517414486,1616.7341178819963,-140.189588540578,1213.2555732694334,0.0011196114660578047,-0.001906487758225571,-0.0006255003916098532,0.0015450345671790427,9.533214197739082e-05,False,-2.498205138768242
665,1,46.12258818617219,29.251667116255764,1617.6808595383447,3793.7940711217157,182.177981284521,1985.9528171804839,0.0011457021664162074,-0.0034129668388459752,0.0007632774915407071,0.002311063371514873,0.0,False,-65.52607477441944
666,1,45.26945431648122,40.19503479581634,796.8933181942942,2574.747988798556,9.633007202995797,1576.2402919147714,0.0011806357560649478,-0.0025932641653990743,4.0634335354908235e-05,0.001887059337066265,2.4765290536373362e-05,False,-5.990602752315283
667,1,18.917456090534298,32.60107279928774,1689.55691606599,3294.9374523017927,54.7274016131866,1479.9905763681263,0.0006373442522722922,-0.0027257153777294,0.0002292933181459282,0.0016854335866990939,0.0,False,-306.8714340089013
668,1,73.19710579361816,35.1038803333419,599.6367747371775,2109.623617835483,166.57600727639044,1366.2682083308357,0.0010140570630085902,-0.0021491654124330267,0.0006979093526468631,0.001619649182203584,0.0,False,-32.92332444872369
669,1,59.84627021355164,46.28213459900437,184.58763009277345,1413.8697408667824,-96.19080762565862,1089.3390450105653,0.0009527359652962281,-0.0016224472684066224,-0.00040301400770887535,0.001303264073159565,0.0,False,-34.8752372506861
670,1,64.2214603931276,38.37328236612436,542.219882020321,2116.8130279883694,12.972587488893401,1389.5024669790012,0.0011214216834466648,-0.0022354860479572606,5.6136012948893727e-05,0.0016786885334323673,2.9185442548673864e-05,False,-11.930142330196247
671,1,20.788686343001572,48.332039901450514,233.57311038209727,1402.8666139096742,5.269681731277712,1025.8158369770351,0.0008819450711782979,-0.0015675699743680147,2.2078570772968847e-05,0.0012248072727622428,0.0,False,-77.42462295640661
672,1,94.65336786076392,31.558433704279384,458.11393211637807,1483.1493883480114,192.5854895088427,967.9751081514858,0.0006669878116072545,-0.001480325728306385,0.0008068821945604668,0.0011469540438259897,0.0,False,-155.49766908664571
673,1,86.74464223458206,36.39604795341446,333.1431550335489,1326.6581538999242,199.50171559401667,941.9428046094839,0.0006929347837135655,-0.0013883475721339945,0.0008358593500871515,0.001121427338026241,0.0,False,-129.90904539014372
674,1,18.047731758930407,49.95288871375715,85.21872081968384,1206.5804931161838,5.477969587232643,979.7278422192613,0.0009039373794052499,-0.001445167036598194,2.2951241724158272e-05,0.001174608266272586,0.0,False,-55.134544785937294
675,1,102.77031370119131,26.757351561746887,668.2284790584346,1522.9265588038888,173.7514396610696,828.529962036861,0.0004362216826591138,-0.0013542576105379945,0.0007279725139173908,0.0009664057223013042,0.0,False,-275.2207462396263
676,1,40.758285583086774,41.81232228626657,726.1091827632445,2358.478373637037,-38.02950451351351,1448.4327444024088,0.0010636183984971057,-0.002355978888983526,-0.00015933355175495092,0.0017116536440865994,0.0,False,-39.37561252221923
677,1,21.602664972878646,53.080803916433865,-208.5552426883687,829.4181490079235,0.14775726162005562,901.0529087590744,0.0009683487376666829,-0.001228473851791284,5.967348357689001e-07,0.0010984113352525628,1.1202899592688631e-05,False,-6.811585225627425
678,1,76.09652644056216,42.955452024615425,245.63334250112484,1096.3286374311283,102.63116169142131,769.6557342203481,0.0006099237307503926,-0.001172170258329372,0.0004299973855094799,0.0009166183417130622,0.0,False,-185.02003797422554
679,1,23.537849138455087,49.861439938390276,89.8682973576337,1218.6064100115136,0.8794278076654308,986.2356087650336,0.0009081703124734931,-0.0014563865597626846,3.6845695966930547e-06,0.0011822798714869133,0.0,False,-53.71040574425501
680,1,72.3203338905877,36.6844085680519,536.120341446319,1974.9062274415708,138.26162851815323,1293.4372800265348,0.0009810061357958672,-0.0020330597633412906,0.0005792796047446206,0.0015346138036012975,0.0,False,-46.911339071941086
681,1,15.257333729731249,48.377593018706754,235.1473341668508,1395.2902152142804,8.122574720694372,1017.9537430641786,0.0008736177761781267,-0.0015567279270485707,3.403143680673782e-05,0.0012152919788968,0.0,False,-81.16128667989483
682,1,3.883370831659962,29.474077638046964,2038.095568646307,3618.090744727182,16.704704945236315,1480.8950485929051,0.00047004420078456386,-0.002839836461363012,6.99882894608122e-05,0.00165531026988297,0.0,False,-411.39631440915986
683,1,26.482046332803844,29.440041017229003,1928.4421828876573,3712.1637315230164,94.05451768237877,1652.5586313368228,0.0006866979740045749,-0.003049962460066207,0.00039406351864530904,0.0018786908511166205,0.0,False,-302.67301046929055
684,1,18.023708916016293,37.34530892502227,1250.2678148883826,2725.997275190167,31.18787499464855,1339.5364762886322,0.000712754017058584,-0.0023787037779773312,0.00013066893608412213,0.0015471090515333493,0.0,False,-237.59090399347508
685,1,66.90558605575238,36.76740977987154,595.0474099633228,2190.695969136687,66.13175414952923,1414.3177265935335,0.0010913670131857366,-0.0022585197083047,0.0002777044854007163,0.0016806889084561146,3.620873007733576e-06,False,-15.778507729711862
686,1,81.29014726930836,33.39779054107709,574.6675816838681,1947.3339777463436,257.6580297718162,1294.576253348842,0.0009094512328647296,-0.001966103090773552,0.0010795189037274937,0.0015357550041998746,0.0,False,-47.83949183949966
687,1,108.56054804907888,26.866259121657844,568.8870668281611,1096.452353997643,130.42115701522917,536.1962678225211,0.00020372315143352138,-0.0009014562620593292,0.0005464301057049818,0.000616442900119135,0.0,False,-371.71022343930747
688,1,21.694256056116625,46.7415586866436,380.0033871976753,1596.7363559092407,5.066264696651281,1072.138675310222,0.0008603464223599089,-0.0016885480205492468,2.1226307273113478e-05,0.0012744914120163412,0.0,False,-99.37795530961148
689,1,28.987822808711055,46.66699952037112,386.65064445959734,1622.9010990415807,-18.333908787362134,1089.7833585502103,0.0008739160169343478,-0.0017158649742593998,-7.681422206287994e-05,0.0012954599576076827,0.0,False,-93.77204791773437
690,1,58.852388738977965,41.58483627460141,421.5902753711495,1927.2828067978292,-84.95896697939146,1333.1011308852594,0.0013479972388796575,-0.0023321128501430297,-0.000406885803894929,0.0018512675606687564,0.0002642240086943385,False,-0.08325375928069434
691,1,54.71045844937274,17.700737820744312,2439.7407629290547,4955.740556607759,576.9408548746424,2508.6261002568895,0.0010860877911715375,-0.00418459859391029,0.002417229378496185,0.0028992728760049474,0.0,False,-51.0062503257779
692,1,73.24898449277254,38.237407794621895,456.02215981861565,1764.9525387126287,130.82897383542988,1177.1363556926497,0.0009057531160129237,-0.0018362826919350317,0.0005481387501708804,0.001398143095458016,0.0,False,-73.1298140621767
693,1,21.713294404115217,49.89303644222999,87.33483991202297,1214.0799116072492,3.5234043030817417,984.4490282033289,0.0009075617012927733,-0.0014528200140645833,1.476213085234955e-05,0.001180213938519267,0.0,False,-53.749102952788974
694,1,80.41618983136686,34.98031316442085,510.1415927847772,1804.3559933888064,228.45496407930167,1210.9447504529646,0.0008707472966609578,-0.001840460485541109,0.0009571657929403656,0.0014376033870167572,0.0,False,-66.84452403423757
695,1,67.83015191624237,38.32021150382939,507.44994544710386,1987.242522624798,62.23970561467933,1310.0365649745063,0.001027379707458205,-0.002072589779372213,0.000260767882270093,0.0015554589923639321,0.0,False,-34.768599862059204
696,1,75.00152867675347,35.07417195617385,579.2122695055228,2035.8784582391545,185.8699480545728,1327.9447266217874,0.0009779345058047173,-0.00207358825976027,0.0007787458544857087,0.0015746615743263744,0.0,False,-41.760316820173216
697,1,66.9505700182451,39.902998625952705,439.6650250194998,1856.8092678329547,35.677971820125784,1250.1120143816731,0.0010032838081252028,-0.0019654457144527293,0.0001494812525757276,0.0014862452374269704,0.0,False,-41.20614953988206
698,1,34.42443083532527,40.31963629383474,895.9319884751077,2459.8513338382354,-22.48837241632138,1395.8913950754709,0.0009351097959454163,-0.0023410941296993296,-9.422032435388653e-05,0.001638779243212108,0.0,False,-110.55891237373413
699,1,57.90563999386348,17.662253620077433,2333.3248778856237,4894.4771136939335,588.0449260801239,2545.471921432247,0.0011925996063862424,-0.004220857211716596,0.0024857552952736554,0.0029784431381782803,2.648492276113389e-05,False,-3.3524879847701072
700,1,18.954814829804686,38.91151697884326,1102.2006551549302,2540.745454911718,25.269708066381458,1298.724217733022,0.0007436314595547222,-0.002269929395838823,0.00010587338408778445,0.001507710035336576,0.0,False,-211.6647941680036
701,1,89.35784699339415,31.64937073729658,530.8862529558143,1800.9259556823674,258.8963242513751,1210.4569537048699,0.0008417987171917343,-0.0018187662743048526,0.0010847070296331786,0.0014365927932188081,0.0,False,-69.65066985810819
702,1,83.09412427317572,33.364264197811195,546.7384120324328,1873.798890769938,264.63181467325677,1260.7526069870419,0.0008829374722788066,-0.0018970784939526981,0.0011087372154498336,0.001496478114225659,0.0,False,-52.971451952951384
703,1,73.30740932376897,41.37986845160458,327.160825238662,1415.1064822789797,99.69571692475654,973.5974404919815,0.0007745691109916943,-0.001504532968697729,0.0004176986493929606,0.0011585312308424575,0.0,False,-123.26469481072252
704,1,39.845366348563175,40.25672337940612,849.9430840276577,2528.3794633966454,-25.854709571747264,1492.9827661622319,0.0010503371373917257,-0.0024657648095132434,-0.00010832438545697182,0.0017588850924316762,0.0,False,-56.25043366800816
705,1,75.9294109019856,36.62515327988912,495.7749025978615,1822.8197892445435,174.95381773562917,1210.938242377596,0.000904276767611456,-0.0018757065352545468,0.0007330101595986337,0.001437498787676757,0.0,False,-67.44431272540425
706,1,15.303724911287015,51.55107045854734,-59.62226752949376,1014.4523536573009,3.9341338074715964,935.0885819366852,0.000924997789574836,-0.0013250463068811141,1.6482978693587065e-05,0.0011250522348521075,0.0,False,-33.56708584704489
707,1,81.34641974044438,36.52419412454241,423.3978308406017,1581.6680638862656,207.77618342219452,1084.3929957281127,0.0007931766240763145,-0.0016332461295731418,0.0008705271787852048,0.0012889283289259665,0.0,False,-96.2879382951565
708,1,43.46109507442975,40.215664230845356,818.4867937100717,2568.9730532694025,-8.510132462689679,1553.4212943989446,0.0011238904730127286,-0.0025431464316454447,-3.565520110060047e-05,0.0018336051206223848,0.0,False,-21.80857778811003
709,1,100.5293161430999,17.853085257925084,1331.7686611029078,2837.2476253443842,333.3468390516894,1485.6034117873041,0.0007035358295173141,-0.0024502432366776197,0.0013966349683446509,0.0017245949983381932,0.0,False,-178.73514707551846
710,1,123.5345170273519,16.914206481932723,1141.379432563395,1364.8381195906177,167.7625766212947,429.7609209049183,-0.0002909612096102154,-0.0007590775672910634,0.000702880763937796,0.000422248236420877,0.0,False,-546.1483495905318
711,1,103.709282508878,17.77955948548253,1278.7109625436433,2598.440103869763,303.72370257005304,1316.560299141488,0.0005701170875810485,-0.0021945406976300475,0.0012725218722073241,0.0015217296560636482,0.0,False,-236.40421193988288
712,1,88.48855252841798,33.23319357396738,457.4468677054731,1639.842877976054,242.85823021686943,1126.70841239136,0.0007991271027891489,-0.0016778359592769937,0.001017511663335676,0.0013389058962324626,0.0,False,-84.80781264027223
713,1,9.650965070942833,41.99964686628622,836.4835138520226,2154.0107469173936,14.314358159829496,1179.8109039957214,0.0007535535936526133,-0.0020064914853411345,5.997336951596606e-05,0.0013803482932876671,0.0,False,-184.89867383252704
714,1,24.3817156567748,54.69654935754977,-330.4600801930756,636.6836355370828,-0.09296489243523427,838.1306459873316,0.0010028764226097543,-0.0011311759819338876,-4.5087294139189863e-07,0.0010670262260864195,5.400721263727062e-05,True,0.0001521662248933353
715,1,43.43249948552142,30.83280819818927,1536.6547082670247,3629.336139838297,131.03557442802583,1898.1233522235902,0.001109738565562091,-0.0032741519090747195,0.0005490043519354613,0.0022090666282423123,0.0,False,-81.26943490633931
716,1,56.163395803732385,43.19167785625543,361.9626090343013,1807.4607250327392,-125.39730748957477,1288.9282496388716,0.0015352252429004787,-0.00244415616245572,-0.0006719917483034472,0.002017860827651563,0.000481331316631112,False,-0.07824029265839272
717,1,13.859668949184515,16.917682882931675,3266.800837863961,5073.465014222601,96.52420942065459,1780.8923882286906,0.0001451858509036795,-0.003639536350057108,0.00040441087292807646,0.001903133619362282,0.0,False,-653.3164892177731
718,1,69.75838519035513,47.78425369928653,147.95439049295194,875.6146140102438,37.829458075787976,641.7843792362403,0.0005477517519552055,-0.000976600055502852,0.00015849541016340436,0.000766284742759425,0.0,False,-214.05250767251886
719,1,16.185018199529072,37.36546354418223,1255.0981701831795,2717.947308204299,30.429372069620985,1328.7492029137234,0.0006999371983249093,-0.002364538027216867,0.00012749100971860133,0.001533563037954292,0.0,False,-243.62509811573585
720,1,84.02470456937164,34.91436549237198,452.92009090624964,1646.6916134659143,237.78046177385724,1132.4840719194892,0.0008105557791106693,-0.001690237474792568,0.000996237158412098,0.0013459620513380896,0.0,False,-81.75112811617538
721,1,16.201143769153436,49.974314640110244,85.54849211480185,1203.741656386814,6.020096107806268,976.9843294598772,0.0009011440882839769,-0.0014413225135128395,2.5222608262547735e-05,0.0011713011953060036,0.0,False,-56.37646631074318
722,1,19.03791466794084,20.348322176775653,2900.0759044490665,4709.419704002838,127.96670158869362,1755.9796135020235,0.0003010792675510606,-0.003489256389152937,0.0005361465875330573,0.0019140335390089866,0.0,False,-550.039354081468
723,1,23.459388973854107,53.096955848581324,-211.27679488124727,828.3020766373115,0.8119598949457657,902.4147341442982,0.0009705341281111678,-0.0012290513791835891,3.4408297654667935e-06,0.0010997940992761564,1.0902736515742964e-05,False,-5.493198723153171
724,1,23.522366390789042,40.44029628491318,946.6118852238784,2370.9890547921536,13.517395523419582,1277.5956562260458,0.000796947309734473,-0.002186934236570466,5.663430714585808e-05,0.001492209479859065,0.0,False,-175.40071905678587
725,1,56.402140731345504,16.828399959246724,2455.0411471473244,5030.760748906312,614.2525702118213,2582.2547435272913,0.001129719371216193,-0.004266072103364955,0.0025735555837095585,0.0029890531100837453,0.0,False,-20.270605935915967
726,1,106.7029877947914,17.781807672787078,1228.5722323732332,2376.0903496052615,281.2016315201339,1163.9404486655312,0.0004468201714580636,-0.001957078323416743,0.0011781603595037854,0.0013385430331490514,0.0,False,-287.27997981379576
727,1,91.15074923661332,31.593517781111007,506.9974593631942,1705.3484885792393,237.58860167236446,1138.1228706888492,0.000791736177972905,-0.0017186505359317213,0.0009954333154012056,0.00135027117079862,0.0,False,-94.82378643139413
728,1,12.451629857789678,46.78882400802115,386.26467387253325,1584.4841423082537,9.807998875658472,1056.373286482766,0.0008422097765070997,-0.0016679013349847616,4.109291762957167e-05,0.001255223727061656,0.0,False,-107.77150213002386
729,1,75.05363862103512,38.207860883627156,436.66097694553895,1686.4082996375193,148.23910541567605,1132.4310162596475,0.000864272672696037,-0.0017537824698578633,0.0006210825903993494,0.0013453583457159368,0.0,False,-85.18746560432265
730,1,7.878324975638205,59.16255955750827,-639.7513092130289,100.44011036246134,0.07578861765149825,643.2892709611164,0.0010269241206684238,-0.0008009670120672635,3.347470687277898e-07,0.0009139455816936469,0.00013864406633552585,True,0.0001054670831877047
731,1,12.437083296121855,34.230726192104036,1562.735804176674,3079.2786514237664,35.38265101814973,1394.3333294773847,0.0006160376616622817,-0.002560918774288542,0.00014824393663148564,0.0015902066265644033,0.0,False,-306.3657369771018
732,1,20.776228536755287,42.04087466780485,810.5509332938533,2167.12794644869,13.844626610197844,1212.2155875221408,0.0007971403053186141,-0.002044708891773661,5.80053187319322e-05,0.0014212205560727726,0.0,False,-163.6681021997013
733,1,72.48411487295692,46.180363657093864,179.1284519332853,915.3367460256258,60.642092162027005,655.3723521316422,0.0005418534762088728,-0.0010004054071208815,0.00025407430503317577,0.0007815235466202589,0.0,False,-216.29287258742363
734,1,43.171229926182185,56.179860041233646,-364.8229213962454,480.0820239156221,-143.9239711308743,773.0934290011235,0.0008746186220571685,-0.000922909133362626,-0.0006126564676499392,0.000949533303636295,1.4612063856616516e-05,False,-11.646988042920896
735,1,10.636435109717732,50.015858089183155,88.86703782796705,1197.5042039139362,5.429187908850519,968.7327869336317,0.0008917462852256648,-0.0014307017658297854,2.2746859411621487e-05,0.0011612797218440041,0.0,False,-60.76855253322299
736,1,21.070567074405307,26.380778814852295,2275.482868945128,4034.2328759592897,102.91513702711968,1658.2523615186303,0.0005203722888273148,-0.003163976072417373,0.0004311871669548631,0.0018547469652187719,0.0,False,-403.9015593114479
737,1,11.022325106286635,59.095370353202924,-635.0526776678179,108.58665389081186,-0.09654563838489373,646.1588692309506,0.0010349936831191384,-0.000814418362667893,-3.765606517544713e-07,0.000924706042061489,0.0001457930667254567,True,0.0001626361975581858
738,1,18.951991901989853,48.350688918886114,233.32449232235317,1399.972265590871,6.859194421791841,1023.5321190821222,0.0008798322537484837,-0.0015641403372674129,2.873820796202471e-05,0.001222070774365567,0.0,False,-78.30910408040205
739,1,109.68267830180967,17.776945967369755,1183.7723455712428,2167.901983593381,256.8914886227594,1018.1847952083411,0.00032867924664439774,-0.0017329420210961304,0.0010763072993322347,0.0011628327109042718,0.0,False,-337.20393636502894
740,1,13.398929842755772,48.39456602375751,235.88216086702232,1392.613469647528,7.999292816080355,1015.0036634305899,0.0008704511864047835,-0.001552747724702065,3.351491827776503e-05,0.0012117153350247514,0.0,False,-82.60800540688149
741,1,67.87465870560305,41.46318287873215,364.23590733634063,1651.955788576978,38.41255405910186,1135.2284932477378,0.0009264358513251247,-0.0017711667728509749,0.00016093842789986952,0.001351199568488743,0.0,False,-68.0554700606512
742,1,165.26199693102242,19.314239626914503,1237.5012912861237,82.28244621141312,12.20307355454262,1009.3378875094173,-0.0014864924656620576,0.0009335380342700015,5.112764619589729e-05,0.0012102852614990138,0.0,False,-41.85957602971445
743,1,83.1509574745818,36.49177279575945,394.6470172608978,1498.242391030033,210.4029566059719,1040.2310211290958,0.0007594078175634615,-0.0015524783462503716,0.0008815326627214237,0.0012371254453246209,0.0,False,-105.9616220627218
744,1,70.65847235379543,46.18481352300936,186.21200976194754,1009.1961294356779,48.10332764366888,727.4674855346734,0.0006115991983898575,-0.0011124435481958475,0.0002015402026070215,0.0008678913879803251,0.0,False,-188.61174664929973
745,1,116.06347119220169,17.7944501741739,1109.721578945221,1734.5202856176547,210.4614597087468,711.7297688056822,5.86042699863773e-05,-0.0012502662811753802,0.0008817777752274355,0.0007890934932857336,0.0,False,-447.5103808820335
746,1,112.78190129333733,17.82371584864318,1141.9511991460442,1948.5456634636284,233.18457233506237,864.0502388773976,0.00019743612787214565,-0.001492272461151673,0.0009769815988899871,0.0009759108771284522,0.0,False,-391.38074383867655
747,1,38.05460423153334,30.883241777233195,1630.9880035030128,3616.1588227681586,102.5673943744806,1806.2566527426752,0.0009801272150346228,-0.003178542763973612,0.0004297302173403329,0.0020904069014189394,0.0,False,-148.80414774780849
748,1,13.417789726825086,42.02525766113701,827.9816145378242,2155.3392943880303,17.220559385489043,1187.9816863680942,0.0007653530579762452,-0.002015285505229343,7.21495829408567e-05,0.0013907872214598985,0.0,False,-178.9528677971927
749,1,10.580313535338979,43.592354477977324,686.295426197316,1965.1851690902533,12.999399498060917,1139.0696543633178,0.0007841022545036608,-0.0018950023991700104,5.446404099142938e-05,0.001339829100771535,0.0,False,-158.7430254291629
750,1,6.806274343334505,43.69991036075035,680.5200819554518,1949.7981888399765,9.18138319636008,1130.3710983173933,0.000778467928935819,-0.0018805016201264915,3.846756389317384e-05,0.0013296238957231949,0.0,False,-160.77443539168183
751,1,23.51822244326588,43.580576598406545,665.268436395325,1986.3340414270067,4.763846043017647,1174.4312620539322,0.0008282531447359734,-0.0019392043549563212,1.9959253210310307e-05,0.0013837647365422924,0.0,False,-137.78639327373094
752,1,26.24869310415229,45.12423695194567,523.4880578990852,1804.2993359902885,-6.068255473456482,1133.4260276917908,0.000853924374561321,-0.0018292056408923535,-2.5424383249546267e-05,0.0013416252344723596,0.0,False,-114.44395681424976
753,1,72.37286566694003,39.82203014163936,397.5903492852515,1630.9000200729436,105.34788919333653,1102.3755363314708,0.0008668683493060561,-0.00171675208927359,0.00044137975421419077,0.001310525720662958,0.0,False,-89.12198147550373
754,1,23.773806176256105,27.907351309413723,2102.977286026639,3873.7630355216693,101.17792549468442,1655.1999258383998,0.0006027328739035736,-0.003106828773998628,0.00042390871073637055,0.0018668520438578594,0.0,False,-353.4357094020441
755,1,115.81320644115276,25.83106276686838,532.2237614154252,757.7719983713228,119.91221228881422,312.9404287817508,-3.399018479876073e-05,-0.000506483872870377,0.0005024004106070333,0.00034483925887492616,0.0,False,-450.98867245522337
756,1,125.40269277151371,19.2261793185143,993.9358759365541,973.4704946268976,185.43644907444914,377.06900174831526,-0.00043358171299661546,-0.0003907094492924183,0.0007769296085716765,0.00038905579537852305,0.0,False,-513.8041049023253
757,1,24.680553466301376,29.456431456878544,1944.9862565076776,3698.2615923463522,89.46337584916647,1627.25362256045,0.0006542541317484793,-0.003018625518369949,0.0003748278503331817,0.0018459781175327798,0.0,False,-318.6432317908762
758,1,7.88510336940103,51.59310968718781,-54.04325162465617,1008.3322477340674,3.165893889556314,924.9962268904601,0.0009128570852847359,-0.0013126789002041294,1.326425690671945e-05,0.0011127877564047403,0.0,False,-39.349004540506655
759,1,1.9393792397593874,53.130172768378486,-191.51421971750497,824.1234655680056,0.3897394148237789,881.8403092957773,0.000931289967500804,-0.0011963364867857706,1.6329049251884945e-06,0.0010638135404475915,0.0,False,-19.555742835612534
760,1,13.388514820678814,35.816627322370174,1409.5628647647009,2894.457544513491,32.33744942786523,1357.2277650420463,0.000653693578520435,-0.002456964137547655,0.00013548534849322275,0.0015568034322121624,0.0,False,-276.95005535053707
761,1,38.03767480540946,40.27741591524916,866.477457545987,2505.1878376096374,-28.319559495707722,1459.491707161067,0.0010101213896794347,-0.002422759849418435,-0.00011865145382011257,0.001717465557823777,0.0,False,-75.12889907985539
762,1,10.572610894214415,34.25685667889967,1565.488484400102,3071.664314217187,30.982843139640824,1385.4009864397296,0.0006061973500905869,-0.002549041557202425,0.000129809906914542,0.0015789540188071312,0.0,False,-311.0847846031119
763,1,80.48328750037855,38.107755683227815,368.0211421831537,1437.813660704357,180.55022793217617,994.3578693233309,0.0007422383518787892,-0.0014988353065525804,0.000756457636106682,0.00118264949348265,0.0,False,-120.28282909751209
764,1,84.06667104794506,38.0235751568238,311.66373845131665,1265.6302302546603,181.9701846560447,898.1965584219923,0.000668794536351193,-0.0013296389344324047,0.0007624068787025664,0.0010694625502841563,0.0,False,-143.64180200211916
765,1,62.46310241245632,41.53368096633252,394.66113889116315,1841.3164946159868,-36.93170665017431,1274.24354082303,0.0010468679938895262,-0.0019836834022121594,-0.0001547340694605416,0.0015172495177677347,0.0,False,-18.287001211842323
766,1,24.43326832745085,42.000783469525835,804.3892338189254,2183.198866973305,6.051203073048196,1230.9360995337383,0.0008183516520980892,-0.0020700719397261386,2.535293820819665e-05,0.0014442674282558064,0.0,False,-153.99639317237035
767,1,132.71186440685992,16.88070380045726,1404.7766758623895,848.4508496143338,161.63380998450347,601.0579232644019,-0.0010547357952123003,0.00011069313901974844,0.0006772028549403037,0.0006739488681429302,0.0,False,-423.1576343010757
768,1,42.54252438352939,29.291138684520547,1687.2451654000579,3806.0420037199897,155.31036603437852,1934.1925964529207,0.001068528479944852,-0.0033700703134830964,0.0006507092995604678,0.0022430215024356387,0.0,False,-108.98606594056895
769,1,15.567078027982312,23.38876099104174,2606.1949462347325,4349.140278627478,90.77773729398547,1669.3958480387391,0.0003685692072335976,-0.0032826704536220754,0.00038033467667688246,0.001835497584259399,0.0,False,-499.73659933363734
770,1,6.774268384403417,31.061633836575393,1880.4251391711032,3437.7479248279524,26.089839166352196,1450.4524744210462,0.0005171056726020159,-0.0027452793340111657,0.0001093095161840286,0.0016321078779987918,0.0,False,-377.108629690746
771,1,7.747763568335075,42.045338520001955,834.5951845821834,2146.939215115262,12.040705556652222,1175.1661799054432,0.0007500015044373974,-0.001999185451639675,5.0447367288078816e-05,0.001374824884879036,0.0,False,-186.33284236263114
772,1,61.58975515021814,43.1157790941887,324.1188276849393,1701.821686372332,-62.50196088639708,1215.036094169832,0.0010186448138757437,-0.0018674602320053772,-0.00026186666239998364,0.0014489803729465225,0.0,False,-22.687457565467696
773,1,7.627118644054875,16.88070380045725,3274.584367585099,5062.488712819569,50.99411365573806,1760.7727096771769,0.0001262050133285586,-0.003619217825708187,0.0002136518303696926,0.0018757558041892337,0.0,False,-665.956994728203
774,1,10.592833712522884,46.81268069914154,386.2593757672992,1580.7287674038387,9.061561712433084,1053.0928757347028,0.000839069630557561,-0.00166318556664602,3.796554361037893e-05,0.0012512715986581374,0.0,False,-109.15337279088084
775,1,65.18917432395035,43.070511687640625,310.2376126809782,1588.28679771266,-6.984964256496899,1123.0528073361947,0.0009409561754707002,-0.0017363876207949686,-2.9265150259164593e-05,0.0013387518676384689,0.0,False,-58.20577632867378
776,1,21.97007370977613,27.921719701247124,2117.057850596339,3860.873647483813,94.60223161465031,1632.4446535005482,0.0005742340985934622,-0.0030788290701069185,0.00039635829495887967,0.001837251371784627,0.0,False,-367.72566506100344
777,1,32.61950969388892,40.3410534691531,907.9545545484943,2439.71890625044,-16.60592747499571,1368.4381492570099,0.0009031284777487828,-0.002305714994318739,-6.957443802182994e-05,0.0016047988215549325,0.0,False,-125.69131474976746
778,1,135.75188983516878,16.866037354239626,1585.7243764041762,715.8982597273445,147.80431963369293,828.227700115427,-0.0013932447265183245,0.00042892580071131163,0.0006192609531263532,0.0009622616014332186,0.0,False,-292.02442109544336
779,1,32.682563848213256,30.928906232929915,1712.252628788704,3579.337083755536,87.81857109114945,1708.1126404978704,0.0008471293711216372,-0.003064165312334239,0.0003679365540254681,0.0019642812558680555,0.0,False,-214.97564149054114
780,1,10.061150503699865,24.395047714163194,2524.1999641228435,4214.404750288111,55.656831585558145,1614.3033011361983,0.0003587291490321019,-0.0031820260516732327,0.0002331873835696018,0.0017742127653679188,0.0,False,-499.90474248351387
781,1,16.197244044339868,43.61155526187603,675.7175193216871,1968.866245041511,14.618288299815816,1150.9798156565942,0.0008004823896349388,-0.0019084929448073204,6.124675630627633e-05,0.001354833802332835,0.0,False,-150.6548257071442
782,1,7.738920708537105,32.678022646673746,1722.9569833575163,3250.9923327514393,26.470646902297307,1414.4514219945984,0.0005585393390999443,-0.0026424923669474756,0.00011090499974028003,0.001601476186373704,0.0,False,-345.5338861574044
783,1,13.35313011021389,29.453719901813447,2017.9658808225904,3641.5179045034506,54.79142841337448,1518.6325260724132,0.0005149763379185342,-0.0028861501519111855,0.00022956157348114634,0.00170443245068854,0.0,False,-388.3900320845268
784,1,75.132466530076,41.360143838348016,310.21017695837935,1328.3423812750834,113.79117208322002,918.2258581053171,0.0007231710083330997,-0.0014096811329857586,0.0004767548733099125,0.0010927435044365615,0.0,False,-140.74976173430235
785,1,7.793510365137467,35.880195708159036,1416.7435067407205,2875.7485237675537,20.798344853874095,1334.9435649299392,0.0006289909137327922,-0.0024274313873858117,8.713955647290939e-05,0.001528832118405863,0.0,False,-288.75518057221706
786,1,31.71664041739091,41.91651541263118,784.0212611322668,2236.201988404681,-22.47278625581265,1293.9683966901246,0.0008883663835934728,-0.002153759934200007,-9.415502246936172e-05,0.0015217915183812073,0.0,False,-121.36955802100738
787,1,4.864905005589257,31.101571951493373,1879.3867470898356,3430.42100793122,18.864726572768028,1444.7451942839775,0.000512271280691339,-0.0027369400991948505,7.903820799603557e-05,0.0016250862769023326,0.0,False,-379.33776384666015
788,1,77.81979931500705,39.74192360777298,339.77999444224014,1380.0030588680409,147.73787376111363,952.1575465002885,0.0007292930085809092,-0.0014498365592720275,0.0006189825625184872,0.001132667767506527,0.0,False,-132.59327489733363
789,1,20.751495383570738,32.58654842745093,1679.7646664135066,3305.505132085866,57.454235589953385,1496.898848784851,0.0006585074879256912,-0.002747203498070571,0.00024071803030356349,0.0017071037234339967,0.0,False,-296.6311070713752
790,1,9.679763716535982,48.43658969651631,236.39627220448224,1386.244337072644,6.863454805303173,1009.001425031272,0.0008644679935791051,-0.001544311433048784,2.8756057840557004e-05,0.0012044755328573834,0.0,False,-85.27819586682159
791,1,37.17609202525785,29.342416498204383,1784.7567285385055,3791.337181695617,126.26059279811422,1838.0770607030715,0.0009336423309549624,-0.003269877995874245,0.0005289984435653487,0.0021183379387718624,0.0,False,-179.61784313546065
792,1,76.00257700150968,39.77275861738806,361.04998831661266,1465.6465492852956,137.01739041843965,1002.3919742864995,0.0007743230247101753,-0.001539660493703937,0.0005740665766446711,0.0011920646121239282,0.0,False,-118.58823147883999
793,1,29.900677012952965,41.93809348612941,790.7447404219077,2219.3084917550705,-14.309223137692642,1273.5047153124767,0.0008657596490026006,-0.0021268922316893465,-5.9951855133237586e-05,0.0014966261644063761,0.0,False,-132.0175389522093
794,1,64.26675810877157,41.51040489747124,384.1843605720037,1787.630088940925,-13.789838161362269,1234.90209866953,0.0010150501076259706,-0.001924982841224089,-5.777576964211342e-05,0.0014703002907469037,0.0,False,-32.08744567602042
795,1,18.93837899192103,45.19276612493173,525.4619005627447,1781.5539772723266,10.416866120981368,1112.1484769510862,0.0008323840053865001,-0.0017989625566266904,4.364391012830031e-05,0.0013158542396775872,0.0,False,-123.95825665628337
796,1,129.86348736125242,21.02295866383949,849.0020271687807,536.8597319711121,237.23410293544956,510.99980066500706,-0.0006172680725990629,3.662870022262964e-05,0.0009939480595828937,0.0005948768222613871,0.0,False,-344.49727798248716
797,1,7.771820028681297,45.26721624234142,533.1594819929376,1763.8229140914307,8.743907544333714,1090.3623303127165,0.0008078510654154329,-0.0017702258535399681,3.663465677710169e-05,0.0012891685981794379,0.0,False,-135.35028163676236
798,1,9.42696587140095,58.25792991071119,-577.0205445814657,209.20153810504112,-0.019828596154963626,681.8810613829247,0.0010152872917701837,-0.0008611808697839458,-9.789506035667861e-08,0.0009382340820538574,0.00011471850754515335,True,9.477780827182869e-05
799,1,21.697573794941302,40.45782195186208,951.5469798132295,2362.285545093118,17.039149897978152,1266.2240451811747,0.0007834512078543055,-0.002171859268566216,7.138952523467329e-05,0.0014780863029906376,0.0,False,-181.63677331400248
800,1,31.74585443006485,35.64929465375686,1308.0850668030942,3007.1597904220675,28.1346733932247,1534.1868362913235,0.0008756816198140947,-0.002683654925250349,0.0001178768300179947,0.001780643955714223,0.0,False,-171.6045743794046
801,1,20.770688607300546,20.543815953759943,2870.966102861387,4696.307682314305,140.4617521973635,1769.3865457126335,0.00032668079558947514,-0.0034971680914883097,0.0005884975402553024,0.0019344346503625133,0.0,False,-534.6343025906231
802,1,1.9265077422233945,49.56694264398133,136.86430033274368,1250.1379612203443,1.1999112082093388,974.0512076455822,0.0008755218404966156,-0.0014566390531778536,5.027310164588137e-06,0.0011660831561076583,0.0,False,-71.98091710049363
803,1,9.642657718078011,45.205352013284134,537.0006558981381,1772.1350100199427,10.310818729658473,1094.4439998162045,0.0008099881111128719,-0.001777454797417026,4.319959964543124e-05,0.001293901755380908,0.0,False,-134.72192078343141
804,1,56.283226894501375,52.51649875511037,-15.769804698229223,825.1437947879355,-119.34559992014512,761.3361547764684,0.0007112481834920786,-0.0010503544489792946,-0.0005000264548502276,0.0009155968395369436,0.0,False,-114.03098844100299
805,1,62.51219820986014,44.67327710073557,250.32800074212082,1511.9093085738407,-51.973964287346035,1110.3374394468885,0.000952257507373884,-0.0016905882669256897,-0.00021775714500159998,0.0013259008221707573,0.0,False,-46.0497252211041
806,1,31.78413370863051,32.50344897800881,1582.647146796794,3386.019831958245,65.38502971894091,1642.8076281115702,0.0008480435471903509,-0.002929783415589887,0.00027394595722434953,0.0018938732103937767,0.0,False,-205.24715516670977
807,1,30.180975668888276,53.83379828752327,-268.03942891087337,738.9458354488434,1.3778522949213894,873.3485649190884,0.000986583851112194,-0.0011838811634429375,5.983415017355755e-06,0.0010852366309546363,3.0482382111747107e-05,False,-2.1786755566206466
808,1,80.60800311872548,41.255508527936996,245.76812634024233,1057.5060593670023,133.2880855931384,751.3130048458349,0.0005772230541967946,-0.0011232604206460389,0.0005584417771371908,0.0008949163741190712,0.0,False,-190.18748096709683
809,1,64.3079616872771,44.651285763048776,248.32240610340645,1454.2500971949414,-24.316792707799475,1058.9889742668138,0.0009064630155653335,-0.0016197958016247807,-0.00010188092111603972,0.001264156174441893,0.0,False,-67.51658016818084
810,1,88.65973245961914,40.96454986259604,111.27936831826503,625.0108503325663,92.47526794571388,478.55645969432,0.00038385666137796814,-0.0006923427622641479,0.0003874468805147441,0.0005719091459026139,0.0,False,-268.284460345696
811,1,65.22802375352842,46.21222622701512,191.68968559870095,1254.6184633936327,-12.037995880477462,932.049356338677,0.0008103651108746432,-0.0014163299196698676,-5.043601446257486e-05,0.001113633080350805,0.0,False,-104.97755994655921
812,1,29.169537240377192,30.965870392196468,1754.8173898232817,3550.44230750293,81.88263279021585,1649.173652155146,0.0007694165565615505,-0.0029921798593467294,0.00034306654468443097,0.001888604130717693,0.0,False,-252.93525599931496
813,1,31.824780514536965,29.38392499936855,1867.1464972649883,3755.5023562167025,107.97972500838904,1739.4069540685991,0.000800057252399765,-0.0031557982055269163,0.000452406449234612,0.0019908204338486544,0.0,False,-246.73720227251766
814,1,40.753462404933856,29.30769005286966,1721.0422683480128,3804.9605766842747,144.19573623520142,1903.8857482376889,0.0010251420283268926,-0.0033403908635940456,0.000604141944424012,0.002203568975517672,0.0,False,-132.20966173643643
815,1,10.611967596831802,40.437201566741955,981.4322451451379,2340.8709916708553,17.81158837280768,1223.6764381082228,0.0007279435424416628,-0.0021199006070959786,7.462583786302943e-05,0.0014244108708280532,0.0,False,-208.39594727345536
816,1,12.891838963860721,24.670358341361364,2488.6201534977045,4191.977337206241,70.55694190345265,1623.9790472628972,0.00038465715980461393,-0.00318365057204029,0.0002956148994907467,0.0017902659186518246,0.0,False,-484.45671943029623
817,1,12.493165536063003,40.46238224626891,975.5890438068599,2340.542039386511,19.6003204312441,1228.1865824859967,0.0007350123376607565,-0.002124383433417365,8.212015144019652e-05,0.0014302873745275812,0.0,False,-204.762414271529
818,1,20.770529354703843,45.18188890065744,524.0459351767489,1785.2027513399073,8.074988055332854,1116.4270229057365,0.0008372212407629503,-0.001804735279704539,3.383206128224937e-05,0.0013210865664682319,0.0,False,-121.76022511159306
819,1,64.34604875773105,47.77965662028621,142.33538638740424,1122.9807013283462,-22.129367418394583,859.4930482627839,0.0007620940717917961,-0.001292228000507059,-9.271618849545499e-05,0.0010282066266494526,0.0,False,-121.4662104380123
820,1,54.503299798866486,52.51542273012364,-38.122395401934,834.2088295227663,-147.1140558725395,801.2405986317027,0.0007469396329049371,-0.0010804787643636377,-0.00061636893078423,0.0009642832386689791,0.0,False,-89.00691414928127
821,1,19.853346767226096,16.937617642474326,3254.6195022480497,5093.433488889367,147.45698537384013,1816.0556800758634,0.00017722934593698047,-0.0036748424501094725,0.0006178057145694344,0.001950649957248301,0.0,False,-631.6793091525674
822,1,19.219188012012847,26.39046770880518,2287.4397524034503,4022.6975486671095,94.3234107148508,1638.0502921554714,0.0004956774431163903,-0.0031394578475750982,0.0003951901092347466,0.0018282767709011992,0.0,False,-416.5938711408773
823,1,159.4425662911955,18.628654562249952,1393.456519233887,162.40534213550532,14.990663222312767,1077.727457080247,-0.0016153770530608746,0.00096351214032194,6.280690860762295e-05,0.0012898269437714804,0.0,False,-35.57296061685412
824,1,134.22646610635786,17.74674115469689,1371.5913421459454,700.9889302833748,205.90073878946927,712.3355449896505,-0.001136589744791111,0.0002682335031627932,0.0008626695624876662,0.0008242765209616275,0.0,False,-327.1536535286801
825,1,96.38639007022572,31.58847542223837,430.12394485653016,1358.2010627789723,170.0817084646542,874.5054480107781,0.0005974689233529049,-0.0013467297375649883,0.0007125973121368105,0.0010353385149770504,0.0,False,-188.25285183219046
826,1,158.082866882898,19.31452623091205,1333.2519439095565,81.31381914701888,2.548539866509915,1093.4080891057677,-0.001663039200685361,0.0010703736108965802,1.0551412371538908e-05,0.0013667165882895516,5.538416015560694e-05,False,-6.343986406078898
827,1,83.89262275086718,22.654304193913774,1246.2396943023684,3119.823269067958,424.37143213945683,1834.0215249481053,0.0015288894330591704,-0.003358154179047043,0.002208277145923525,0.002681402768134447,0.0005269826685289311,True,0.003030483048576116
828,1,51.468478476324435,23.055803291574275,2041.5270190649524,4412.86256968207,378.5803544879289,2250.329958975198,0.0011317078303267987,-0.003835926122784026,0.0015861514178755077,0.0026073580216633063,0.0,False,-64.0534390104645
829,1,67.90483358456429,50.933608412502416,90.64861751092081,617.2800060479896,27.28512149642118,463.9509968413952,0.0004033098379136596,-0.0006999131816163369,0.00011431743257517171,0.0005545650336550849,0.0,False,-272.7574910826597
830,1,82.35865174918264,17.651240508296784,1663.8183907568625,3776.4349578379756,509.0956680152233,2102.584203349241,0.0030966823977774532,-0.00537600446512229,0.004054669009782602,0.00469645513807077,0.00224007072260685,False,-0.0016611572526130658
831,1,99.16673989928603,29.985884471169044,494.0322780291397,1369.1826362947268,161.10154390262105,828.8503680956547,0.0005263432033227218,-0.0013069809049696974,0.000674972801028479,0.000976814410235438,0.0,False,-226.2404495777401
832,1,96.7434672972906,36.595971678772905,126.63133850136522,663.5174867550312,73.76849029044926,488.6243693060447,0.0003968269762706332,-0.0007278784068733557,0.0003090704366500996,0.0005831995228230537,0.0,False,-270.1230833363626
833,1,127.97438320123256,17.76617218697202,1145.913220470061,999.0559415074858,175.6058774765206,393.3147530406932,-0.0006031659104454024,-0.0002955193586758253,0.0007357421172142155,0.00039873639909674893,0.0,False,-524.6826371120144
834,1,16.471980899596385,24.85145764152695,2455.880112345754,4185.890436927155,89.22530282069931,1646.121628753753,0.00042070829015228815,-0.0032034342422642345,0.0003738303873978121,0.0018216859124045263,0.0,False,-464.24734029814755
835,1,61.64486413809471,46.256674552166594,187.51255886221574,1373.0809947074074,-66.42863786785982,1044.8790366524152,0.0009148807535416595,-0.001568728119993082,-0.0002783183989675448,0.0012495773453356505,0.0,False,-55.42141689558031
836,1,62.558652619714316,47.80211360775089,136.630894881705,1184.3682331111931,-48.620784389372794,920.7917660500951,0.0008207036642849524,-0.0013741673121048029,-0.00020370820932252842,0.0011021519447816065,0.0,False,-93.64090022381464
837,1,20.794544035345996,55.9145414679725,-415.01328051356967,490.08618822055115,-0.3877781129567655,783.8753706791668,0.0010191921086713188,-0.0010506456686862203,-1.624980656050705e-06,0.0010349192076121849,8.688712791484196e-05,True,6.222353260909586e-05
838,1,67.03420756774707,49.34132592081355,112.79097355525444,838.1254532354325,15.100953412033759,635.8530627817615,0.0005605354422047425,-0.0009589442399024761,6.326899529207619e-05,0.0007603981638099087,0.0,False,-207.11207353785434
839,1,35.386911034304205,29.357288467811355,1814.2174617672426,3780.735453626267,119.25972386689489,1804.4662329049174,0.0008877288435526357,-0.003231865932150836,0.0004996666569314738,0.0020748932432809895,0.0,False,-202.887476411745
840,1,61.68139257972975,49.37673223652408,89.37932978114554,1047.5842383922472,-55.85049516308815,843.1501527890684,0.0007654773851316701,-0.0012418350075894663,-0.00023399878266743544,0.001010452679775468,0.0,False,-112.71546527688287
841,1,18.316428264065234,24.849882750349476,2446.140824299807,4195.14859646852,99.27749375211228,1662.8007861229555,0.00044070764867654394,-0.0032232320206878155,0.00041594640506645774,0.0018437370550480837,0.0,False,-453.65649936601795
842,1,76.27431095817091,17.67545718822491,1739.0731714864396,3939.8115647087993,490.16277005989963,2162.3397162519336,0.003143724594871545,-0.00552302689344205,0.003920709108149935,0.004756168133879304,0.002232833407880719,False,-0.012304983373439882
843,1,50.61258611822674,21.585997136260563,2205.8588546081514,4589.846702347649,413.4437088018636,2288.486789308411,0.0010734590983747343,-0.003920679741719977,0.0017322196388526389,0.00264301000903181,0.0,False,-92.84146611904401
844,1,132.46424598648954,22.824659608636086,610.7301481432672,227.90531048129787,263.49294802857975,570.293641517407,-0.0005766666924596903,0.00022530064664961764,0.0011039656658387335,0.0006822557812779643,0.0,False,-229.34508315135088
845,1,41.240692565138716,16.84938145875387,3022.4752069931606,5178.135714537041,441.16940538182126,2177.509057486629,0.0005399922583667357,-0.003975831040393455,0.001848382964341014,0.0024397325493018414,0.0,False,-378.42458372700247
846,1,72.16659696173771,21.134046888934368,1560.8163259184078,3712.742759179924,406.4699970319345,2060.7882861489866,0.00309352279780252,-0.005303004383658465,0.0032398112196722713,0.0044999457065648995,0.002090721239875193,False,-0.03921441677397297
847,1,60.92817661599079,17.654214110224682,2235.3395928092827,4741.001443537893,575.4561917346908,2487.7497484713244,0.0013667259001186177,-0.004289628025178039,0.0025997618152587155,0.0031125994451702338,0.00022447601318022596,False,-0.07207582066990881
848,1,63.90374987858703,17.643355263170942,2136.6250020234124,4581.152473701783,558.8553682770047,2422.814320151747,0.0015077321442778218,-0.004322302985521356,0.0026726587603108417,0.0032067278674592424,0.00039132133773183824,False,-0.07548445762580513
849,1,18.050615428830913,40.48277130371602,960.4273675827573,2348.9610055871,20.725927276885603,1247.7293192561276,0.000761124007719975,-0.0021476700865581677,8.683614600520518e-05,0.001455044982050421,0.0,False,-192.0392792231401
850,1,15.28178619409963,42.03931623086125,823.0880145883929,2156.3746404297203,17.636978089375617,1192.8726193941936,0.0007723714894304862,-0.002020687430482518,7.389426702117223e-05,0.0013970181184226095,0.0,False,-175.46070259095376
851,1,81.41911203072387,39.636549395111466,292.07124440720463,1208.771346119304,157.94994709909116,853.0088801064326,0.0006457760115588136,-0.0012745893070061007,0.0006617684451256309,0.0010155959373332143,0.0,False,-159.09515680501482
852,1,99.46717735147952,35.161628851371226,151.19506035026546,661.8171753075052,64.8497479845415,463.4410066090629,0.0003645275586981675,-0.0007051581527190725,0.0002717032685271791,0.000551826555028516,0.0,False,-288.1676076366881
853,1,47.405692100303106,16.75936992790759,2822.6559904036767,5154.873685437597,542.9431256193415,2366.4743909523254,0.0007716567887265683,-0.004114030437141284,0.002274787897252964,0.0026946520947284123,0.0,False,-226.79800620085604
854,1,30.049756171694668,29.402431831485526,1889.7348141785558,3741.1096750753422,103.15629399349147,1708.7069427679724,0.000759605228388755,-0.0031187799358421246,0.0004321975507732712,0.0019511961847172494,0.0,False,-266.75202669201695
855,1,66.93830342360158,52.47998764653659,73.09634940746623,493.56788152426935,26.668301263582915,371.4053181815239,0.000321707437006314,-0.0005591247416013856,0.00011173311916509374,0.00044394527162397717,0.0,False,-306.6040512230112
856,1,40.45780781765822,20.189787886718587,2640.9433072704755,4825.562990221106,343.02180314690924,2118.9387448812126,0.0007241102744525211,-0.0038523786618498614,0.0014371705054785997,0.0023984218793779654,0.0,False,-299.6230515521574
857,1,39.24567873077354,59.03896226812662,-609.6693199279617,132.97484688686163,-15.221746870697944,645.4515859595733,0.0009522244476338816,-0.0007525020887359096,-6.595032569773566e-05,0.0008530008806066648,7.45328082896236e-05,False,-6.865224171679074
858,1,15.26550528422537,29.473469665928935,2007.9233405271436,3646.4325010152993,61.51815717686941,1531.2103227734149,0.0005317171846861701,-0.002900742526047658,0.0002577447854185755,0.0017210615939167767,0.0,False,-379.7637893523394
859,1,18.95556859982816,42.050017337730985,814.1143450651194,2161.8199943127292,16.113641436835024,1204.8127190581897,0.0007882135971276792,-0.0020350512673742737,6.751188990443744e-05,0.001412035972488812,0.0,False,-167.81830044604578
860,1,21.84559606783569,19.4673157210893,2978.1587710105537,4822.715797839809,155.46853975806675,1798.0102363089497,0.00029787143369957984,-0.003566231271015307,0.0006513720055702335,0.0019593095213764396,0.0,False,-554.110805313346
861,1,59.35371737724396,20.104497306902825,2063.3985548459145,4518.162664323452,500.92438284531255,2388.5864685390598,0.0012944020828822497,-0.004051901920331632,0.002182835504683558,0.0028873749901635526,0.00011028565864863916,False,-0.0950461268345748
862,1,32.6477854631862,34.06998433547184,1433.8316304854525,3204.704265937269,45.76753434200125,1604.1934336193083,0.0008831599870074668,-0.0028265836754682774,0.00019175384731049566,0.001857348081219385,0.0,False,-178.37701083970234
863,1,9.690444904735777,38.89831956674692,1127.6983759386699,2522.222353442817,19.233818562505068,1262.0823568660894,0.0006960614726013686,-0.0022252815896548067,8.058460567860696e-05,0.0014612271526070703,0.0,False,-234.7897682079572
864,1,97.37857925952198,29.980755843992366,520.7048971977721,1499.8973481293085,181.65718122768394,926.790009000935,0.0006023498448395753,-0.0014489286697558987,0.0007610954772370327,0.0010939618217643248,0.0,False,-191.44166945070566
865,1,48.93111582911492,17.344938699459522,2696.2046798693177,5077.219389227996,539.9665861583577,2393.9248619619493,0.0008655258519788284,-0.004122384656927578,0.002262316985251237,0.0027384908885467927,0.0,False,-178.47898372943024
866,1,6.2993776072174015,58.29121320236272,-579.4319744704022,205.0206833312922,-0.0351222154078395,680.3868907460969,0.0010115254303266993,-0.0008546570156642008,-1.4824245222902835e-07,0.0009330912259394046,0.00011142900477509518,True,0.00010963197661340018
867,1,83.19795784415294,39.58479019749043,264.6760890890757,1120.4979220782693,156.78065478970282,801.405545854741,0.0006062410916190496,-0.0011865923158100589,0.0006568694200376479,0.0009546896173330974,0.0,False,-172.6457700433935
868,1,93.39592116196813,36.41043382292159,205.41365946104636,921.0397661855999,126.49966411534119,666.9227929338595,0.0005135938876502551,-0.0009855480387516331,0.000530000089066212,0.0007950356296899776,0.0,False,-214.13580534233373
869,1,12.16809440393417,19.40385498670611,3017.4528944345384,4788.271573531206,80.29574269104708,1726.4080222413124,0.00021961940723097908,-0.003490011223825934,0.0003364178954585261,0.0018624269394569852,0.0,False,-601.0092848936392
870,1,21.503833753376,17.818846321535478,3155.339908061492,5003.537100245637,160.03027872833047,1817.7943933774368,0.00022668749568442877,-0.0036450408733980253,0.0006704844836739869,0.0019646774548768464,0.0,False,-599.5945716471335
871,1,10.76583796565343,53.041746726379166,-191.23188242052106,835.0321671295272,1.692742412688565,891.1042636783245,0.0009400760060239003,-0.0012098112741946582,7.092142384445589e-06,0.001074949489060899,0.0,False,-15.741826295402404
872,1,4.610512380248504,16.79433159062077,3283.7915193938425,5068.0884197358255,30.507395559829558,1757.3040886981973,0.0001193246128403944,-0.003618541106864496,0.0001278179074779626,0.0018700252375313683,0.0,False,-670.6796955834641
873,1,18.033164948708116,43.62316202393708,671.4169772316588,1970.0190180198633,13.640716669279628,1155.4676515932092,0.0008068537920343107,-0.001913545515317902,5.715099008527565e-05,0.0013604997819836398,0.0,False,-147.5276793603593
874,1,6.135936109059476,17.675035391078023,3196.348099152916,4970.232733770048,40.519442661745806,1741.2225370140286,0.00014723616283522,-0.0035688172390261966,0.00016976573313315417,0.0018599646024610283,0.0,False,-650.6139016006578
875,1,6.86876804614239,50.15654033255666,79.5506090723145,1180.2619789972061,4.025508878816031,961.5581270246918,0.0008890082247758359,-0.0014168363329001288,1.686581604172727e-05,0.0011529531191590814,0.0,False,-61.17897679161723
876,1,80.84132804783947,16.794056630649028,1735.5413696183975,3905.2243523836228,511.77483215533715,2152.804217773589,0.003423724514106686,-0.005787055955316572,0.004375526686121961,0.0050986201720876,0.002585874760793418,False,-0.003334713278889012
877,1,86.4833274868065,20.910630503914117,1348.997808694531,3290.641682033842,438.2198308925834,1902.3296519685794,0.0014839291806546806,-0.0034278152459007497,0.002219207138674979,0.0026949078665208727,0.00046357369988944707,True,0.0005591496239389926
878,1,39.76913185184011,17.474971589175983,2980.9262333182796,5114.740362576296,400.03461605064876,2133.1557167963765,0.0005390940701112843,-0.00393096395915884,0.001676039091638213,0.0023869711886479565,0.0,False,-389.52640500371666
879,1,47.990774631367344,19.870838220429935,2459.6324357975286,4813.740629250511,440.00173340338375,2294.818767024851,0.0009420971215178269,-0.003989447799676513,0.0018434907280105856,0.002632422523742089,0.0,False,-162.0014733323323
880,1,65.23827258680036,49.333251403477824,107.04969641727511,920.9042253770835,-5.134821902280009,712.3309536813082,0.0006371159976367724,-0.0010678014653943968,-2.1513543807250013e-05,0.0008525265961123712,0.0,False,-173.4728265472329
881,1,66.86156660550586,17.7078795971898,2032.7083268480003,4414.506502372311,540.0184783697973,2354.834935442796,0.001665525675284281,-0.0043667379335241225,0.0027504355109321896,0.003314856699238709,0.0005756343889429795,False,-0.11513776767702666
882,1,12.334245220373532,17.718449094655828,3187.3434290262708,4978.875705532817,84.0403590594622,1759.3324355312914,0.00016579667023239634,-0.0035872262043885293,0.00035210684627636423,0.001884751968338447,0.0,False,-638.7329332423342
883,1,65.22927385857223,21.624378804721204,1728.0295291737182,4005.9544547765436,414.1889021828688,2176.0398751788325,0.0018829759716072376,-0.004285363395677366,0.0022710874220387076,0.0032865730110761063,0.000747859374180578,False,-0.07581754718336242
884,1,79.31902883644172,17.588810018409742,1691.7908008335928,3842.231784883408,498.49500421792345,2126.0393192257275,0.003415487919778873,-0.005734096813989204,0.004257679999199867,0.005045858196976715,0.002563134595463329,False,-0.01866356450790363
885,1,19.052500378065016,58.31346009082383,-581.0090920222218,202.28630844403241,-0.22515425015779314,679.4102036656598,0.001054758065289779,-0.0008960832494856533,-9.536607259667124e-07,0.0009754207739359868,0.0001549705896686807,True,0.00017361840940566253
886,1,4.736842105262063,59.12865364485446,-637.4434078924635,104.44155069032524,-0.07398398266386084,644.6982976922135,0.0010247511893654339,-0.0008014375278113453,-3.0575793887188e-07,0.0009130943713866174,0.00013601898787349382,True,0.00012110352611216513
887,1,22.035258208246105,56.70057508488751,-469.0642536125105,396.37415221711916,0.025816171903452364,749.5268949287483,0.0010318563590428105,-0.0010014011317635782,1.0415968163500489e-07,0.001016628746737167,0.00011013932033842795,True,9.417124397259613e-05
888,1,0.9406933302874716,51.46555826861876,-38.19836747284247,1023.0445458725486,0.26978622566255245,924.3250668186315,0.0009052694513928102,-0.0013178939163814645,1.1303328323527304e-06,0.0011115818275621646,0.0,False,-44.025630082728355
889,1,64.17147446560703,53.94396432631305,50.46548758561465,469.3585238358928,11.959946786929718,367.0624236750129,0.0003298664728059019,-0.0005476589659946171,5.010900943200336e-05,0.00043947747626252136,0.0,False,-302.4505320533534
890,1,9.152542372865847,17.681470012181403,3194.053289056252,4975.013290385872,61.24366251653621,1748.5573313851903,0.00015412641000873376,-0.0035767489481559655,0.00025659472549199847,0.0018698443646003593,0.0,False,-646.2313294511091
891,1,77.79973468699392,16.79475338776071,1783.7203649813043,3985.757875646183,517.8101269667353,2184.9434027544153,0.0032275545366665204,-0.005644813114215072,0.00420885176561111,0.00491002395404793,0.0023613147745526228,False,-0.07057491105996405
892,1,6.846905604600785,46.97266989145687,375.03846889743403,1560.2754004851774,6.480252979524381,1044.5909806072084,0.0008360345808736421,-0.0016468798351413835,2.7150543681981904e-05,0.0012415314282447165,0.0,False,-109.55202518277468
893,1,15.278262611957173,38.932577253194516,1111.8022320107734,2528.424121310982,25.056626980036125,1280.4331945222295,0.0007212384154497986,-0.0022463968456908415,0.00010498063077076566,0.001484745767463432,0.0,False,-222.2619429405541
894,1,101.75015378757949,22.094175714379688,1017.5920690229868,2196.704545309685,250.14061890629492,1154.8842750383214,0.0005616896713962483,-0.0019083948217974867,0.001048022943195585,0.0013416099929730405,0.0,False,-233.4263670823991
895,1,16.331522209512283,56.214509110316406,-435.6340483731298,454.3349741701022,-0.07247854897982578,770.7380610950738,0.0010041685633321194,-0.00101200375594495,-3.196949355625811e-07,0.0010080861723116641,7.590254139886535e-05,True,0.000154786240671001
896,1,13.483258586650996,54.77787387916669,-335.88326933420814,626.5705679800338,0.16359665508519758,834.0162546786596,0.000971878559755124,-0.001093668839002221,6.342491168181378e-07,0.0010327737480669685,2.4667045795724204e-05,False,-0.2597044280775549
897,1,79.3140689630659,19.252142757145254,1580.322110594427,3657.0498330474334,483.372339190845,2051.7908345025317,0.003135246448425208,-0.005329566580431373,0.0038893169183364905,0.004657785034347297,0.002258509124081583,False,-0.0034878166954399603
898,1,16.212753927470626,40.48367695890732,965.2215049604965,2344.7203351963212,21.20669351003857,1240.2294498872373,0.0007515447007977304,-0.002138322667644812,8.885042919064463e-05,0.0014456164607146312,0.0,False,-196.61432999349057
899,1,113.93242263472757,26.026753122317018,545.8929541244797,849.6459292264781,120.51981249819433,363.6616088834928,2.5814213530241104e-05,-0.0006105080446514033,0.0005049460945607404,0.00040616393693603924,0.0,False,-435.87945291032173
900,1,94.89108875146933,19.205235707832585,1346.248144516224,3109.322908905078,371.9116109118307,1716.0420570989995,0.0009133209450743959,-0.002780087210161871,0.0015582111485158293,0.0020043256836480435,0.0,False,-83.661165345288
901,1,109.50910899152221,31.272209887546694,211.9724738300879,477.40281732110293,42.708048458385456,251.1259953971073,0.0001336057155207973,-0.0004224357043317011,0.00017893541176638387,0.00029206161258182655,0.0,False,-395.57539980518254
902,1,105.53653819472771,22.05988072878296,962.8989506588514,1917.5699312924924,223.18845982884253,957.0568355898258,0.00039653455479628924,-0.0016033747267944574,0.0009351005349704719,0.0011038625531621768,0.0,False,-302.1150162634328
903,1,42.16255437375738,20.389491159649932,2575.67826748217,4800.570459580523,357.95067409053627,2154.317863715962,0.0007852008269939679,-0.003875653682863423,0.0014997185208042872,0.0024480972409047287,0.0,False,-263.7970270831158
904,1,113.13733899933561,27.404042746533865,450.0972499048117,730.0990845702769,100.18739384193806,320.6897973051575,4.604787885576292e-05,-0.000540518885369351,0.0004197586454547848,0.0003606445235018674,0.0,False,-428.70814036184936
905,1,38.289865417746874,52.67323031989167,-108.55606734163644,983.5928908939969,-63.917630436548855,956.2977021299279,0.0009787793559754392,-0.001345396609596059,-0.00027187401196981215,0.0011700116876899955,1.82484270139395e-05,False,-10.10753640239011
906,1,35.44939290767181,51.3155705522095,-1.308726307320588,1092.8182930681705,-46.46464402753613,957.1970913415604,0.0009173688077455128,-0.0013746824074657576,-0.0001946745522625956,0.0011501518328518744,0.0,False,-39.92886272751883
907,1,121.58001894966958,18.935774672992597,1005.5767219001406,1238.278639379225,179.56455574329996,433.2341106839574,-0.0002263181330895564,-0.0007137978345271145,0.0007523279306916784,0.000448228115643272,0.0,False,-523.0404062893665
908,1,4.873478673892717,43.91442458686347,661.931439656181,1923.4760128632304,6.67365187432895,1122.7635380989914,0.0007797757861622279,-0.0018629930339632674,2.7960833829297692e-05,0.0013214583652972132,0.0,False,-158.64499429496112
909,1,4.869116411629254,37.616867564724366,1255.5265504096194,2668.199096477592,11.675439443877826,1284.9505706406192,0.0006577123921642549,-0.0023016495178988378,4.8916999016695734e-05,0.001479883085544689,0.0,False,-262.63057404357136
910,1,93.6793921843015,33.157929077169975,376.760750903627,1336.0952124010482,180.7663061610311,904.2179408759844,0.0006460186864963857,-0.0013636599699399267,0.0007573629466570298,0.0010738257464673541,0.0,False,-159.7522747254897
911,1,44.792561856791224,21.768723685974496,2355.5349129114807,4636.811294799498,349.294089943331,2181.310291227037,0.0009246820263984351,-0.0038542898943605443,0.0014634497259334543,0.0024990126910310736,0.0,False,-187.97003130098125
912,1,13.422670687824088,38.925341110280335,1117.3311969909873,2525.3060966897037,23.81668788778684,1273.2575375921301,0.000711676206305259,-0.002237844756702675,9.978561437349009e-05,0.001475604205068143,0.0,False,-226.9492964651958
913,1,62.47552481111884,16.820360449393974,2258.1011310267454,4760.425467018308,592.4203913413852,2498.34009457832,0.0014463890375272963,-0.004386965795648821,0.00276554988363223,0.0032278589950847218,0.0003278880745801732,False,-0.07547310514149785
914,1,0.9688709752505106,41.25842742240321,913.1189921758006,2237.0562016710037,1.7486576593383207,1189.0553023070731,0.0007268165786444555,-0.0020466565521250835,7.326412458693668e-06,0.001386741403742971,0.0,False,-203.27706630482567
915,1,7.588979617462887,22.9580845054944,2671.310525715127,4372.720720322141,44.42729057947307,1634.993150484337,0.0003064832586857581,-0.0032577457888225744,0.0001861385809105538,0.0017845430979949427,0.0,False,-535.9636533636399
916,1,42.886372805861356,17.708563962125137,2867.2770252680566,5083.951717194709,442.61381135048765,2214.7632741481343,0.0006561428406462212,-0.003987497094558495,0.0018544346427971955,0.00250011598192136,0.0,False,-316.1314578746123
917,1,18.35732158805594,17.5803009478942,3190.5728366130456,5015.5106274864465,132.28977225619244,1795.4660300732155,0.00019243568552663732,-0.003630567317948987,0.0005542591086597918,0.0019314861586428721,0.0,False,-621.7740784047865
918,1,91.06939747761179,34.728539014418075,334.39035455830805,1295.0878302813612,187.9689171545114,908.1594919907445,0.0006649128941023166,-0.0013476210966387701,0.0007875399791001528,0.0010805684016490249,0.0,False,-145.34379581167963
919,1,112.53015306878899,19.466069346539996,1040.1417221792153,1755.572398547557,215.20763842839415,775.2315440426407,0.00016370117695060655,-0.0013350313487349814,0.0009016630070320217,0.0008745277814051891,0.0,False,-400.2149835857934
920,1,7.804673298010596,48.53471465977436,229.08845333352224,1374.1211530957871,5.845411301398599,1004.5547419453882,0.0008634947552498612,-0.0015351971191585904,2.4490725189160544e-05,0.0011994084483583378,0.0,False,-85.08924158016924
921,1,11.441097093294255,23.997020727115626,2560.086946092121,4264.162408938762,64.47440397589783,1629.748301489384,0.0003553163463838481,-0.003214496085136873,0.00027013067654124657,0.0017900091744631169,0.0,False,-503.8582652851573
922,1,28.887943389325837,21.845743435258488,2663.806985398748,4599.8926972285,195.92812233555023,1858.5203068095009,0.000506272695964404,-0.003549570483089395,0.0008208869408043431,0.0020690407960369185,0.0,False,-429.63753621087557
923,1,130.61388220689142,22.73152001230623,648.2599356495493,319.4972273375726,242.85191673498318,517.0690364285642,-0.0005470894787319748,0.00014162485859671795,0.0010174852115187138,0.0006143296334422958,0.0,False,-279.09906298215986
924,1,56.185357245750346,55.46583717466191,-34.775920653067374,512.7564659290971,-83.58874243079406,498.0860100096962,0.00047337332675276636,-0.0006736345158553894,-0.0003502146922134341,0.00059964100127634,0.0,False,-220.37967201463385
925,1,113.63648329810819,20.515110171515616,956.2651449130249,1550.35266364386,196.35162057610833,665.7313196959848,9.716410281854215e-05,-0.001147370576551772,0.0008226612862683054,0.0007459286427132279,0.0,False,-422.8041506148245
926,1,91.49942381340615,17.66534920670701,1531.046970861659,3577.8133115690403,461.07841848864524,2010.15516762549,0.0012050664561251631,-0.003345543605729524,0.002051571144462031,0.0024958463542374943,0.0001444576537059309,False,-5.660354301781069
927,1,90.85915459476128,42.71789826944089,6.8994019639374455,243.77852001667702,23.469653693432367,210.62918972981146,0.00019560148669703348,-0.0003006288967742042,9.83316330115322e-05,0.0002529395696261887,0.0,False,-355.374629661007
928,1,93.62745553875817,41.30727281323218,-15.626715074351523,241.5109249153895,11.24489144575996,224.67622023270758,0.0002220149014141512,-0.0003166544027690581,4.711311693570124e-05,0.0002703628418702448,0.0,False,-343.73003349157773
929,1,23.504710796326204,59.24112879076168,-645.1499673235362,91.08084132812205,-0.09242760308125834,639.9975033531807,0.0010964928362729184,-0.0008643525470634073,-2.60975661820189e-07,0.0009804227003517,0.00020926968443395647,True,0.00041085014640884765
930,1,111.11049401861935,22.000408349749282,885.706878414739,1533.101182921658,190.4425847974985,694.0108052616432,0.00017139441054579013,-0.0011848109258445873,0.0007979039913706097,0.000786756584640206,0.0,False,-391.5300184172325
931,1,138.45112152494593,19.907503552948473,1211.6209421548558,286.95107810494704,387.4698358473742,1055.5172050636531,-0.0015094224499475166,0.0008815604633056733,0.0020064212592524576,0.0015606509508093833,0.00029817126140130887,False,-40.36238188148724
932,1,39.850439480624104,55.780546357735396,-356.6327717588934,575.4636977628232,-72.03229199197966,817.097114412814,0.0011141703907307926,-0.0012058547529649674,-0.00035595461647088683,0.0011735864216545226,0.00018576259375112941,False,-0.261044972156526
933,1,118.54083597000049,22.50401444329278,759.8144214395555,994.5333002243277,160.65115895542854,386.682632076649,-0.00012166013150322324,-0.0006133650997789675,0.0006730858073846893,0.00041677880222299867,0.0,False,-478.96678269565325
934,1,94.53423635385086,17.652670960979375,1481.847011234291,3324.1172832417747,407.5149749375867,1809.5988806182515,0.0009228702516513379,-0.0029364420045367165,0.0017073798141930864,0.002110061428055908,0.0,False,-80.21243776092223
935,1,49.25306374638827,18.712493492670202,2539.19643869715,4924.5683589522205,492.4620987728062,2356.296671513473,0.0009349592585779411,-0.004062079030150319,0.002063285764722216,0.0027031250343778775,0.0,False,-153.80289747372188
936,1,97.47846868547789,17.676358065026985,1410.6930000209557,3107.5205597275417,369.399832334306,1665.2114195007332,0.0008308086090525676,-0.0027238204251973652,0.001547687461523348,0.001938473887474964,0.0,False,-123.50301048014325
937,1,12.479378726741897,37.381045884827074,1264.632280317761,2706.9388984008815,26.570838096694512,1311.5022264611466,0.0006787291151243075,-0.0023427122515020035,0.00011132477430906423,0.0015117457737112772,0.0,False,-253.84186471573997
938,1,108.01530859567498,20.387814249698952,1040.345356019285,1950.7639568365655,232.03110824317284,934.1462285572671,0.0003270054118992491,-0.0015802009941222727,0.0009721488898412275,0.0010703398688254424,0.0,False,-332.96595346877484
939,1,137.0278701171269,19.440207573854764,1252.6415852624386,383.7359543368879,341.2962796447096,970.8112651847463,-0.0012529205404635396,0.0005673216910129881,0.0014299410190112024,0.0011573691177733062,0.0,False,-109.60836236313475
940,1,28.643391235998056,56.529366368051456,-457.2339377165211,416.8854081273835,-0.29089528445225965,757.0204798963707,0.00105531605866214,-0.0010384110933995966,-9.617876567460937e-07,0.0010468636864840674,0.00013128158406998792,True,0.00021707958126171434
941,1,23.469319097669672,21.960466971595462,2705.1437720795993,4552.915560134577,151.928002008088,1776.7205862574,0.00041495128703950305,-0.003455885916726721,0.0006365380901131906,0.001961412845261399,0.0,False,-480.2575366471404
942,1,46.000524883403784,17.618552431278854,2775.1532237589963,5075.881861308786,491.4495532309235,2304.5541232337237,0.0007651730276453141,-0.004054548792749273,0.0020590434670755406,0.0026205618875202214,0.0,False,-245.1891230835052
943,1,73.00586309613963,22.766661867545185,1421.4642537188272,3490.276893515775,378.9633203323263,1970.299700396869,0.003131261230241888,-0.005189150682921358,0.0030793377813429206,0.004435977219742985,0.0021282748809005624,False,-0.02173345251463843
944,1,54.125944966006635,21.738526955449043,2084.9499085092534,4509.9220124281965,438.98585592785713,2328.822960260962,0.0011584593802364488,-0.003921536049191238,0.0018392344704444112,0.0027013485983984516,0.0,False,-38.039981802648356
945,1,39.41944649334544,18.89496481758448,2816.5389230299315,4965.331392605114,361.3826984330787,2111.953888760642,0.0006205190550856235,-0.0038809166136339005,0.0015140977938240601,0.0023746270869803576,0.0,False,-353.3055080476367
946,1,6.412996391206975,56.62366489573929,-464.06416429824304,405.0432316894246,-0.06366495946467872,752.6922320476607,0.0009871091347562855,-0.0009623809271691597,-2.723798480544319e-07,0.0009747450404768491,6.44125803998267e-05,True,0.00010438820811486949
947,1,125.05994075616293,17.627035255466726,1110.391054549353,1181.1194747739041,168.84513969209632,376.54764734827336,-0.00040595777337735367,-0.000554124447497294,0.000707416416486418,0.00036138322790157603,0.0,False,-541.578062988825
948,1,6.825393981805404,37.47960229357524,1266.2924832554784,2686.2219844263436,16.162096417496894,1291.9586632225014,0.000659282695412466,-0.0023152815745848543,6.771490344006361e-05,0.0014876674615394217,0.0,False,-262.7782880774272
949,1,168.53996652019626,19.31519400437165,1179.4299440734126,81.94844615668747,12.092831237692138,959.0092245841948,-0.0014137812706477954,0.0008852971328886633,5.066576008609609e-05,0.001149818303565052,0.0,False,-62.885543943086475
950,1,59.71437330688889,21.604194542076566,1918.2134082451637,4314.244217112191,447.40792995751445,2301.0170741794464,0.0013389785253521951,-0.003950213203041945,0.001976683436041793,0.0028232439916714156,0.00014426595836893318,False,-0.07638297699764962
951,1,62.393402652977784,53.91790771580113,33.77897161724303,546.9170093724484,-10.604823669550033,448.5448131703336,0.0004158300001347974,-0.0006591262363716873,-4.443140247602836e-05,0.0005379370455569528,0.0,False,-263.61955601779687
952,1,28.966389718538448,52.726215932051254,-175.76871028267138,871.8848098634139,-2.097002734898187,909.9683468166508,0.0009609062093133523,-0.001252560418325199,-8.775969461799287e-06,0.0011067420125428482,9.385620826625606e-06,False,-12.066798321056751
953,1,27.06168893641321,59.21517100469979,-643.3644573133889,94.17647636153451,0.04957518959785806,641.0858393318919,0.0011127293021812275,-0.0008826340834672819,4.7192539299187927e-07,0.0009976817207281413,0.00022515644598077118,True,0.0003846071153361663
954,1,37.599676826532814,58.166290426218474,-568.2583959728946,223.2346851232776,-12.431601435131027,686.6585911648845,0.0011655175219907991,-0.0010209617251362574,-6.415158315743047e-05,0.00109371007627009,0.0002643392124351443,False,-0.2284700716289194
955,1,43.224484850925194,19.328260463464982,2665.782191797441,4911.043694283004,399.616122466988,2198.6499157424387,0.0007645180722559215,-0.003939007445445392,0.0016742857143611657,0.00249631653386451,0.0,False,-267.6979243104377
956,1,31.58349689113719,51.23463507601246,-18.972815081639055,1062.4336815371855,-17.836934311659828,942.8269102397358,0.0009141104688454305,-0.0013512929357129208,-7.473203063391998e-05,0.0011333178571992985,0.0,False,-41.516242296872576
957,1,64.31836137421065,50.86994039211422,74.52137670829582,794.9266341332559,-9.174643506558718,630.1188156848856,0.0005724389625612093,-0.0009367146516763222,-3.84393263779155e-05,0.0007548215373812859,0.0,False,-198.84054020055814
958,1,20.532823814629435,54.38929493956642,-309.1161886255048,673.6891753712054,-0.218803092903488,851.9149405172775,0.0009869099618944454,-0.0011396563875847102,-8.90340611967369e-07,0.0010632832679304592,3.385963445865768e-05,True,0.00015397478364320705
959,1,42.897823377434,59.242110605193126,-499.1871863417218,91.92150134981193,-40.29402629977392,518.2534028314384,0.0007044639791754288,-0.0005338304436408731,-0.00016882129827827425,0.0006248747291118278,0.0,False,-89.52853841766381
960,1,83.27149458457905,42.542872284979374,162.73482929878568,750.554423756604,106.49515840175773,549.102481881048,0.00042438009979459124,-0.0008070241082571159,0.00044618650834194265,0.0006548737900988683,0.0,False,-252.43508278844362
961,1,98.46221593645937,36.722112792149666,80.49131706656779,523.554295717738,44.72058771415203,396.07714678856775,0.00033753957693554576,-0.0005906186904767637,0.0001873674182247733,0.0004734406823399414,0.0,False,-297.5410236996022
962,1,65.14776619419463,52.42439414348413,62.92200122177809,589.6423178584782,10.528017435470431,461.15793208740394,0.0004150010728332376,-0.0006884082392891334,4.410960469746579e-05,0.0005521453086156149,0.0,False,-266.48232489355865
963,1,36.82803251054451,17.521864374601375,3038.825114281914,5106.104495666402,353.1394959978536,2059.794728834418,0.00045908337808824983,-0.0038715931652879036,0.0014795609588418217,0.0022882231072536043,0.0,False,-443.2759145238113
964,1,10.67796610167683,16.80076621172415,3281.3165924742657,5077.913254155571,72.70530777658216,1770.718807489727,0.0001306680901522328,-0.0036329640007557833,0.0003046159835020653,0.0018879696378065495,0.0,False,-663.1002119302213
965,1,61.39704626770035,55.398696298156345,27.304554286497023,426.4010397634293,-10.067954960353303,349.02877009209783,0.00032298182951797337,-0.000513072456981678,-4.218206477479142e-05,0.0004185588658011875,0.0,False,-303.56267110568075
966,1,51.698148226431364,17.45790663304952,2576.4749856753356,5029.404932329554,564.6682216041211,2459.20590580264,0.00097595058227932,-0.004162612825345857,0.0023658102955132973,0.00282851074987091,0.0,False,-113.02187700969779
967,1,68.48418899568371,16.884884783412833,2049.194230769717,4427.939293600349,552.9774919513334,2362.3517862916556,0.0017653778065529892,-0.0044791252056606,0.0029258874262686665,0.0034479934418709993,0.0007003792125375215,False,-0.10998297181680528
968,1,7.934051796210678,55.99017177661201,-420.15098449259995,481.17906640549796,-0.09444513442902464,780.5985950003021,0.0009796350853386081,-0.0010052042353245437,-4.0099033920583393e-07,0.0009924196805842543,4.833611181739958e-05,True,0.00010136126479665108
969,1,88.14009434976458,39.40106936869157,179.01393361376495,861.629467766792,130.02400922066667,641.1092663579929,0.000496993562343017,-0.0009329955859649804,0.0005447661616308046,0.0007651207641831111,0.0,False,-216.89963302539937
970,1,52.01962995765933,54.02336347834575,-99.57735831624468,676.1497149592152,-158.2163387006215,727.8296198145006,0.0006917384727858807,-0.0009333070196361343,-0.0006628845553819165,0.000877523331058068,0.0,False,-100.96220059442282
971,1,32.16494825921574,20.22569776154457,2797.670728921899,4797.958118148584,248.38989653156716,1939.817163432126,0.0005039849377058382,-0.003686352253551621,0.0010406878801262759,0.0021588166341932084,0.0,False,-431.32938821518957
972,1,84.54395274721595,43.4201698913084,115.43060744022684,564.2928481857131,83.69974321168634,420.4107089236447,0.0003277604140867942,-0.0006125465394425725,0.00035067975608666334,0.0005017851776867966,0.0,False,-294.16702070956376
973,1,10.628350882884789,37.37920502082063,1269.1518896576338,2703.5418137139013,23.737703311853085,1304.8445229065612,0.0006702017482678024,-0.0023346551927448836,9.945468991948966e-05,0.0015032511825456099,0.0,False,-258.04746838014546
974,1,154.80605252145668,19.31624864277304,1350.2035503444406,81.09490902215013,0.8044630421460522,1108.361697231275,-0.0017748723431053263,0.0011751961967299796,2.829569418100585e-06,0.001475034948415554,0.00014572782647160083,False,-0.009039663734370151
975,1,119.12308528762645,17.47884472589422,1108.4904711810057,1576.1541697011846,192.53061805779672,589.329522705681,-7.25507418216087e-05,-0.0010522442595954386,0.0008066522977133398,0.0006345248848891333,0.0,False,-499.8758550779872
976,1,15.414491227636317,17.56036618835155,3198.981634874011,5006.277110815437,107.89980382672286,1777.055856424728,0.00017412929636761282,-0.0036119153936189155,0.00045207160065064377,0.0019064694546917101,0.0,False,-633.6052983088782
977,1,17.983259115696573,19.033276570463727,3040.59493208127,4851.756628853374,124.99923074039316,1769.1796329264453,0.00024372881820982077,-0.003550415092430533,0.0005237136706166404,0.0019150590084537887,0.0,False,-587.5108936376403
978,1,12.953369977952969,22.124893648749733,2742.087453688207,4482.649409353431,79.08601580292883,1677.1699264596095,0.0003096367022891339,-0.003336610099942367,0.0003313494601948257,0.0018306356961145251,0.0,False,-538.2128571603769
979,1,9.673014574914268,35.840916945159364,1416.8835739033118,2883.4426803875344,25.1666613648319,1341.6127798567807,0.0006352621561248504,-0.0024369849620524894,0.0001054416457003278,0.0015370280003790563,0.0,False,-285.8942200656821
980,1,69.39357695888872,19.80920521802459,1745.9961418302792,4005.216810726486,445.3604200740879,2180.3350060571283,0.002244141336666932,-0.004653747242272037,0.0027781265097178397,0.003718159953238083,0.0011747853090966476,False,-0.089174264789051
981,1,138.61254202539607,16.764646410091327,1717.497842489189,663.0899605601345,107.02473910030228,961.6999809318502,-0.0016031240607171076,0.0006057208213727861,0.00044840531120880555,0.0011269497588906729,0.0,False,-224.0069767601575
982,1,122.00909329854089,17.528322902688224,1100.1993127394105,1387.5689200388351,179.15555463628758,469.16523152390823,-0.00022015386425162237,-0.0008221551364634917,0.0007506143243776781,0.0004810996247415049,0.0,False,-534.566112135932
983,1,119.7579222437439,21.547505855058333,821.5852207610718,1035.3584759916032,168.38487890077533,392.1951743013606,-0.00016509178345654185,-0.000612918444122021,0.0007054880456713701,0.00041781039377569446,0.0,False,-492.24337272733476
984,1,59.62764494692103,55.368823990273256,7.127510755592444,478.05770524667133,-37.291719994553425,415.76134998491887,0.00039162831947244653,-0.0005949080747928636,-0.00015624243002355367,0.000499416097595398,0.0,False,-269.1896579792418
985,1,3.8776105288201648,42.46143823499874,798.8324666246276,2095.4197250946672,6.160354905519576,1159.6269643857654,0.0007517817957329439,-0.001964396809471386,2.5810255477266538e-05,0.0013581506161558022,0.0,False,-182.57860024610233
986,1,35.098858756424356,20.376200867169747,2733.576612535382,4795.617458809983,277.5451033967379,1996.7450577569966,0.0005825848008437383,-0.0037371177051931325,0.0011628404751022996,0.002236740245938124,0.0,False,-385.21602919301546
987,1,0.7200097531729573,17.843233339973192,3180.9336364071137,4946.782989277902,4.698170789466752,1731.8579464483519,0.00014696127399917687,-0.0035522592766803144,1.9684091292094432e-05,0.0018496364606335127,0.0,False,-650.3282918821183
988,1,176.72693032015582,17.17337437652409,1193.4888280129696,351.50873669819083,34.44867662371191,747.7487307517423,-0.001205574925901403,0.0005582618657201598,0.0001443308312829467,0.0008848660373662042,0.0,False,-227.4258846607332
989,1,7.181478497552227,53.24184642772253,-204.82506863559092,810.921174331224,0.9658959930948879,881.7491969571065,0.0009369578262447735,-0.0011908960420083242,4.046848392431999e-06,0.0010639288582444766,0.0,False,-15.942464253998594
990,1,167.13529678455208,18.629433631286158,1260.2114551229913,164.61088412912832,24.200695193572425,960.3716292662097,-0.001446050467142003,0.0008490876435738552,0.00010139450327996863,0.0011486883598865873,0.0,False,-85.36014054095898
991,1,1.9302665055395698,42.77277600104161,770.4264675950426,2058.0163365916483,3.036076220849304,1150.4104890425126,0.0007561438212052782,-0.0019411864445365232,1.27203552571789e-05,0.001348680129786582,0.0,False,-178.26736924628398
992,1,0.7392548378862379,58.11235882725211,-567.0117341473396,226.55448878408706,0.11391548335331403,688.0913187380388,0.0010011447113847801,-0.0008585021426256679,5.538269795832807e-07,0.0009298234682394395,9.861536019885381e-05,True,5.965441624766754e-05
993,1,66.61552822679728,19.26987304927808,1895.6154296475715,4229.469532717786,486.92703185601823,2274.1188825194545,0.0017704895467210418,-0.004336737922394099,0.0025719691533187578,0.0033133537648860306,0.0006646095517408233,False,-0.0564261683267091
994,1,27.087542851861045,56.16391168348633,-432.19763674733423,460.2935944534895,-0.052068713769585225,772.9251906165424,0.0010472440316169306,-0.0010590154937712495,-1.5726468000597238e-07,0.001053129765629647,0.00011830429805198676,True,0.00038364955128145084
995,1,62.54887750515678,50.89096423769579,62.93344086861706,860.9901716431688,-33.40861907276308,699.6825459117435,0.0006423618222213545,-0.0010294613456439256,-0.0001399732656048626,0.000838836280166635,0.0,False,-166.04647231912082
996,1,7.766992213433191,38.95943807650186,1124.9590725717464,2512.5975629039367,15.973656171107997,1255.8817980709412,0.000691439494637046,-0.002215479383808359,6.692538871630276e-05,0.001453844590518285,0.0,False,-236.6545474869925
997,1,13.929837200199417,23.388941355924562,2612.620449844592,4342.169694363028,80.85709733590843,1657.3503286810421,0.00035465187935633524,-0.0032685247513870573,0.00033876982274509324,0.0018194898935119002,0.0,False,-507.30483158722467
998,1,4.7965152197766745,55.74110445337538,-402.8970552206935,511.09349424957645,0.11864533061670707,791.6130053978732,0.000968329506450706,-0.0010136609488090587,5.104832729195194e-07,0.0009909952605000165,3.365064583750587e-05,True,6.481561212012821e-05
999,1,61.600210512511524,52.41936137855378,34.94783077418424,732.2329542038709,-36.252715734331225,611.9504467520251,0.0005696457825884391,-0.000891074212625631,-0.00015188927735466234,0.0007342978375621017,0.0,False,-194.91276750092845
1000,1,4.981366862952022,21.458679110947184,2822.6915471061825,4539.157277386623,30.47987623695046,1659.6524341359832,0.0002556743614653838,-0.003340094039541079,0.00012770260880362556,0.0017990176729240199,0.0,False,-571.7072372982846
1001,1,1.7918864168331166,59.24056395545724,-645.136189388179,91.1038538793194,-0.08011707426521962,640.0051472660408,0.0010204456522110242,-0.000788320777240975,-3.1800206123363617e-07,0.0009043832287031097,0.0001332205185726875,True,8.775725098075782e-05
1002,1,89.12129518341355,19.351234766300195,1432.9240781960716,3439.600570996152,442.03091474819354,1960.5233646698923,0.0013504333369730379,-0.003391892115626077,0.002090715644050386,0.0025913675252000833,0.0002945690130061679,False,-0.004533847572531613
1003,1,17.444578014701005,59.14026003281026,-638.3229268264058,102.91669645108486,-0.08165411650705787,644.1612784503959,0.0010647242907788324,-0.0008404032605452694,-2.9886072083990054e-07,0.000952563787382753,0.00017616435128033764,True,0.0001371283823914382
1004,1,111.46955961066494,27.715384810943124,454.77958623270456,797.1040093380066,100.92308959245842,366.22130385606465,9.630913181776779e-05,-0.0006208152020853088,0.0004228410157996153,0.00041625167714928843,0.0,False,-411.7845514326999
1005,1,8.304496814217435,54.500238806144864,-313.92204697674794,659.8685557825771,-0.0026975094987229755,844.0366659145539,0.0009600614425088806,-0.0011050038672666684,-3.173663743697569e-08,0.0010325326550097095,1.255148003835476e-05,False,-2.0074844053442575
1006,1,156.22225273768802,18.630774873685088,1456.2170165799798,164.235020248131,8.967827945732415,1130.6692809946765,-0.0017253131745839107,0.0010463866890057713,3.783553426764353e-05,0.0013859790457900491,3.2584601115985776e-05,False,-13.896232515404165
1007,1,81.23594080205838,21.306812530066576,1393.7600277616173,3353.323848700927,453.2939645156985,1929.1687547623937,0.0023425673636059755,-0.004331469780798122,0.003037725883445721,0.003666420268730853,0.0014050048102313432,False,-0.00403436941593327
1008,1,1.7369589057136092,16.715028211768068,3291.8811625650064,5075.034654763659,11.43198887709002,1756.4658142437304,0.00011497715114925073,-0.00362049327991182,4.789700562000954e-05,0.001867888745648342,0.0,False,-673.7174750323854
1009,1,99.93923779556049,22.261886779323333,1033.0937988948042,2314.4006866381646,263.0477083851083,1245.371426282392,0.0006408283606849224,-0.0020433398913586222,0.0011021002296547951,0.0014508087504460788,0.0,False,-199.1755555119488
1010,1,85.67115110115826,22.570040079781734,1230.315492495367,3094.6525033997423,421.1920700855597,1823.7533081628508,0.0013033367791013759,-0.003115383822121915,0.0019969151856328287,0.0024244979898056275,0.00028164263655132155,False,-0.004540313417976449
1011,1,45.96474317567712,55.8417272890386,-282.80321165662286,491.7928023556212,-166.77673404085306,730.6705428816382,0.0007675574848282386,-0.0008551185882185036,-0.0006987503446272466,0.0008833642626565629,0.0,False,-48.842062139462314
1012,1,59.82768246804121,52.47192297993711,19.00855543747154,775.8581573256612,-63.48332039716103,669.3463354088583,0.0006262357946055543,-0.0009592638951198273,-0.00026597829883592133,0.0008038273635506153,0.0,False,-165.43797794314077
1013,1,12.585578090029232,53.066835221876296,-195.93849775053891,831.9685215359206,1.866294765029085,892.4687228714486,0.0009434246748025871,-0.0012099044094425818,7.819280775219102e-06,0.001076671640544133,0.0,False,-13.876926907941083
1014,1,179.26930320150746,17.268336314155448,1123.821633791269,325.92624993973317,4.754443900339072,706.0901402462166,-0.0011394455669885015,0.0005320396004395257,1.9919860722653643e-05,0.0008358019301519813,0.0,False,-238.063878121929
1015,1,23.63086873055794,56.27357268655649,-439.97529636005555,446.80771695805635,0.33642487476552874,767.9771421708879,0.0010350830965866718,-0.0010379456998598144,1.446879774852361e-06,0.0010365146506872743,0.00010766791229193671,True,0.00010023596053088113
1016,1,58.85147328772816,53.94059700930137,-1.7904240591367777,643.0532699040916,-64.7855399954712,573.2113233225878,0.0005410949982881438,-0.0008097671467792028,-0.0002714342540585321,0.0006889312536915901,0.0,False,-199.66984790560008
1017,1,46.398900162251344,54.2532767590668,-227.01088275352052,674.9658701313342,-205.6829523506984,859.7061209673891,0.0008843656035258801,-0.0010720468790994114,-0.0008915691251118046,0.0010749936403328959,3.661959883389624e-05,False,-6.915660780228507
1018,1,55.92396146404795,21.617012905445673,2040.5417404798197,4484.205424287857,454.75067437387133,2350.475894971826,0.0011927277803354067,-0.003926424033717044,0.0019052848844034725,0.0027311090140295048,0.0,False,-14.422449794768397
1019,1,171.82360326428412,19.31493539886702,1121.1663857507372,82.34749458176377,12.286252482146141,907.907390149924,-0.0013402142257441748,0.0008359737850841408,5.147614387252641e-05,0.001088398370526721,0.0,False,-84.43900511926807
1020,1,34.426661564112486,21.895087113124685,2576.8847700867104,4625.911201337573,244.1885918369924,1961.2671644075274,0.0006373291424153901,-0.0036551098875879165,0.0010230855261762336,0.0022063395489003404,0.0,False,-355.92333324856673
1021,1,38.33579783855154,55.475075864775164,-340.86836008753454,613.9212203853803,-40.27087964279375,830.2578919357015,0.0011173427606602608,-0.0012317446772896114,-0.00019859026384930764,0.0011787334181261717,0.00017511051161424773,False,-0.029683380101232615
1022,1,53.45595387100163,56.49033209839757,-79.71916268855857,407.44900423980016,-92.47803064546225,452.471263284061,0.0004416213362751435,-0.000578931459923715,-0.0003874584554949857,0.0005458140856930747,0.0,False,-225.9097415528029
1023,1,100.53644795052263,19.50018560488566,1220.0514023322487,2624.152169276454,302.18958633982476,1378.535045646781,0.0006653928427887632,-0.0022760123251326665,0.0012660943315150482,0.0016011604555891197,0.0,False,-194.06559059670337
1024,1,32.626965763730816,21.785538660575412,2618.6605091757824,4629.06621677705,229.1383715472591,1927.201841726422,0.0005874640935021568,-0.003624069634826102,0.0009600290892298703,0.0021597842598865087,0.0,False,-384.17682393883825
1025,1,106.63233756956488,19.412212595330093,1125.9589038772494,2173.1384088730647,255.99244384929167,1062.0148358079666,0.0004057339962771516,-0.0017879683933594414,0.0010725405398444069,0.0012209292960596685,0.0,False,-302.41494890167405
1026,1,91.97646252504353,33.146878388097214,404.8834536801094,1448.2142455912253,203.00832187815342,987.107493183091,0.0007046204944483013,-0.0014810193509438435,0.0008505511016891169,0.0011726528376239886,0.0,False,-131.39778327973949
1027,1,77.40229366339362,21.350412508754232,1457.4602093225287,3478.5183503593667,446.78963096904073,1976.3625106566878,0.0029045804725767004,-0.004972624759141009,0.003418567576814963,0.004293511573870839,0.0019790538842353084,False,-0.020418086580946238
1028,1,53.41344032858914,20.268214813859327,2244.1020721955238,4688.658190172567,480.27459639583117,2377.9221334683098,0.0011081892052257937,-0.004012832140229631,0.002012223357636279,0.002751086260989789,0.0,False,-59.6441020766494
1029,1,67.72669115728688,20.26061152172363,1762.4383818153128,4040.355721260512,440.40821948111255,2193.235725451167,0.0020611450725873323,-0.0044923621141274035,0.0025784740228658645,0.0035212563359160523,0.0009633511526851743,False,-0.10481412174834759
1030,1,56.35612729762789,20.10276286160509,2163.552217312816,4649.081677901896,504.5829242055297,2421.0171648903843,0.0011762709517915571,-0.004030584120518349,0.0021140688130711974,0.0028098321431377204,0.0,False,-15.479618693483133
1031,1,37.299503901808684,56.55133499448534,-442.65119345493207,440.46876138439455,-21.32143552233383,765.6954351730569,0.0010968358792052477,-0.0010959214979696374,-0.00010174949185854428,0.0010975584123690586,0.00017153184676292548,False,-0.10723625133192627
1032,1,151.52934714376366,19.319268272523733,1353.3891399697948,82.92971547747948,3.81047571448827,1109.6053531240982,-0.004080573797823997,0.003478794238456593,3.5490454534110004e-05,0.0037797256739181386,0.002448985215022495,True,0.0035017536319514875
1033,1,80.81265059906814,19.873180841431225,1518.753226154672,3543.2931202940817,483.54584661160953,2007.925353862408,0.002810816967623593,-0.004931680317923837,0.0036333120350708938,0.004276307418816505,0.0019263530513838956,False,-0.0011626359797105579
1034,1,37.32435751237207,51.17141044050299,20.8316821467976,1148.6328048475648,-61.397695154679674,989.412468108303,0.0009363096778562414,-0.001426284324509565,-0.00025724008145010593,0.00118827846899615,0.0,False,-32.190883118410795
1035,1,135.2219531880809,21.586531159174598,739.7729181028323,240.19735980235717,322.98205313898046,713.958991289985,-0.000728563114943969,0.000317981523123756,0.001353209260495499,0.0008553407189768123,0.0,False,-165.68977692772933
1036,1,59.45031686989184,58.21302905601225,44.758506805748425,186.95381306899773,-6.5592490927430225,125.81973644970714,0.00010039950561396144,-0.0001974808307148631,-2.7481516474147944e-05,0.00014957266504870843,0.0,False,-402.1722563483885
1037,1,26.425885110935052,20.31573917500277,2854.476622759625,4754.52908290305,190.21209159371975,1842.5962962966832,0.00039619321159303127,-0.003584165076901346,0.0007969382858931816,0.0020296774827733254,0.0,False,-494.7701434499243
1038,1,127.30018606404265,19.365316250019593,998.4587560509295,848.4793001818758,196.5993593241998,408.5781491743662,-0.000544002614066938,-0.00022981551513430324,0.0008236992460089148,0.00044079302995038384,0.0,False,-479.929627056232
1039,1,75.61191795145466,21.464395686875474,1471.0361968467166,3532.184305654589,422.7836843805646,1993.1906406897988,0.0030678623016826174,-0.005164079181377915,0.003364821149200269,0.0044465402828108465,0.0021130360142552203,False,-0.013351993596472767
1040,1,58.26461619748395,59.27054626395212,61.20425033212564,82.90645767731611,-7.156495304605628,26.73134095971585,-7.457659703259804e-06,-5.2920910164538926e-05,-2.9983819920540887e-05,2.723020657070205e-05,0.0,False,-447.9207733595246
1041,1,27.712452517704346,19.341631678858803,2948.915843588254,4869.973789027111,211.81752712389005,1874.512754707516,0.00037422716331146036,-0.00365013483521375,0.0008874593385409106,0.0020605262418091947,0.0,False,-508.2120161390524
1042,1,54.60527399691102,55.36624415007716,-59.08004220992848,529.7877140628852,-102.6616358550361,542.1326565851219,0.0005181929602447351,-0.00071540700800595,-0.000430125064183886,0.0006532182737238914,0.0,False,-193.82811278410816
1043,1,135.70346368502373,20.166854227699943,1038.4181668101444,357.1588401105432,335.29917945375564,839.546707283721,-0.0010059289385883838,0.00042121913470121873,0.001404814757549762,0.0010012811950351186,0.0,False,-151.80109534292984
1044,1,57.11538791467385,53.948548159737705,-20.945030098528605,667.2283924894789,-90.78956783494168,619.751606206365,0.000585428288308959,-0.0008562039002638772,-0.000380384243510154,0.0007454856705262847,0.0,False,-173.3469780884817
1045,1,83.0651919022085,21.377825979474334,1358.5553749678254,3296.8156475787073,447.01345270123585,1906.2600917895506,0.002008860884712055,-0.003959338045138542,0.002731932600868384,0.0032818765288306208,0.0010461477806907942,True,0.000710164786767109
1046,1,90.01603491732585,16.716654853286744,1604.7956916514897,3731.973397514537,458.9758608340256,2076.1626405068473,0.0019694844476666196,-0.004205449351102923,0.00269097310311428,0.003367905271117009,0.0009414446856596293,False,-0.3072068002555284
1047,1,133.40048488885614,21.554047910667833,775.2078586090262,317.9273130480213,296.40664268804045,657.5327075783771,-0.0007079684362183147,0.0002499737511008781,0.001241865329233144,0.0007842006647212856,0.0,False,-214.83643321239208
1048,1,19.211233843627273,56.76855526467049,-474.13271546706227,387.5868646010712,0.04827343989534335,746.3212343479156,0.0010298009286069383,-0.000993540509270599,2.452117109827921e-07,0.0010116707263681602,0.00010907651927004298,True,0.0002122861188809111
1049,1,126.61016949161605,16.712828773534003,1196.5475783924342,1198.4035178158908,153.5521157413579,357.90396429991426,-0.0004997665657230923,-0.0005036545130414263,0.0006433426965072604,0.00032167722225997874,0.0,False,-555.8334076646313
1050,1,1.9416162388666933,39.49978127379869,1078.9534034445207,2444.8821136752526,4.073912410347686,1234.319605644572,0.0006925230057829479,-0.0021689167582796404,1.706861401912685e-05,0.0014307453355631718,0.0,False,-232.41904973819965
1051,1,6.785313402921456,40.54401173021264,976.7967381562949,2324.168917848815,12.309964553476547,1212.8384852321453,0.0007197745532605849,-0.002102791736683346,5.157549117122814e-05,0.001411518729278627,0.0,False,-211.68646506266026
1052,1,96.10169491539652,16.703976607559106,1516.691658184511,3355.8011289164465,415.84113097879566,1814.6421499145786,0.000905622683402994,-0.002947068112683658,0.0017422642028140384,0.0021141612357302624,0.0,False,-87.18390904139932
1053,1,107.43304342881477,22.049655828349078,935.1545242113189,1781.8911139555178,211.0900768138271,863.262747311236,0.0003177154324069745,-0.0014560855935422685,0.0008844115144077784,0.0009910289862657456,0.0,False,-334.04449423716505
1054,1,141.67867539720353,19.34872861639003,1424.8317454609253,129.86095514978828,61.10593039907635,1137.138737772318,-0.00713870861764275,0.006487333552296342,0.0016186577128644792,0.006860923370953324,0.005519661999734624,False,-0.7617408857872192
1055,1,1.7434444438705432,19.49583767998763,3017.97849752505,4759.466578275285,11.094730336069354,1697.0095314231303,0.00019482170569073517,-0.003453365205951237,4.648398165643159e-05,0.0018242415206618354,0.0,False,-615.442094329338
1056,1,4.603796307268927,19.924273640378043,2974.5859729042277,4713.0641314023205,29.245172415600425,1691.2407316146594,0.00021047986883996592,-0.003431401654274401,0.00012252952680484917,0.001821971083287331,0.0,False,-604.4748517050878
1057,1,175.1412429378557,19.300749039760344,1071.92096300764,85.87067388462158,7.447940853131182,861.8541696384156,-0.0012753644045354322,0.0007902803729181451,3.120489957918147e-05,0.0010329402321019093,0.0,False,-104.7761298749154
1058,1,170.3635697844804,18.630129403238673,1204.0928715821633,164.3740492081309,24.312957647908274,911.7355971228025,-0.001375712321670602,0.0008023609258584192,0.00010186485323079826,0.001090226985531608,0.0,False,-105.70384219586953
1059,1,57.0332759432448,56.755248434176416,-13.36941860561287,367.6730751598944,-55.3627012308822,345.4640841165613,0.0003248948581748498,-0.0004733387064992517,-0.00023195505528426225,0.0004156260252451259,0.0,False,-291.6223158776338
1060,1,10.1789105125574,21.75407548070223,2786.006463325992,4516.101771674326,62.433920834845686,1670.2766723347715,0.00028246530441985534,-0.0033418552577343663,0.0002615815926044684,0.0018168739958265806,0.0,False,-555.1658297152744
1061,1,48.82589739429803,55.744462505652734,-193.60509647780484,485.33358161728876,-151.9745556232568,644.8706445646379,0.0006500300564821725,-0.0007722565652941715,-0.0006367331374309681,0.0007791547219241261,0.0,False,-109.69131279308908
1062,1,48.284070113048415,54.16266175687051,-189.04727113448837,664.5022880731491,-199.75174998151957,817.5408229018439,0.0008025462600073936,-0.0010017493196255584,-0.0008443505766442018,0.0009960434773344995,8.924270730333586e-06,False,-35.075120175705706
1063,1,77.82461137092079,19.88851328321176,1556.6974119915158,3629.3192461003405,471.35953000401565,2038.9477820129068,0.0031461148194142224,-0.005318918446925402,0.0038001213305503823,0.004639442593866759,0.002254575058370289,True,0.001956149376326266
1064,1,21.954738422859947,58.414328848775256,-587.9309327910746,190.28592837651766,0.1320512606519389,675.1276768598066,0.0010693962280741032,-0.0009027935028966955,4.1438800150225136e-07,0.000986094887252754,0.00017096425499578137,True,0.0003431641338806912
1065,1,148.25329566856087,19.323421353781324,1341.1510849664835,76.11312978848673,-3.215675029574756,1104.6982263372352,-0.005358859205263469,0.004765063035681855,-6.000166246467563e-05,0.005062050022970089,0.003737178487442398,False,-0.15323437032151332
1066,1,115.97341240220207,21.860004803132767,834.8056305087454,1231.9834105650827,171.73968823805217,499.5121346666154,-1.694750817133467e-05,-0.0008489823609004517,0.0007195438082695403,0.0005500057472824708,0.0,False,-457.3015466087686
1067,1,94.03538060715947,38.08091270918634,110.68407455375927,652.8497885974165,82.26290789871376,496.57742977605596,0.0004079324539718529,-0.0007278329203527266,0.00034465979667274924,0.0005934545814460346,0.0,False,-261.65586189606995
1068,1,118.46192459352113,26.953139428252243,397.78517428538134,468.05804477845203,102.56871567052616,206.78872393917862,-0.00010777650953731899,-0.0002549888672962533,0.0004297357532208213,0.0002271256787954695,0.0,False,-450.2561417361102
1069,1,153.00206633188702,18.635516915296773,1497.1728714010271,165.86375502186002,0.3942207370259431,1164.8799710502012,-0.0018408108792880712,0.001144042578527317,2.844193186481896e-06,0.0014924274064479115,9.797059913986573e-05,False,-0.009920502196621328
1070,1,60.85870012840349,19.168363277234516,2096.6930109525333,4552.231697030274,523.592324762454,2405.5729971241763,0.0013917854755566021,-0.0041775088306893055,0.002377775045786327,0.0030278231965368808,0.00023170367970595408,False,-0.048914541290344005
1071,1,92.5555042852064,42.81427677099553,-38.00946866071846,110.31141304767135,-8.186514456383916,129.4320120044524,0.00014021000296528946,-0.00017050260273836215,-3.429932736477917e-05,0.0001563000057588204,0.0,False,-377.5670333315411
1072,1,1.737940747358154,56.392357942396465,-447.87160332979494,433.11747979320006,0.12390986873788246,762.9603832041356,0.0009782238023399387,-0.0009720422153427152,5.178104325888853e-07,0.0009751330432119765,5.2355281167352776e-05,True,7.545047259327475e-05
1073,1,33.779308426430724,19.313508458832036,2876.770953301753,4905.550956744708,280.3608982012704,1982.0225199563347,0.0004947193401220489,-0.00375530610476818,0.0011746379095668943,0.002204681978245733,0.0,False,-434.4906264170343
1074,1,56.691482962825944,58.30209108996457,8.934251596720879,197.19530319184113,-35.19671018548442,175.27973875491614,0.00015400957421245892,-0.00024037239830464185,-0.00014746489378925087,0.0002105249600087566,0.0,False,-369.64287437652735
1075,1,116.69951352727367,27.07936974078774,416.2754698240201,554.3145913842719,99.28752197579998,230.8367086065224,-5.873892484960924e-05,-0.0003479126046107107,0.0004159884206677237,0.0002533119535257876,0.0,False,-451.81362401566355
1076,1,90.78656251776914,37.91815551333979,186.59681584223264,891.2749685638424,130.74147939299468,659.7928109112354,0.0005123038412214245,-0.0009639035713331955,0.0005477721716300741,0.0007872805530580464,0.0,False,-211.3177835765075
1077,1,66.97707470131154,21.692649738726995,1654.2678587071978,3894.1792110666233,393.28233403288533,2129.4994203965757,0.0021735200832337827,-0.00449817245422985,0.002401465906816957,0.0035453673933759007,0.0010590656688941218,False,-0.1100667479682329
1078,1,144.98116760829944,19.327725288248867,1314.7417410872588,69.10880929341495,-28.084013673976898,1088.6769996224796,-0.0027341759427889443,0.002154379213615538,-0.00018186608655120558,0.002445968458026713,0.0011412374625873352,False,-4.746735354187933
1079,1,115.62331544468778,28.438310222772998,321.57801681972984,453.19148421403315,76.5292649298152,191.2183086659802,-2.4447557936124742e-05,-0.0003001603431404126,0.0003206373511947889,0.0002114390283901698,0.0,False,-445.5216083732756
1080,1,9.996279637268684,54.34269638491694,-302.7338871419004,678.6719374414779,0.38283467190684917,850.7536530973135,0.0009597247038261188,-0.0011172327901404627,1.6204896516949785e-06,0.0010384790630689976,1.0521130588039014e-05,False,-2.2247783907840812
1081,1,47.416006435896655,56.73330702489266,-247.88360641067277,379.53224542625776,-134.43052355844742,591.2918052758191,0.0006295979153429142,-0.0006847552083615732,-0.0005632282896358867,0.0007149738177090665,0.0,False,-118.84479979246737
1082,1,28.6631754693958,58.326823348947464,-581.7939587633374,200.92513074868836,-0.032042104522926405,678.9237759399231,0.0010969323690552951,-0.0009373584174705227,-2.2455471969037855e-07,0.0010171453994597642,0.00019729899168592383,False,-3.2553351957176346e-05
1083,1,27.059181028082463,21.886246180960214,2679.9582830479903,4583.879052144232,180.1379506896925,1828.5699585753862,0.00047255321179179776,-0.0035159086716957666,0.0007547303036527613,0.002029621025418598,0.0,False,-448.4733191286518
1084,1,37.600936055121515,53.99149838380476,-227.73756199705676,793.9556383388234,-52.64998659130566,891.299522648467,0.0009909864305581925,-0.001228216808196514,-0.00022922109429510465,0.001115504966928568,3.968217840443739e-05,False,-4.912023804491525
1085,1,144.9246704331979,16.6610586215822,2004.0178940398694,460.94639698802945,51.88709470530669,1361.8515099347849,-0.00837733506969638,0.007344580316609728,0.0010732642711836237,0.007879253131007534,0.006260105149507871,False,-0.009823241129765847
1086,1,113.9419247231749,28.567292873070485,342.0339350909741,537.5901541225393,76.85978409553356,232.6829188366096,2.05625928957065e-05,-0.0003891017893341115,0.00032202213896078205,0.00026053942314389564,0.0,False,-436.1553319855944
1087,1,132.87586826257137,20.149037425410803,988.199823328538,485.7594025949843,277.7748771396023,665.2345356314545,-0.0008350480115857789,0.00021749813389824118,0.0011638031662290719,0.0007845844757096078,0.0,False,-265.76221082687846
1088,1,29.790941836910672,51.121002842711846,-18.266627239916186,1070.5278759019513,-10.509593680265349,948.9515238336943,0.0009200053529651708,-0.0013608749468980719,-4.4032414042712714e-05,0.001140652641669525,0.0,False,-39.195997394697145
1089,1,112.79659457630606,22.068985814938717,858.4405180294474,1411.6903439984246,181.0409136579667,615.9759784380198,0.00010393020723385715,-0.0010550549137545804,0.000758513479339056,0.0006925657385785886,0.0,False,-416.5392727104975
1090,1,54.710852108211355,19.218606244040398,2299.782680110003,4782.460427694517,524.7170315986579,2439.3302693348137,0.0011168044115165763,-0.0040840766996884485,0.0021984253905076205,0.0028232179569826787,0.0,False,-45.27306343110655
1091,1,16.809059566561576,16.642683305419872,3291.3282069746915,5114.060471369649,120.9858641802969,1800.606288749578,0.0001483737395006172,-0.003670008978070743,0.0005068987276744452,0.0019259408673402733,0.0,False,-651.1691809431654
1092,1,141.81050213924289,16.682061949723366,1972.9815410482563,589.8666665511336,180.45373004598272,1264.1707252012573,-0.0019956643655844406,0.0009218988439207794,0.0007631241681456438,0.0015078572194894965,1.0663483622951881e-05,False,-71.71159535905662
1093,1,86.55129403123044,39.42894423334824,209.1544010910596,952.4588407083098,143.10977027800823,699.5075337323716,0.0005352195928178434,-0.0010219047756755764,0.0005995920346826729,0.0008342881557068485,0.0,False,-200.11700099290306
1094,1,120.50847457637211,16.614116420755497,1157.5942255414457,1592.309133677496,186.99053386153892,567.6696685826249,-0.00012073325541735241,-0.0010314034205983645,0.0007834408122285147,0.0006006454145367478,0.0,False,-524.8065942785139
1095,1,75.0141619890079,20.088446874036492,1584.0756371485502,3711.98534528685,444.9147555347301,2066.4776390917586,0.0032776185732116755,-0.005496527858086586,0.003692088974962709,0.004759652471475864,0.0023438421400237275,False,-0.005223393493849926
1096,1,38.18945623578683,16.62559013042211,3125.040346362492,5202.095604493538,393.386966635746,2096.017833176612,0.00043115314614976615,-0.003920002564434501,0.0016481872012271274,0.0023264284358238377,0.0,False,-449.49156940067627
1097,1,21.73080080920054,22.069229590733737,2706.5979405547046,4530.31908390342,138.32184440600608,1753.738174480847,0.00039418886266641157,-0.0034262654253602205,0.0005795318933664788,0.0019320797202968887,0.0,False,-491.42248218200547
1098,1,137.0762962672721,17.630683764330957,1585.6398151604699,580.5503202224262,182.48762707329354,951.0429373887041,-0.0015065528436484094,0.0005989765487101976,0.0007645748253856386,0.0011200255226667254,0.0,False,-198.53878971464798
1099,1,61.56931670721227,21.593162415230996,1856.4971363209454,4209.155016552694,441.3137688923819,2259.0803912877936,0.001454608067605983,-0.003995955670186586,0.0020498034450997567,0.002911629235637761,0.0002796882852061406,False,-0.13666527701644782
1100,1,173.63151286880648,18.615684438627365,1148.5728590156498,168.48655865291713,20.982021810065174,859.7057973129182,-0.0013024820121614726,0.0007506689986238416,8.790911427230608e-05,0.0010275160686652178,0.0,False,-128.74013480128997
1101,1,148.00847457631835,16.656754687114656,1886.9951898180527,392.80485548757025,20.122849546226213,1314.3984312575524,-0.005776479388538059,0.004821303550313348,0.0003868302916542423,0.005302420223198819,0.0037410245602086333,False,-1.0720199952571647
1102,1,112.7637587405167,29.823009660490936,261.6893750166829,454.5854059633021,56.50199564894624,206.4329945087247,5.199573892778614e-05,-0.00035209590154097227,0.00023672839715256112,0.00023416361155992674,0.0,False,-426.82350552328836
1103,1,44.53730335912851,58.38757449705022,-388.610475684854,191.9851229153434,-78.81700818415325,521.3841333088889,0.0006493258542688458,-0.0005669450391028175,-0.0003302223895191164,0.0006301511153292555,0.0,False,-115.27908029447661
1104,1,175.4237288135671,16.63408237309368,1268.4207849361649,421.9245559636568,55.400409506022875,758.4175558911,-0.001240753715407348,0.0005325437865551109,0.00023211304297002,0.0008942120127776045,0.0,False,-242.47110580312705
1105,1,18.038803550321628,55.76435475968327,-404.5529561243332,508.222752859015,0.17086671024619984,790.554984195526,0.0010026092475111225,-0.0010460441466368375,7.48464599021649e-07,0.0010243267654358658,6.825458392781326e-05,True,0.00016513231940962214
1106,1,50.33898305076474,16.585568771551934,2720.1557344045427,5142.8003429239825,585.9878326799894,2459.738030213417,0.0008903746448265965,-0.004184744989959004,0.0024551338193984293,0.0028188881397875768,0.0,False,-152.11654237580575
1107,1,107.72416110785002,31.20013382896832,254.54194560418628,603.9835345643618,56.70393355220554,329.5432237402619,0.0001861672079133958,-0.0005458666459609799,0.00023757446348375913,0.0003848100794280754,0.0,False,-374.0022800144686
1108,1,116.22672402266683,19.347459814184223,1008.2549036613058,1526.769599796978,195.9774351961117,617.3557120744724,1.2055748632071664e-05,-0.0010741638751745183,0.0008210935486295285,0.0006808207706040485,0.0,False,-457.69621623245916
1109,1,85.54289270183875,40.79197806233288,178.65075261157676,838.2280353270035,124.27212655011323,618.8317646268297,0.0004778408912006586,-0.0009038861711988672,0.0005206672966337235,0.0007382858709116497,0.0,False,-226.5200998373019
1110,1,115.06843350566233,20.425766313629122,946.0762857043628,1467.4142128403103,190.27824938244305,608.8610072361347,4.047266077945866e-05,-0.0010516612581047697,0.000797215469505978,0.0006760748852007926,0.0,False,-443.6510677275057
1111,1,149.7826428123245,18.642689626305057,1486.483642808135,159.79229329195437,-8.386868203141123,1160.7737574193307,-0.005569784320796623,0.004880038305372375,-6.476849218488637e-05,0.00522501167166097,0.0038353760590855543,False,-0.016513540870676024
1112,1,62.18068632620134,20.079971968620523,1972.8144625747682,4369.910478196256,486.5878779399029,2328.552526076719,0.0014689954628957086,-0.004126429225301644,0.0022776309450590563,0.003020611699771217,0.0003108131158266695,False,-0.153100500077187
1113,1,43.07927870147387,21.94522338621904,2382.3547552805726,4626.91504735567,326.80380191294813,2142.4843021749166,0.0008826790843685416,-0.0038193774903810297,0.001369221375664002,0.0024486783786218684,0.0,False,-214.26872815156213
1114,1,143.34534206390413,17.343120571305565,1861.843042247794,390.39480514100745,100.38839425369612,1305.6910730253594,-0.005715206113139408,0.004771578105853968,0.0013662955792033632,0.005287707605037347,0.003744606597784054,False,-2.1976671231649334
1115,1,3.303109366497092,19.161964142403274,3050.5406232720657,4798.400552540585,21.25586003290637,1705.4837905497081,0.0001865183089543495,-0.003475016781537831,8.905642389965202e-05,0.0018313089762205187,0.0,False,-621.6636219706413
1116,1,76.30414751547359,19.10588434494045,1623.2545203115806,3762.947576333538,461.95464110496505,2089.0267547510566,0.003332585683199203,-0.005589261707530532,0.0038851734255041224,0.004865540396752308,0.002424423953071431,False,-0.015629593107234996
1117,1,18.78253294141467,54.27204825648051,-301.24786515762156,687.3308700861184,-0.0739323863763808,857.0044072798131,0.0009776079862040734,-0.0011393665398176794,-3.376120715822134e-07,0.001058487276471349,2.3016498641097422e-05,True,1.6164877877145045e-05
1118,1,151.0962021343802,16.65260160585707,1782.531621845764,379.64403698568213,32.1065170534755,1235.27839085943,-0.0019223790238492593,0.00101648468826224,0.00013451780300722935,0.0014709703394096421,0.0,False,-30.474006593901095
1119,1,146.49246704335764,17.317813308696856,1802.866962924191,343.3659119555491,-11.301181102304588,1282.2066112561556,-0.0074625641870189295,0.006563349455661264,-9.400197218723937e-05,0.007013114320376816,0.005487313070310977,False,-0.6745554447736595
1120,1,172.29441305713644,16.648268732200354,1333.1989579160656,408.73820751239055,59.81332943625716,825.861437103982,-0.0013332241933900286,0.0006033986564755183,0.0002506020087109383,0.0009763848408019389,0.0,False,-210.16926798938715
1121,1,35.9167870820856,55.76173072053411,-398.32832721855203,518.9613926253352,-2.945537070380135,794.5041689815423,0.0010232806459480326,-0.0010738227053732896,-1.3637815534799785e-05,0.001048573847677845,8.775476672881107e-05,False,-0.00998077466806535
1122,1,82.33493417378712,19.06703198034346,1552.715513700802,3602.208778240631,486.31779066686977,2031.1485435977816,0.002823608436605952,-0.004983385186184883,0.003656825593698298,0.00431049657374367,0.0019343979178917455,False,-0.009355872956746225
1123,1,53.75537757019965,53.84787911016621,-65.85800248700002,694.7407518729534,-138.84373629770872,704.0387299733659,0.0006649342258535588,-0.0009284194418165553,-0.0005817184821690705,0.0008481114759827996,0.0,False,-122.02254468299986
1124,1,154.18458359493232,16.649581976106372,1674.3984698874565,395.11041348510736,50.79698396545215,1130.4880005395075,-0.0017735042393443102,0.000906434828384686,0.00021282590917741322,0.0013441882563797894,0.0,False,-78.55787316800286
1125,1,169.19910023018952,16.648527337704987,1389.2870605899195,401.994202749087,57.785122325283446,879.2978090999525,-0.0014093736007123202,0.0006588741936572227,0.00024210435808887207,0.0010411848369910244,0.0,False,-185.8588164400054
1126,1,157.27307403923274,16.647859564245383,1605.0522414918414,397.96208685087544,55.18341456929405,1068.6703293342644,-0.0016839519889520526,0.0008447420354342301,0.00023120389165647777,0.0012696208792868046,0.0,False,-105.229154128821
1127,1,166.1094545581566,16.64757296024784,1439.1242639523055,403.70272346121436,58.61203122533894,921.0534992893649,-0.0014705833556511387,0.0006984876554030693,0.0002455688873723641,0.0010914638254932024,0.0,False,-168.77554376329402
1128,1,160.36158264749128,16.647461664671237,1543.0401753005874,400.0495786540239,55.12014317168442,1013.2577640886277,-0.001604258541382971,0.0007901553974247331,0.0002309388012579907,0.0012027625327016033,0.0,False,-129.1022071959407
1129,1,163.2300567006375,16.53840792464045,1499.264056720661,410.78893050752566,58.187410768925616,967.0697615708464,-0.001540236430586773,0.0007399748169044572,0.0002437898401211935,0.0011466033336917161,0.0,False,-151.47645929806646
1130,1,149.61315128691805,17.309356292971724,1749.0830864619845,311.30282217827744,-12.5268271845559,1262.2724473725802,-0.003980820088448182,0.0031175729622783845,-7.710592624510845e-05,0.0035494059089679125,0.0020433050483294247,True,0.007887406038094014
1131,1,134.226466106358,19.238034218633388,1159.443134508916,519.8100424743064,275.03854776308543,749.6568481047044,-0.0010217546149960818,0.00031819200904769664,0.0011523386708613532,0.0008836488793136147,0.0,False,-246.02485458175315
1132,1,3.3168881157788417,56.64921671545605,-465.77098567920933,402.0839011876222,-0.13516167427034223,751.6113980956685,0.0009813729444901303,-0.0009546897428476878,-5.65799234939629e-07,0.0009680313850065126,5.9010816120722617e-05,True,9.325834594164917e-05
1133,1,173.81983678594744,17.282351105294033,1252.8358682801274,328.712838485472,44.573790043001246,819.4363685135974,-0.0012992711952767365,0.0006366441746357548,0.00018675237486219328,0.0009724511258901507,0.0,False,-190.52191108653105
1134,1,9.369073907983848,56.75309043643836,-472.9452833051725,389.6453329280087,0.03476816629442676,747.0718311206487,0.0009931020558189966,-0.0009582015828194512,1.4760707024632364e-07,0.0009756518221106715,7.214526444352041e-05,True,0.00010872617679069663
1135,1,152.73841284791004,17.30218358196344,1672.2947384050465,318.1259148490688,26.691167486169576,1190.4137520427782,-0.0018353689479945548,0.001001435410793967,0.000111828922581587,0.0014195038462405899,0.0,False,-31.99129854991469
1136,1,7.412963148727349,20.150595113872654,2949.802425690205,4691.758637501174,47.13718387815834,1693.0472173087294,0.00022377794317055965,-0.0034253896410511298,0.0001974923161137876,0.001827253900848097,0.0,False,-595.7676206931824
1137,1,83.6568804036623,20.007321537837708,1459.3289067429253,3456.9827752762963,466.20458319030035,1971.4733271237192,0.0022937010617388245,-0.004353505447441923,0.0030794733410897807,0.003662939749510547,0.001353856115241443,False,-0.003376010074759961
1138,1,170.6460556601918,17.29679606990534,1310.604078038902,322.215153010058,47.915101566214254,875.3473925401789,-0.0013773259611956391,0.0006932179487854804,0.00020075158519437458,0.0010401265887042255,0.0,False,-165.09737358697458
1139,1,6.122734497922965,19.152373100820856,3049.954032080779,4802.838176937086,39.64763715491948,1710.506176294751,0.00019097410165631298,-0.0034810860551577373,0.00016611309895821463,0.0018379077341440953,0.0,False,-619.0304907126485
1140,1,83.97633982979819,40.886532797121625,203.68043821372711,916.7764259913953,131.6175443986875,667.7598263331819,0.000512199955791777,-0.0009816417064687916,0.0005514426519771555,0.0007961865218535505,0.0,False,-212.78164234082377
1141,1,155.86443729514065,17.29744154035176,1587.1463308460677,319.9358242281105,37.49772805887173,1115.7753866047412,-0.0017268275569997868,0.0009278106433071753,0.00015710554925159456,0.0013296415050808462,0.0,False,-63.70317633763432
1142,1,146.56779661019365,18.651146642030195,1452.0551467577297,154.93611229957523,-0.15221203998214605,1134.7742598145335,-0.0036503291554037046,0.0029770423792013345,-6.181569941871978e-05,0.0033138299080666383,0.001956340207078432,False,-9.583418175931058
1143,1,167.51194461883392,17.296100297952822,1363.3429095256845,324.14845154068183,46.33990309675779,919.1638982922711,-0.0014419944802316238,0.0007349802933416289,0.0001941519208004195,0.0010928076378215893,0.0,False,-147.2870435350813
1144,1,158.99058889007765,17.29532122891662,1518.1793320990546,319.576635931055,43.465235368803796,1056.8478923114706,-0.0016404425001373853,0.0008704714227044509,0.00018210782437924633,0.0012587545419601393,0.0,False,-88.23756250543289
1145,1,164.59374854690387,17.185980884888284,1422.2970437983768,334.05294964324156,48.68385571952496,962.3743620678131,-0.00150779569802547,0.0007719315678988006,0.0002039724614913509,0.0011444170101022387,0.0,False,-131.89220426325642
1146,1,161.89672409386048,17.185869589311686,1470.185405441275,333.0866224811953,44.508528754590536,1004.0946962909134,-0.0015687972946000286,0.0008132740747612003,0.0001864789473482758,0.0011946797067137495,0.0,False,-114.1961803003822
1147,1,3.2966238283401577,17.50935980238884,3213.474987267333,4985.91452553608,21.627556111475972,1740.6491820555104,0.00013884953612994984,-0.0035741765802492897,9.061373202473615e-05,0.001857065816640982,0.0,False,-656.4007897050237
1148,1,3.3708337852538044,58.36921760031169,-584.7367960153198,195.8229970273106,0.1838811502045472,677.1025282431979,0.0010099096694279714,-0.0008469650880773144,7.99058370166885e-07,0.0009284374647162017,0.00011085268018949678,True,4.711722863248724e-05
1149,1,143.32650967216966,18.6764539046389,1538.1456129044782,193.16487473212078,53.54242003898597,1181.230130761103,-0.005970721609918739,0.00524534836955028,0.0007189379458657011,0.005619543966247434,0.00420786117358789,False,-0.20890333865617094
1150,1,6.807825745685367,21.598628374605315,2807.0147979180524,4526.064157273871,41.6914630995174,1661.1149956710283,0.00026440744848452,-0.0033367733132963345,0.0001746761883565011,0.0018027073146936036,0.0,False,-566.0848623374736
1151,1,117.29023407113652,21.580572861304443,841.2066273738366,1183.145996801587,170.73846701717733,464.89440424861226,-6.591621844251327e-05,-0.000782233915882067,0.0007153489565286516,0.0005061707155870771,0.0,False,-472.53127701292385
1152,1,9.079115284556467,22.905463429283873,2673.9883067074325,4382.016678166397,53.42539705271347,1641.479689456416,0.0003109070210069421,-0.003267186230590473,0.00022383826387489868,0.001792543924531662,0.0,False,-533.7513530192932
1153,1,36.073605933710816,54.189787349598454,-257.2719055966821,726.9310981660022,-30.091747515907457,855.2274562003664,0.0009325000982704987,-0.0011292748609809736,-0.0001260764522587974,0.0010328130584005238,0.0,False,-12.485118387645002
1154,1,10.664571592016948,55.765440151078735,-404.60250875350124,508.13672350780035,0.007793234590815656,790.5231641768406,0.0009820892557399468,-0.0010254673496067762,1.0855313055564697e-08,0.0010037783026880358,4.7744394561142014e-05,True,9.081031328150857e-05
1155,1,58.73947827136116,56.66618640022409,8.695862893273366,358.3391724819949,-35.14039806455694,311.0297780847546,0.000289339236509905,-0.0004431171953683255,-0.0001472289609168835,0.0003735534739272458,0.0,False,-313.4145801886697
1156,1,11.510814094443171,22.40028873061401,2718.603612013841,4446.480884367768,69.25375705068637,1663.4129097243783,0.0003088467172741652,-0.0033108273531964293,0.00029015490010761663,0.001815642464975802,0.0,False,-537.3642588997852
1157,1,117.5510054050056,20.081340807904343,946.2923799540084,1351.0942584806617,183.98640175528976,526.5275514170067,-5.726891278198809e-05,-0.0009052752421809232,0.0007708542943510649,0.0005730032892183372,0.0,False,-477.27115921155234
1158,1,178.88888888888889,19.395710977391705,1054.5168224367233,71.00380689677013,-2.778059577635368,859.1650065720625,-0.0012659464297241601,0.000794383095572764,-1.1639333858116135e-05,0.0010301812009184245,0.0,False,-101.76220015049108
1159,1,178.15819209039634,18.60166964748878,1090.6961596263247,170.3523345390523,-1.615890456823072,806.9602429082097,-0.0012281721782795804,0.0006998262582342332,-6.770153043699951e-06,0.0009640051615748674,0.0,False,-151.54050037404437
1160,2,178.98305084745934,15.333333333333334,565.8897044427764,610.1898720545169,52.63101960823999,130.61588331478617,-0.00021906497755068728,-0.0016720134807643083,0.0006674922500101163,0.0007994693954139629,0.000677010488359863,False,-5.569042321191645
1161,2,177.9661016949187,15.666666666666666,562.9722009454091,547.5076594444214,70.26466981916195,141.48230264041814,-0.0005488151648820031,-0.0012476612432124115,0.0023555161659151646,0.0012284993130935674,0.0010834261524715382,False,-3.4692711864519055
1162,2,1.0169491525406518,15.666666666666666,3986.0262209236475,5193.7607754932405,6.6529246017194446,1203.4810753666761,6.274746157083718e-05,-0.014903048554241457,9.601627879332131e-05,0.0074830520095863365,0.005272255631738022,False,-10.103944962464652
1163,2,2.0338983050813035,15.333333333333334,4016.4705251634805,5231.907964603164,13.211412731613814,1213.489188065307,3.140947930687525e-05,-0.014978397596335475,0.00019093189052525226,0.007505510699393192,0.005280318248788763,False,-10.733438030247157
1164,2,175.93220338983738,15.666666666666666,557.2049472207806,539.5217615324262,72.56200638202334,145.36525790814355,-0.0007074497417299649,-0.0010652003959359367,0.005525496342094067,0.002768532795411665,0.0025680435697386923,False,-0.25800407408476644
1165,2,172.88135593221546,15.666666666666666,539.9517392606481,528.4980865157239,71.22913664548544,141.7994529926977,-0.0008133079096036421,-0.0009140701824707446,0.010012116583295885,0.005006311803941645,0.004769953386979287,False,-0.006355876419803508
1166,2,174.91525423729675,15.333333333333334,579.3537646306245,568.5928928531865,65.63159232668926,136.57282079795345,-0.0003092449606383801,-0.0015457836064960149,0.004495572182865363,0.002331265593730811,0.0022114146363638896,False,-5.677754346539885
1167,2,168.81355932205287,15.666666666666666,520.1602160578678,516.594808897482,69.27897643212259,137.17676786966146,-0.0008882582641890698,-0.0007887124105730547,0.016100724006962108,0.00805051586740468,0.007808333377816013,False,-0.04346286369325014
1168,2,171.86440677967482,15.333333333333334,573.0954772768437,561.3668203948831,68.56666568431912,140.1199264039763,-0.00037337565849804733,-0.001460508087598315,0.007912794792214432,0.003993562893648267,0.0037898851095135356,False,-4.316497598230882
1169,2,169.83050847459353,15.333333333333334,565.5573467600557,558.1393162785803,67.15954739431766,137.44957498515433,-0.000385443817746476,-0.001431066848591895,0.010244085486734429,0.005148655527954782,0.004925669289249235,False,-4.6812284592677145
1170,2,166.77966101697157,15.666666666666666,532.9342587634593,524.3867686349845,70.58937941424067,140.5143116675933,-0.0009738584567999519,-0.0007350994469189062,0.019205841074705344,0.009603662546805234,0.00935492293166001,False,-0.002333640508553003
1171,2,162.71186440680898,15.666666666666666,513.4057283677838,511.7860701663498,68.53021240189103,135.68932067900505,-0.0009796596101564817,-0.0006785296722552352,0.02555753237626171,0.012779653168251144,0.012536142472740855,False,-0.03694598665715887
1172,2,165.76271186443094,15.333333333333334,565.959693373968,559.2526189572613,66.10874903120458,136.02558324106317,-0.00046968782428485423,-0.001349089178601789,0.015917170408438538,0.0079707223724272,0.0077448040551722636,False,-5.0969689589495175
1173,2,163.72881355934962,15.333333333333334,558.7819358358507,554.3495914030391,66.27731415473393,135.5877867481579,-0.00046194702001556547,-0.0013377114946872613,0.018765017096567024,0.00939272098554979,0.009161242798389467,False,-4.887893015033015
1174,2,160.6779661017277,15.666666666666666,527.159123280128,520.6177305662183,70.00311484315182,139.2448453410869,-0.001069687474973968,-0.0006238438094389226,0.02892164046243809,0.014462538363066093,0.014212816921611984,False,-0.0031082185335691292
1175,2,156.6101694915651,15.666666666666666,509.73755560526024,511.37190716568693,68.24429919232732,135.25846461836974,-0.0010623396990767026,-0.000588947163603086,0.03587655697503422,0.017939840027683625,0.017696034167036676,False,-0.049696631640514966
1176,2,159.66101694918703,15.333333333333334,561.0602603516348,556.5768862206318,66.14724657086254,135.8196579472788,-0.0005140470715655453,-0.001292336094157143,0.025011775005672907,0.012511940524326057,0.012279188625310933,False,-4.7981319751048375
1177,2,157.62711864410574,15.333333333333334,554.4869629195483,554.2209295780245,65.85260372415969,135.14518012979636,-0.0005056389751354389,-0.0012860525067288008,0.028129755299185308,0.014070289429080144,0.013836419788377302,False,-4.544053254790242
1178,2,154.5762711864838,15.666666666666666,521.7332379945046,515.9212188316441,69.3427795917575,137.89103181328633,-0.001164709428959362,-0.000512484822236857,0.03957845514067193,0.019791914436581133,0.019543540503821243,False,-0.0018869846750106944
1179,2,150.5084745763212,15.666666666666666,515.1290502078512,512.661010737207,68.17510062330928,134.36030581606997,-0.0015598029841901156,-0.00010464986246290518,0.04694519600447261,0.023483871585122114,0.02323588420779495,False,-0.5594649220794992
1180,2,153.55932203394312,15.333333333333334,553.7479766880532,546.4380619645466,64.23662910701789,132.0936640452986,-0.0006133099930945079,-0.0011657485246151244,0.03491366904534134,0.01745901969283166,0.01723193989384026,False,-5.517814731340337
1181,2,151.52542372886182,15.333333333333334,548.046708368496,540.0247379378959,68.7932716749666,138.0255940822762,-0.0006438615426219265,-0.0011165295603819884,0.03874890750434111,0.01937589512664509,0.019131038171431376,False,-3.635320640788791
1182,2,148.4745762712399,15.666666666666666,605.9200744733811,484.92156371349074,40.65415685137053,141.72703489389926,-0.0036071671539774134,0.0018365570625013998,0.04940237399286422,0.024850697623386275,0.02472792053219203,False,-0.07327773162482742
1183,2,144.4067796610773,15.666666666666666,749.8393296815511,680.3830009418156,88.17481608410638,188.67034490936936,-0.007475948329568757,0.0051641411894636,0.08215241942512332,0.04155957134178158,0.04134727013317311,False,-0.8958834775495745
1184,2,147.45762711869926,15.333333333333334,669.3574883852946,578.193422406182,65.40987703251369,159.8316549760666,-0.0034758534519606036,0.0014585708842165543,0.05446246238961024,0.02734277031076573,0.027207606828293273,False,-3.2894624813048097
1185,2,145.42372881361794,15.333333333333334,669.1336007511378,627.2160991636548,82.16879041677701,169.42464793433354,-0.003742643525833517,0.0016473748995895097,0.07653960843756251,0.03836457988301771,0.03817258254363807,False,-1.9092232266943512
1186,2,142.372881355996,15.666666666666666,680.9813502107253,634.820702103451,84.13947204127324,167.500110460344,-0.002585466428085296,0.00044358562504542235,0.0832453882412659,0.04165023955447215,0.041341425527687416,False,-0.7623257982858718
1187,2,139.32203389837406,15.666666666666666,791.6217824524097,777.3305053081173,100.84807384351647,200.0932853069714,-0.0011105072938033095,-0.0014314397087333505,0.08650214103464685,0.043251368189899164,0.04288329968844454,False,-3.8415080754365505
1188,2,141.35593220345535,15.333333333333334,764.6116080553378,760.2403599045011,102.0199622891932,200.87790177743778,-0.0007700057576988661,-0.0016989482434042566,0.10731468844438921,0.05365935447351671,0.05328770322282356,True,0.050688139742675276
1189,2,136.2711864407521,15.666666666666666,863.6586957135579,856.622832377614,105.98336661391075,213.8797776436337,-0.001222050883702623,-0.0015612012729522753,0.08969243270900026,0.044846536957286534,0.04445911060034635,False,-7.0110603266563345
1190,2,138.3050847458334,15.333333333333334,850.8090168660278,851.141255445208,113.91111209141593,226.01638404499093,-0.0007100296767717854,-0.0020415002688935623,0.11296525787787721,0.056486552163663224,0.05607093461235729,True,0.07298610336694367
1191,2,132.20338983058954,15.666666666666666,1039.8195951921596,1024.6117544501228,123.82250530825935,252.14610778842078,-0.0010728896512142358,-0.002266684585934071,0.09153077083796561,0.045769277786901826,0.045316874107966115,False,-9.558265911148723
1192,2,135.2542372882115,15.333333333333334,952.3335548939882,951.9591323395322,127.4446281979303,253.21722910689198,-0.00102687505252657,-0.0020509877205716555,0.11898947536101681,0.05949694121013045,0.0590340575556034,True,0.07245345601579345
1193,2,133.22033898313018,15.333333333333334,1020.7507015577867,1021.6378585608048,136.6814834589281,270.3889006391594,-0.0009223458829977644,-0.0023814595510430092,0.12480707776003014,0.06240780334159841,0.061910667909432004,True,0.0730805196476183
1194,2,130.16949152550825,15.666666666666666,1146.2948638578753,1126.843045165351,134.3318726837292,274.6046106044487,-0.0008334562928807908,-0.0028441915766344197,0.09133881135192283,0.04568047043202237,0.04519108928808915,False,-11.582330743730495
1195,2,126.10169491534565,15.666666666666666,1372.0176895161492,1359.3531210126093,158.98304850114073,325.31692298808804,-0.0003268589396463739,-0.0040935143487707834,0.09289015092250177,0.046483243839517706,0.045904613279239864,False,-15.78315765867228
1196,2,129.1525423729676,15.333333333333334,1235.5714673342397,1233.8040682482185,165.23663882054282,328.3140218418737,-0.0004250190639849029,-0.0035661900872727944,0.13073007741987303,0.06538390493386645,0.0647793466224977,True,0.0700265817111756
1197,2,127.11864406788628,15.333333333333334,1329.993274709433,1330.0693747222558,177.99591873070383,351.36673894709537,-0.0002405343985332331,-0.004064211897605436,0.13273061403954298,0.06639283924665941,0.06574165868752302,True,0.07246982954862347
1198,2,124.06779661026435,15.666666666666666,1505.604081695133,1491.0837083789995,181.7988382848366,368.02855034402694,-0.00021641213070775606,-0.004632859737603459,0.0934403371183954,0.046772325178100344,0.046113147546029944,False,-13.877195309845746
1199,2,121.01694915264244,15.666666666666666,1694.1290683247053,1678.6314614289822,201.20007267574917,409.11547262638084,-5.3662470885934604e-05,-0.005404232345770975,0.0940793222135953,0.047115675380268916,0.04638853500742111,False,-17.132556312976277
1200,2,123.05084745772372,15.333333333333334,1604.1519516970038,1601.5898861096557,214.48847104520644,425.9994326136032,-9.23227154387557e-05,-0.0050894907380090795,0.1343953506227091,0.0672441111868666,0.06646185592791783,True,0.07003195741452828
1201,2,117.96610169502048,15.666666666666666,1892.4985783035092,1874.8940301235264,226.9740675256131,460.59600707861847,4.648410692882126e-05,-0.006142321804031547,0.0942546810856862,0.04722882124605682,0.046411338529901,False,-17.835514899189462
1202,2,120.00000000010179,15.333333333333334,1800.722829338535,1797.3113353414474,240.72426053512592,478.0914649547961,-3.224522886793174e-05,-0.005783729996152855,0.1348391628832315,0.06748088511585881,0.06660419138321874,True,0.06880564732739458
1203,2,114.91525423739857,15.666666666666666,2093.019721542815,2074.8942893132376,253.29833974632584,513.3612429023915,0.00013690627680856964,-0.00687952917819945,0.0940074158789585,0.047134447611947655,0.046225216527613834,False,-18.149115425767263
1204,2,116.94915254247985,15.333333333333334,1998.8903299045803,1994.734051302544,267.1809255198248,530.7047403763345,1.4639825740597745e-05,-0.00646991666691472,0.13479702721789208,0.06747645518936138,0.06650479989362905,True,0.0676897247360273
1205,2,111.86440677977663,15.666666666666666,2295.6860086313927,2279.5776285984794,280.0721293637128,567.2281799646979,0.00022318519140911193,-0.0076230642007954,0.09336689234401907,0.046847999465036705,0.045845848630977966,False,-18.20436867375423
1206,2,113.89830508485791,15.333333333333334,2200.447703496363,2195.9217017707697,294.11857191499297,584.3584452952825,5.95762276759601e-05,-0.0071655166187000385,0.13433602292816296,0.06726508942756762,0.06619707227266847,True,0.06757758903000877
1207,2,108.81355932215467,15.666666666666666,2503.67850063882,2496.6627434833003,302.5051665762023,615.7698160329074,0.00029857037390174383,-0.00838314503743657,0.09230154567916836,0.04635446989570443,0.045275089246588386,False,-20.081136977017195
1208,2,110.84745762723598,15.333333333333334,2405.773044148764,2401.5555310688096,321.61002929973233,639.0197339575212,0.00010613151548821004,-0.007876212383443845,0.13347179729582007,0.06685513908350146,0.06568918315345831,True,0.0694408141069971
1209,2,104.7457627119921,15.666666666666666,2781.816054555014,2786.3469097449192,345.7090635242116,700.4050843937858,0.00042427656313641024,-0.009423337022729138,0.09039078111727823,0.04546281118762958,0.04422816536445968,False,-16.736866506586466
1210,2,107.79661016961404,15.333333333333334,2637.3575451614947,2631.337822620478,352.4554478061825,700.3282970469706,8.684427707992409e-05,-0.008602624812609268,0.13224623869685972,0.06626570478484226,0.06499033773708687,True,0.06138403686958327
1211,2,105.76271186453273,15.333333333333334,2738.5251511648844,2741.186809233239,366.5925841008323,726.9991171203067,0.0002846493896040534,-0.009144708018286794,0.13112539733904396,0.06573199869250879,0.06440518320105082,True,0.07383020592760658
1212,2,102.71186440691082,15.666666666666666,2933.5180401075777,2955.376224850319,365.3043671782968,742.505580651569,0.0004605673504648651,-0.009973663084424211,0.0892716597055299,0.04493968844837572,0.043639838248930696,False,-15.597710778152532
1213,2,98.64406779674823,15.666666666666666,3220.536028540881,3286.632579288797,412.1624591305903,836.7038768847472,0.0006707840157661148,-0.011178392423713487,0.08653690623713638,0.043672185437040045,0.04219322114956906,False,-10.910085181141994
1214,2,101.69491525437017,15.333333333333334,3092.6261440671174,3092.192971623061,413.7581248173542,822.1026114038577,0.00017759168217279173,-0.010174107726401361,0.12841835463156198,0.06441745005610493,0.06292615502053367,True,0.07455142845583396
1215,2,99.66101694928888,15.333333333333334,3208.473219941721,3223.248682853586,430.1740228530798,854.8652370988654,0.00040424946298516786,-0.010799830892124461,0.12667317002920309,0.06358384901421733,0.06203203879557765,True,0.039253781563502343
1216,2,96.61016949166695,15.666666666666666,3346.0193035873745,3445.627008995309,450.8500743513321,901.5914832449988,0.0008282364551795394,-0.0118056178023399,0.08591967203498169,0.04342178115876598,0.04180300590085284,False,-0.6798817872466998
1217,2,92.54237288150436,15.666666666666666,3617.799083632821,3767.130126710472,487.74658634721163,979.7085569456559,0.0017863712445515198,-0.013724892414235482,0.08623636295473551,0.043810128954253506,0.04202036431795511,False,-0.5268351079509443
1218,2,95.59322033912629,15.333333333333334,3480.194068052808,3559.9913239498983,467.68967783198315,933.3928610925977,0.001077827753358958,-0.01245687883240027,0.12201298607098791,0.06138069128871409,0.059698796808514566,False,-1.5079941049605168
1219,2,93.559322034045,15.333333333333334,3636.691175415677,3730.3042599955297,488.4732890122953,976.0112567174066,0.0011520164444526262,-0.01305930372696216,0.11534631326858279,0.058109236799472115,0.05634702370818636,False,-2.0450719170831917
1220,2,89.49152542387439,15.666666666666666,3741.5045512788743,3867.2534972828457,504.78274669644514,1008.7767810404907,0.0022020963796810754,-0.014504950801842805,0.08527636305898523,0.04344877306119681,0.04160290746256051,False,-0.2431302349710336
1221,2,90.50847457641903,15.333333333333334,3822.9786805771414,3898.3226754489388,514.1995679494815,1022.1933210558813,0.0013856903577590361,-0.01387179644021358,0.105445883483021,0.05327200307597122,0.05141586223223741,False,-0.8765167114710835
1222,2,86.44067796623237,15.666666666666666,3825.3404644817037,3938.967933209475,516.1889658448093,1029.3175398214387,0.0023536495141727592,-0.014908991395319976,0.08139744355451248,0.04160391384347192,0.0397216867933452,False,-0.024713676160274645
1223,2,87.45762711878105,15.333333333333334,3902.0517190686055,3978.1219710267264,525.0628638350155,1043.5034151752552,0.0014762117747594318,-0.014219472179634207,0.09423010048886374,0.04776417677752221,0.04586630399591184,False,-0.6420330487075034
1224,2,83.38983050858634,15.666666666666666,3873.6472754478514,3993.226455980402,522.795602019732,1041.571947516764,0.0024350466041433115,-0.015159491656389683,0.07457129492982427,0.03830941726296615,0.03640368936646927,True,0.012299917887162337
1225,2,84.40677966113502,15.333333333333334,3954.1470780930363,4033.7877687826476,532.2866138979272,1058.218766414353,0.0014122504508404833,-0.014329220643943935,0.08276134113446901,0.042122539983374355,0.04019579045105643,False,-0.5145101114621298
1226,2,81.35593220348902,15.666666666666666,3886.507732178321,4037.4442221888435,524.4720586465954,1044.2196197269393,0.0025309673129291707,-0.015358718535155894,0.06910773127429128,0.03569285426252302,0.03378048522673841,False,-0.13496151967081005
1227,2,77.28813559329431,15.666666666666666,4019.820746278219,4145.449710741786,541.0124691311938,1067.8740627359907,0.001948908749991948,-0.015181768578936506,0.05513602826687708,0.028867982778476797,0.026920232162548952,False,-1.5031486887339724
1228,2,80.33898305094034,15.333333333333334,4044.5396708840417,4094.2424454006346,543.3903750559524,1072.6034060449963,0.0010521051534918698,-0.014226452778739147,0.0676597806468119,0.034681696360123596,0.032737324916330565,False,-0.41988338630278577
1229,2,78.305084745843,15.333333333333334,4108.306645537751,4149.566620169427,551.4157615086007,1085.9694166598144,0.0010251720788079996,-0.014397382105040733,0.06133937272194187,0.03162425423419126,0.02965884097682574,False,-0.542341315847807
1230,2,74.23728813564828,15.666666666666666,4160.8346431734935,4276.933280921715,559.6612434453879,1104.7267720106931,0.0016543879581165741,-0.015325366957569884,0.04666228031402428,0.02482780941354551,0.022842788628590783,False,-1.71279117767574
1231,2,75.25423728819696,15.333333333333334,4247.343592565255,4265.521547328578,568.6470556620501,1118.664584410886,0.0008484942136447252,-0.014635172853701384,0.05282114843426571,0.027521889777807545,0.025529530435099076,False,-0.6798187708405976
1232,2,72.20338983055096,15.666666666666666,4287.607125875314,4374.269942759837,576.4443168355591,1138.1426451475074,0.0013989976831549978,-0.0154250628896988,0.0422714745590972,0.022748222873223832,0.02075607027250911,False,-1.295821736479411
1233,2,69.15254237290493,15.666666666666666,4426.828614589708,4547.388785318207,596.4974178456596,1183.2818211102692,0.0012851650524755727,-0.01580955576993239,0.037072318534918915,0.020411922260964062,0.018365221898495862,False,-0.7224126081325721
1234,2,71.18644067800228,15.333333333333334,4454.251069754528,4477.608928440026,596.8042463516666,1178.6669242955445,0.0007146011349563833,-0.015168919658724498,0.043525853074841046,0.023166711671577078,0.021129105598518955,False,-0.506282417311013
1235,2,66.1016949152589,15.666666666666666,4554.901594373664,4712.157331335714,614.3588118780353,1224.9263516382437,0.0012027228023789706,-0.01619492704290078,0.03283874694315494,0.01858131804350495,0.01648590331909145,False,-0.47530693303485805
1236,2,68.13559322035624,15.333333333333334,4582.463243417818,4643.80967526657,615.6605077640171,1219.748855288147,0.0007012033515689867,-0.01562614878262122,0.03741411994616107,0.020410774109888466,0.018329840103949693,False,-0.6930414082062271
1237,2,63.050847457612896,15.666666666666666,4677.763121362547,4876.179239203461,631.0696434551213,1266.2798939884565,0.0010738186598229491,-0.016523132516992316,0.028908416885772344,0.016921504495469867,0.014788327721807755,False,-0.2138664100338019
1238,2,65.08474576271023,15.333333333333334,4698.476674568095,4806.318452824776,632.8003228825193,1259.2020466631714,0.0006405487304631512,-0.01601015084807655,0.03159404711271407,0.017856578685565568,0.015747284538097307,False,-0.6532027520826205
1239,2,59.99999999996688,15.666666666666666,4773.544416863887,5039.437966222637,642.6861521100404,1303.5391448413716,0.0009259757864148043,-0.016787948513583284,0.02513891298091833,0.015376508543621393,0.013209419579907943,False,-0.0674988764204727
1240,2,62.03389830506422,15.333333333333334,4786.050806526923,4969.364092123551,645.6278561490955,1294.6005297029146,0.0005471198123129283,-0.016317825677593746,0.026350131724088663,0.01564253678479251,0.013510772904071267,False,-0.40843360324834066
1241,2,56.94915254232085,15.666666666666666,4812.174762744723,5161.148716804632,643.8056660403907,1325.3710405177537,0.0007716627517562398,-0.0168916436811073,0.021461415523100203,0.013897704400335375,0.011718830317909277,False,-0.05328328014786621
1242,2,58.98305084741821,15.333333333333334,4828.130273266282,5129.01156763871,648.547937676065,1322.8759791774125,0.0004454878610520305,-0.016539475822537744,0.021841511283719313,0.013834202240188097,0.011671013658449898,False,-0.23491763448305392
1243,2,53.89830508467505,15.666666666666666,4776.656554186765,5201.633132773799,632.5157219558149,1325.8643509423569,0.0006404577453251086,-0.016768465794338494,0.01793704682076523,0.01249808252753375,0.010353185179584818,False,-0.16363797751375841
1244,2,55.932203389772184,15.333333333333334,4804.9077369420775,5213.132177411782,638.0413865700529,1331.120067340578,0.0003382106765073647,-0.016530467428243864,0.018096311975316554,0.012369607998130932,0.010209737950339996,False,-0.18156638995014873
1245,2,50.84745762703586,15.666666666666666,4696.941935000539,5237.9953033430065,606.7066624429121,1320.0022148332657,0.000549370471716024,-0.016607307710845308,0.014737969719902239,0.011308838995722896,0.00917277174966262,False,-0.23022571630110633
1246,2,52.88135593212659,15.333333333333334,4739.527602486329,5251.217640624055,617.0541225198491,1327.3755848317812,0.00027869355168242587,-0.0164268338719865,0.015109274465390194,0.011262380092296728,0.009115812188802442,False,-0.259020526563404
1247,2,47.796610169410656,15.666666666666666,4596.554008355952,5267.157819254623,567.9093891230376,1310.5105145494294,0.000463261600910879,-0.01640607671656297,0.012021735784256377,0.010357324781716824,0.008211900672077787,False,-0.24729834753088653
1248,2,49.83050847449359,15.333333333333334,4653.106538928659,5284.847633825034,584.5935184961999,1320.3780737236973,0.0002383395970499873,-0.016301153323408032,0.012579530112326426,0.010389891769320894,0.008236980984484327,False,-0.24679124920419326
1249,2,44.74576271178869,15.666666666666666,4490.528842549636,5287.323537197301,518.3733794577361,1299.128514609756,0.00038166115674432937,-0.01618570095654964,0.009806930859144851,0.009626180190878622,0.007458883614919123,False,-0.22824835589085524
1250,2,46.779661016869994,15.333333333333334,4555.566929594101,5309.784654618611,541.2243554583887,1310.7761713291095,0.00020229652107456048,-0.016147762161548774,0.010436459360456481,0.009698506365772082,0.007527090511856807,False,-0.2156321919273978
1251,2,41.69491525416675,15.666666666666666,4391.189635423192,5298.042147062774,462.78151116043523,1287.404662153705,0.0003099613370208433,-0.015970762933111123,0.00804215799731906,0.009079348655243763,0.006886168506234359,False,-0.19257533740449162
1252,2,43.728813559248046,15.333333333333334,4457.917583300616,5325.251947542521,489.78616324169525,1299.905657109246,0.00017121568015878602,-0.01598384978947976,0.008653965335539214,0.009163477183321597,0.006967691804002062,False,-0.18151338784355175
1253,2,38.64406779654479,15.666666666666666,4304.044569956925,5299.482934840401,405.8229942880865,1276.073053199479,0.00025034374121144686,-0.015772620822020984,0.006627427098058241,0.00866974889103887,0.00645406137637777,False,-0.1538089447120683
1254,2,40.677966101626104,15.333333333333334,4369.516797588848,5333.603162874548,434.330066102613,1289.2987117236012,0.0001351702879272838,-0.015818419614452545,0.007187584414734907,0.008748977090098243,0.006527564854723024,False,-0.16053568670508866
1255,2,35.59322033892281,15.666666666666666,4232.430551243779,5295.442023391125,351.41159285370594,1266.072568225672,0.00020594341784352838,-0.015605938712604761,0.005509847803385793,0.008372186681561533,0.006138607621197975,False,-0.11801544660295349
1256,2,37.62711864400413,15.333333333333334,4292.919166079396,5332.38376009225,379.75242709078606,1279.018647026441,0.00011544962975468883,-0.01567292257102702,0.006012667555948635,0.00844726091536147,0.006205864311777235,False,-0.11959129921808653
1257,2,32.54237288130086,15.666666666666666,4173.885375344619,5286.215299041797,301.5743120781991,1257.1731516219272,0.00017058033220883865,-0.01546088207549806,0.004593902930466468,0.00814626541947447,0.005901629681226299,False,-0.09098600870311202
1258,2,34.576271186382165,15.333333333333334,4230.031936672222,5327.264835997564,327.95111400129946,1270.1095651136861,9.3448979137089e-05,-0.015540797818357014,0.005034012832674582,0.00821235286206832,0.005956129746228227,False,-0.09330844410033023
1259,2,29.491525423678905,15.666666666666666,4127.104546271286,5274.829474672547,257.04127712854364,1249.9595906998966,0.00014309605976108876,-0.01533827703974024,0.0038440075185910355,0.007975733615927563,0.005724606083283886,False,-0.06747424259901891
1260,2,31.525423728760206,15.333333333333334,4178.548696881729,5317.540403522688,281.10760884329625,1262.646938287469,7.972110345579237e-05,-0.015426683338105955,0.004229892995001752,0.008036488248209706,0.005771502422497868,False,-0.06828223142520073
1261,2,26.44067796605695,15.666666666666666,4089.4453477292627,5261.931422933471,217.84062457410042,1243.825375228937,0.00012222394039444135,-0.01523431514806866,0.0032144551132495727,0.007844679956036948,0.005591094405331842,False,-0.07676832840604675
1262,2,28.47457627113825,15.333333333333334,4137.295560553371,5306.347954925082,239.2726414280522,1256.2827699720447,6.655848288586984e-05,-0.015327414511704865,0.003552147464511155,0.007899242941064382,0.005629585001897507,False,-0.05348612938257702
1263,2,23.389830508434994,15.666666666666666,4060.7412663974937,5248.479428248752,182.86168529081897,1235.866486041621,0.00010564236000611086,-0.015150834883152327,0.002678641405081982,0.007744921201149029,0.005495166053500561,False,-1.2806451688834386
1264,2,25.423728813516295,15.333333333333334,4104.682602924243,5293.827909572198,202.60882392926962,1249.5313137335204,5.655597738793037e-05,-0.015244673882569636,0.002978043019899217,0.0077941705051857105,0.005524757435507346,False,-0.49195196886887516
1265,2,20.338983050813038,15.666666666666666,4038.6026388497703,5235.880904121237,151.98037767544028,1228.8689686968135,9.359135432785637e-05,-0.01508314782098383,0.002215944034510838,0.00766883009264654,0.005424951400010221,False,-2.711807910766538
1266,2,22.37288135589434,15.333333333333334,4079.6844865943895,5281.045593440378,169.84994541684364,1242.2692519719687,4.9878415703326524e-05,-0.015177276930131607,0.002484949720390365,0.007714292498976454,0.005450033977428888,False,-1.8781650993225867
1267,2,17.288135593191083,15.666666666666666,4020.73218587842,5224.280948615815,124.22218245256256,1220.9164625759588,8.331410664197441e-05,-0.015030352725600429,0.0018053656746893033,0.00761055632551541,0.005372518828974478,False,-3.9086403692398335
1268,2,19.322033898272384,15.333333333333334,4059.299177750451,5268.7828556898285,140.38821296679842,1233.9562138198194,4.403625831915975e-05,-0.015123537241292659,0.002047763406927928,0.0076525914048262075,0.005394064093424601,False,-3.1035930827697484
1269,2,14.237288135569125,15.666666666666666,4007.201442185738,5214.7540513337235,99.12689392858049,1215.5018959340343,7.598259118454761e-05,-0.014987475543410293,0.001436775338548283,0.007565911946787247,0.005333236525622613,False,-4.968957120713412
1270,2,16.27118644065043,15.333333333333334,4043.4817879326124,5258.180154848095,114.0896278713277,1228.5250029521244,3.9873015203396216e-05,-0.015077322763668619,0.0016599197385157086,0.007604027580089711,0.005351072296978132,False,-4.187646169947357
1271,2,11.18644067794716,15.666666666666666,3997.4522608410184,5206.8552404237535,75.96826106859163,1211.8277402853412,7.018439724138709e-05,-0.014951960060069462,0.001098608365423123,0.0075311314627500145,0.005304264521862965,False,-6.193240549342477
1272,2,13.220338983028475,15.333333333333334,4032.0549242498687,5249.4421759318875,90.179871722754,1224.8974361739988,3.627655224125063e-05,-0.015038863385426123,0.0013079490445460857,0.007565886842323623,0.005319077770400904,False,-5.473365454410327
1273,2,8.135593220325196,15.666666666666666,3991.6761310977204,5200.6027237180815,54.25494440389122,1208.0004762309147,6.664166868264496e-05,-0.014928012084432245,0.0007837992067572515,0.007507562560050961,0.00528798468032322,False,-7.950113271194823
1274,2,10.1694915254065,15.333333333333334,4025.1504439303735,5242.2575100218955,67.97422183851076,1220.4462413964175,3.4091891628878026e-05,-0.015012721085042329,0.0009839740658583347,0.00753947587232035,0.005301135905038538,False,-7.530509108965589
1275,2,5.0847457627032595,15.666666666666666,3988.1404081824567,5196.352919787557,33.48377066682451,1205.1946826172054,6.418966458452336e-05,-0.01491241375435731,0.0004834674813572717,0.007492202459453931,0.0052780767285102795,False,-9.289165614414173
1276,2,7.118644067784554,15.333333333333334,4020.464548522594,5236.711154436208,46.837208443171555,1216.7057979938866,3.2604222490711715e-05,-0.01499419190220047,0.0006773776275780849,0.007521027892239485,0.005289765627235231,False,-9.259843613736962
1277,2,4.067796610162607,15.333333333333334,4017.533111390556,5233.186330961505,26.477605626990826,1214.3447422861,3.1588843873187606e-05,-0.014982435183016066,0.0003828088196045773,0.007509451712215328,0.00528266574664485,False,-10.349290244616782
