# units: SI, time: hr
node_id,x,y,u_x,u_y,u_mag,u_x_vp,u_y_vp,u_mag_vp
1,0.0,7.3,0.0,-1.4897139092789142e-06,1.4897139092789142e-06,0.0,0.001989326783739201,0.001989326783739201
2,33.5,7.3,0.00011668505934564997,-1.800805146929922e-05,0.00011806647700435034,0.006903738934142114,0.0006939784435424918,0.006938531354032448
3,86.657,24.391,0.00330154137532721,-0.0013255974263959372,0.00355772174148921,0.007681171707810765,0.04857155361255258,0.04917515855736453
4,99.75,28.6,0.008278542115281024,-0.004416103972272049,0.009382762591497165,0.005943564098555266,0.06601136830933742,0.06627840297008243
5,107.05,28.6,0.013714585656360943,-0.010555489270312707,0.01730630559828839,0.012707912920323503,0.05899389195027542,0.06034708226775588
6,157.9,7.3,0.03279593137175703,0.024677773847822194,0.04104346033931903,0.023385862756339405,0.025197366328438334,0.03437740314142213
7,191.4,7.3,0.0,-1.6990320634177207e-05,1.6990320634177207e-05,0.0,0.0019389230606497376,0.0019389230606497376
8,191.4,0.0,0.0,0.0,0.0,0.0,0.0,0.0
9,0.0,0.0,0.0,0.0,0.0,0.0,0.0,0.0
10,2.3928571428559198,7.3,1.403299145757319e-06,-1.5436551258038206e-06,2.0861734443481994e-06,9.105687454155856e-05,0.0019857762278288125,0.001987862817553391
11,4.785714285712345,7.3,2.908323277515441e-06,-1.7146137265783648e-06,3.3761286287564795e-06,0.00018868389368104473,0.001974524322051003,0.00198351907228179
12,7.178571428564011,7.3,4.630475162739763e-06,-2.0106745713020454e-06,5.048179123647506e-06,0.00030032879209166146,0.0019550194339022432,0.0019779530758576363
13,9.57142857141989,7.3,6.694231073931488e-06,-2.4549755454916517e-06,7.130191764612783e-06,0.000434021723096111,0.0019257103098639003,0.001974014957804382
14,11.964285714277903,7.3,9.255917198056443e-06,-3.0837186767760467e-06,9.756091638293197e-06,0.0005998609034338449,0.001884148017061576,0.0019773332682341484
15,14.357142857135912,7.3,1.250007484537353e-05,-3.945424072151137e-06,1.3107945767703257e-05,0.0008098169021617537,0.0018269479295108262,0.0019983848858942947
16,16.749999999993925,7.3,1.666809863279774e-05,-5.1138107960684714e-06,1.743492394278393e-05,0.0010796433888004445,0.0017487165520442961,0.002055149490030883
17,19.142857142851934,7.3,2.2044012490466487e-05,-6.676586502712663e-06,2.303291761822734e-05,0.0014279335424113046,0.00164224815334285,0.0021762291236681166
18,21.535714285709943,7.3,2.8988079617616076e-05,-8.741512495554827e-06,3.0277430548631264e-05,0.0018778825695163514,0.0014971942084655693,0.002401673050761943
19,23.928571428567956,7.3,3.791245685012216e-05,-1.1365469348584897e-05,3.957939208636228e-05,0.002453983903718896,0.001303334572407978,0.002778618003134889
20,26.32142857142597,7.3,4.9367168098387454e-05,-1.448357482431448e-05,5.144794675928244e-05,0.00318273005068048,0.0010558707765999764,0.0033533019059402342
21,28.714285714283974,7.3,6.416877043712282e-05,-1.765950287517721e-05,6.655440737630049e-05,0.0040908679367753125,0.0007761763816179688,0.004163850411760474
22,31.107142857141987,7.3,8.387799413533091e-05,-1.971597004331565e-05,8.616401438486676e-05,0.0052189224090083254,0.0005575112536703356,0.005248615999405779
23,35.81117391303697,8.043086956519645,0.00016476742164278288,-2.2637736035661504e-05,0.00016631527388556616,0.008885748713437197,0.0011089826731710164,0.008954684403581421
24,38.1223478260763,8.786173913040052,0.00021358140019083448,-2.8712774268808538e-05,0.00021550275616262764,0.010469162115462184,0.0017452118051703418,0.010613628957370544
25,40.43352173911583,9.529260869560522,0.000268219133971917,-3.504353212401218e-05,0.0002704987115909646,0.011900101769540497,0.002537612160850796,0.01216765785204033
26,42.744695652155094,10.272347826080905,0.00032988178713889635,-4.1821207543796e-05,0.00033252219006612687,0.013214122896244001,0.003452174644135243,0.013657618888029136
27,45.05586956518958,11.015434782599755,0.00039939619232095755,-4.911943108600221e-05,0.00040240531426745824,0.014417486499889871,0.004480837627507331,0.015097742308656358
28,47.36704347822578,11.758521739119153,0.00047757951297254866,-5.70436693941509e-05,0.0004809741899822131,0.015508119487358193,0.005609861536360184,0.016491583201479244
29,49.678217391264134,12.501608695639245,0.0005651763915454876,-6.590903142093037e-05,0.0005690064621629735,0.016479176178777304,0.006852884006945541,0.01784727617155714
30,51.989391304301826,13.244695652159123,0.0006633622069993975,-7.621710526858829e-05,0.000667726339761009,0.017303357371312382,0.008214649543725503,0.019154285250188276
31,54.300565217338516,13.987782608678678,0.000773060442202541,-8.885071917494997e-05,0.0007781496627232412,0.017988964858908843,0.009703232121993751,0.02043906970261486
32,56.61173913037527,14.730869565198255,0.0008953387325337653,-0.00010509217623557235,0.0009014853362540612,0.018513013583707796,0.011321383431695595,0.021700354715027608
33,58.92291304341233,15.47395652171793,0.001031089648220039,-0.0001267410784085818,0.0010388499235321211,0.018860915326041994,0.013076679260368377,0.022950679018597125
34,61.23408695645309,16.217043478238796,0.0011806251555032815,-0.00015615357349211374,0.0011909070897099844,0.019017375552931898,0.014978488197898347,0.024207760772443035
35,63.545260869504844,16.960130434763194,0.0013439087482144223,-0.0001959320611709735,0.0013581163779742742,0.0189719414244008,0.017038495443588625,0.025499899772196855
36,65.8564347825554,17.70321739128721,0.0015200271365059734,-0.00024910520106241065,0.001540303832661236,0.018712022254240714,0.019269601611586834,0.026859957615611937
37,68.16760869560711,18.446304347811598,0.001704799215948117,-0.00031937008913787343,0.0017344560013252707,0.018228836651359083,0.021683772658279667,0.0283280158563548
38,70.47878260865912,19.189391304336077,0.0018923931009668972,-0.00041058147915084956,0.0019364216481977288,0.017515872691515263,0.024291377784306813,0.029947901943296207
39,72.78995652170568,19.932478260858808,0.002053535847324324,-0.0005235270395881363,0.0021192192046661775,0.01654942592841397,0.027104636069360914,0.031757594288808484
40,75.10113043475067,20.675565217381035,0.0022593539355919047,-0.000618610642813793,0.002342511330533349,0.015415218462216858,0.03017238901123675,0.03388217848490961
41,77.41230434779757,21.418652173903872,0.0024699813874217748,-0.000738837887731633,0.0025781174291637176,0.014093794992221647,0.03345434317196554,0.03630190262714077
42,79.72347826085024,22.16173913042857,0.0026532112406851896,-0.0008823105778034612,0.002796068998326422,0.012586406725941272,0.03694758033583556,0.039032567516675644
43,82.03465217390641,22.904826086954383,0.002855660960087353,-0.0010403352181477905,0.0030392592658550262,0.010980832026369774,0.04064294107575881,0.0421002058341637
44,84.34582608695575,23.64791304347801,0.003060451674291618,-0.0011861818677575131,0.0032822845510514574,0.009317406762452712,0.04453793397762056,0.04550210579491775
45,88.83916666665918,25.092499999997592,0.003549947714537956,-0.001481666420838643,0.003846747217922443,0.006228333339759829,0.05241538007161348,0.052784128336488226
46,91.02133333331545,25.793999999994252,0.0038509967668587967,-0.001611015360469252,0.00417439176288292,0.004954845116384756,0.05625668287049645,0.056474461995834634
47,93.20349999997967,26.495499999993463,0.00434851886077377,-0.0017602924767824053,0.0046912946919077615,0.004090215028936712,0.059936126813288165,0.06007552876472666
48,95.38566666665479,27.19699999999618,0.00522922526062398,-0.002034471152324177,0.005611048894457007,0.0038966873655732004,0.06319188700088979,0.06331191637565745
49,97.56783333332196,27.898499999996343,0.006620329883047846,-0.0026657705789253743,0.007136883110983423,0.004586397894624255,0.06558490651956195,0.06574507592837271
50,102.18333333332409,28.6,0.013928741393918309,-0.00749445353783983,0.015816974130645006,0.01199999670361148,0.06392337784495732,0.06503997352394807
51,104.61666666668147,28.6,0.014237835077175146,-0.009894112245908172,0.017338091152703895,0.012762855247417316,0.061251336809476926,0.06256689807729413
52,109.26086956520841,27.673913043482024,0.0134828958836463,-0.00992632974870531,0.01674277467116124,0.011842140660655169,0.05671170896439608,0.05793491373161011
53,111.47173913041915,26.74782608696307,0.014630660328611895,-0.008448454186101548,0.016894750657700595,0.011910325342904534,0.05430946996770296,0.055600129297931164
54,113.68260869563264,25.821739130442968,0.01702285786911005,-0.007364785814347328,0.018547715765644394,0.012819256388249135,0.050953161155337226,0.05254101222920465
55,115.8934782608398,24.895652173925512,0.019755373211010993,-0.0072230509023609325,0.021034429753250452,0.013764437188903331,0.04636874901574436,0.04836859121798317
56,118.10434782604595,23.96956521740848,0.02177732441744414,-0.00790999412737335,0.02316937344594561,0.013814623288945909,0.040855838235599656,0.04312821970066668
57,120.31521739125253,23.04347826089127,0.022788290977505593,-0.009107336354853095,0.024540777924831392,0.012762912195652941,0.03486996704147635,0.03713228419027832
58,122.52608695645912,22.117391304374056,0.023208708089722065,-0.010396335321805582,0.02543084582386816,0.011126872282382474,0.028931686230692248,0.030997576597851625
59,124.73695652166606,21.191304347856693,0.023337645952282382,-0.0116057526468076,0.026064136530738243,0.009287550673017776,0.02328664773631149,0.025070431992666863
60,126.94782608687294,20.265217391339363,0.0233877497410862,-0.012607722807233197,0.02656955988223564,0.00752805189824908,0.01811395063528496,0.01961598259074146
61,129.1586956520866,19.339130434819175,0.023431927942354304,-0.013269989950422117,0.026928569965372993,0.005985316086442271,0.01357585664236583,0.014836707593960765
62,131.3695652172935,18.41304347830183,0.023651709556377673,-0.013458296631199925,0.02721266457281635,0.004885237828989437,0.00982014261345311,0.010968169837960529
63,133.58043478251102,17.486956521780044,0.024141280917415936,-0.013062273405311542,0.027448577938550843,0.004359209821606341,0.0069602437254974985,0.008212655051024394
64,135.79130434772912,16.560869565258013,0.025140097750222613,-0.012156864967121405,0.02792514781911766,0.004670413395994562,0.004912050709386993,0.006777979305152437
65,138.00217391294726,15.634782608735955,0.026629458737627253,-0.010850441974515334,0.028755176294039942,0.005813470658591859,0.0035506143972919395,0.006811997041731982
66,140.2130434781771,14.708695652209006,0.028572233512197884,-0.00920036657035083,0.030016983074659467,0.00775237765188418,0.002798861445226954,0.008242146846969617
67,142.4239130433977,13.782608695685918,0.03091287694171558,-0.007270103642794092,0.03175626501638092,0.010426003152074613,0.002569454462699697,0.01073795315518545
68,144.6347826086187,12.856521739162664,0.033558298318739584,-0.0049863832799804005,0.03392673583273799,0.013726529295292434,0.002913957032534869,0.014032417898636743
69,146.84565217384872,11.930434782635636,0.03637768160006337,-0.0019469693081384282,0.03642974619843545,0.017505677077600933,0.004216302320263562,0.018006274884081457
70,149.056521739079,11.004347826108507,0.03921076467652471,0.001929010289727036,0.03925818573515173,0.021579003092304205,0.006549624359672951,0.022551074336059816
71,151.26739130430923,10.078260869581381,0.04169594240498527,0.006743739055309942,0.04223777491163521,0.0255761873166505,0.009996208103987507,0.02746025371540874
72,153.4782608695395,9.152173913054256,0.04323469272002368,0.012693210206068648,0.04505947447463534,0.028878017094083823,0.014774646943753172,0.032438095868881585
73,155.68913043476977,8.22608695652713,0.04311424303733031,0.01885276409615724,0.047055973762608935,0.03084288160899119,0.02003299359370289,0.03677776744544981
74,160.29285714285714,7.3,0.016039260635146033,0.016724362757806102,0.023172444656894466,0.009024753231154776,0.01689068227576773,0.01915049134158632
75,162.68571428571428,7.3,0.008012493845307767,0.00889147532302852,0.011969059739224297,0.002541109956525232,0.009275676106148194,0.009617453251111763
76,165.07857142857142,7.3,0.002916216966105117,0.003545446644697192,0.004590698563812909,-0.001357786214431664,0.00426458446685867,0.004475518302841908
77,167.4714285714286,7.3,0.00025303865541986045,0.0007643477090098268,0.0008051434539293366,-0.0030460274090605695,0.0018034132480957655,0.003539856256990609
78,169.86428571428573,7.3,-0.0003134963033925059,4.998253434064363e-05,0.00031745580161635057,-0.0028401265982107592,0.0013459264264256544,0.0031429026455197673
79,172.25714285714287,7.3,-0.00023090265811168305,-2.992149611719217e-05,0.00023283327393852437,-0.0021528197330324085,0.0014602120711174503,0.002601317376940162
80,174.65,7.3,-0.000173868919777966,-4.521539631902505e-05,0.00017965197836106143,-0.0016270351195835702,0.001587879661773541,0.0022734566414674326
81,177.04285714285714,7.3,-0.00013505351066643513,-4.366369433901282e-05,0.00014193649617578858,-0.0012248947044010844,0.0016944695661580771,0.0020908357533545676
82,179.43571428571428,7.3,-0.00010293679942868447,-3.654592774010384e-05,0.00010923181547061326,-0.000910085789500261,0.0017783304993665662,0.00199767752883884
83,181.82857142857142,7.3,-7.576709421683195e-05,-2.9272563118213084e-05,8.122521478932548e-05,-0.0006596850070924528,0.0018413370574431047,0.0019559413252180653
84,184.2214285714286,7.3,-5.2853207909697166e-05,-2.3616353622226267e-05,5.788949597945827e-05,-0.0004568635443897444,0.0018862895501583245,0.001940827804115773
85,186.61428571428573,7.3,-3.330085681566529e-05,-1.981788657546429e-05,3.87517185809276e-05,-0.00028710696916551723,0.001916242375711732,0.0019376313514744626
86,189.00714285714287,7.3,-1.6078808742382353e-05,-1.7662639687595884e-05,2.3885077586391643e-05,-0.00013855892371689713,0.0019334886552872233,0.0019384470473721948
87,191.4,4.866666666672511,0.0,-7.114511861061891e-06,7.114511861061891e-06,0.0,0.0017924673209532445,0.0017924673209532445
88,191.4,2.4333333333390605,0.0,-7.935010904186067e-07,7.935010904186067e-07,0.0,0.0011519827078722916,0.0011519827078722916
89,188.91428571428904,0.0,0.0,0.0,0.0,0.0,0.0,0.0
90,186.42857142857807,0.0,0.0,0.0,0.0,0.0,0.0,0.0
91,183.9428571428671,0.0,0.0,0.0,0.0,0.0,0.0,0.0
92,181.45714285715613,0.0,0.0,0.0,0.0,0.0,0.0,0.0
93,178.97142857144516,0.0,0.0,0.0,0.0,0.0,0.0,0.0
94,176.48571428573422,0.0,0.0,0.0,0.0,0.0,0.0,0.0
95,174.00000000002325,0.0,0.0,0.0,0.0,0.0,0.0,0.0
96,171.51428571431228,0.0,0.0,0.0,0.0,0.0,0.0,0.0
97,169.0285714286013,0.0,0.0,0.0,0.0,0.0,0.0,0.0
98,166.54285714289034,0.0,0.0,0.0,0.0,0.0,0.0,0.0
99,164.05714285718096,0.0,0.0,0.0,0.0,0.0,0.0,0.0
100,161.57142857147923,0.0,0.0,0.0,0.0,0.0,0.0,0.0
101,159.0857142857775,0.0,0.0,0.0,0.0,0.0,0.0,0.0
102,156.6000000000702,0.0,0.0,0.0,0.0,0.0,0.0,0.0
103,154.11428571436846,0.0,0.0,0.0,0.0,0.0,0.0,0.0
104,151.6285714286667,0.0,0.0,0.0,0.0,0.0,0.0,0.0
105,149.14285714295943,0.0,0.0,0.0,0.0,0.0,0.0,0.0
106,146.65714285725767,0.0,0.0,0.0,0.0,0.0,0.0,0.0
107,144.17142857155594,0.0,0.0,0.0,0.0,0.0,0.0,0.0
108,141.68571428584866,0.0,0.0,0.0,0.0,0.0,0.0,0.0
109,139.20000000014693,0.0,0.0,0.0,0.0,0.0,0.0,0.0
110,136.71428571444517,0.0,0.0,0.0,0.0,0.0,0.0,0.0
111,134.2285714287379,0.0,0.0,0.0,0.0,0.0,0.0,0.0
112,131.74285714303616,0.0,0.0,0.0,0.0,0.0,0.0,0.0
113,129.25714285733443,0.0,0.0,0.0,0.0,0.0,0.0,0.0
114,126.7714285716259,0.0,0.0,0.0,0.0,0.0,0.0,0.0
115,124.28571428591492,0.0,0.0,0.0,0.0,0.0,0.0,0.0
116,121.80000000020976,0.0,0.0,0.0,0.0,0.0,0.0,0.0
117,119.3142857145041,0.0,0.0,0.0,0.0,0.0,0.0,0.0
118,116.82857142879313,0.0,0.0,0.0,0.0,0.0,0.0,0.0
119,114.3428571430879,0.0,0.0,0.0,0.0,0.0,0.0,0.0
120,111.85714285738229,0.0,0.0,0.0,0.0,0.0,0.0,0.0
121,109.3714285716713,0.0,0.0,0.0,0.0,0.0,0.0,0.0
122,106.88571428596599,0.0,0.0,0.0,0.0,0.0,0.0,0.0
123,104.40000000026046,0.0,0.0,0.0,0.0,0.0,0.0,0.0
124,101.9142857145495,0.0,0.0,0.0,0.0,0.0,0.0,0.0
125,99.42857142884411,0.0,0.0,0.0,0.0,0.0,0.0,0.0
126,96.94285714313817,0.0,0.0,0.0,0.0,0.0,0.0,0.0
127,94.45714285742028,0.0,0.0,0.0,0.0,0.0,0.0,0.0
128,91.97142857170007,0.0,0.0,0.0,0.0,0.0,0.0,0.0
129,89.48571428597943,0.0,0.0,0.0,0.0,0.0,0.0,0.0
130,87.00000000025463,0.0,0.0,0.0,0.0,0.0,0.0,0.0
131,84.51428571453393,0.0,0.0,0.0,0.0,0.0,0.0,0.0
132,82.02857142881331,0.0,0.0,0.0,0.0,0.0,0.0,0.0
133,79.5428571430885,0.0,0.0,0.0,0.0,0.0,0.0,0.0
134,77.05714285736775,0.0,0.0,0.0,0.0,0.0,0.0,0.0
135,74.57142857164717,0.0,0.0,0.0,0.0,0.0,0.0,0.0
136,72.08571428592236,0.0,0.0,0.0,0.0,0.0,0.0,0.0
137,69.60000000020158,0.0,0.0,0.0,0.0,0.0,0.0,0.0
138,67.11428571448104,0.0,0.0,0.0,0.0,0.0,0.0,0.0
139,64.62857142875625,0.0,0.0,0.0,0.0,0.0,0.0,0.0
140,62.14285714303017,0.0,0.0,0.0,0.0,0.0,0.0,0.0
141,59.657142857306894,0.0,0.0,0.0,0.0,0.0,0.0,0.0
142,57.17142857158666,0.0,0.0,0.0,0.0,0.0,0.0,0.0
143,54.685714285864094,0.0,0.0,0.0,0.0,0.0,0.0,0.0
144,52.200000000140705,0.0,0.0,0.0,0.0,0.0,0.0,0.0
145,49.71428571442053,0.0,0.0,0.0,0.0,0.0,0.0,0.0
146,47.22857142869802,0.0,0.0,0.0,0.0,0.0,0.0,0.0
147,44.74285714297454,0.0,0.0,0.0,0.0,0.0,0.0,0.0
148,42.25714285725434,0.0,0.0,0.0,0.0,0.0,0.0,0.0
149,39.771428571531914,0.0,0.0,0.0,0.0,0.0,0.0,0.0
150,37.28571428580838,0.0,0.0,0.0,0.0,0.0,0.0,0.0
151,34.800000000088176,0.0,0.0,0.0,0.0,0.0,0.0,0.0
152,32.31428571436581,0.0,0.0,0.0,0.0,0.0,0.0,0.0
153,29.82857142864222,0.0,0.0,0.0,0.0,0.0,0.0,0.0
154,27.342857142922014,0.0,0.0,0.0,0.0,0.0,0.0,0.0
155,24.85714285719976,0.0,0.0,0.0,0.0,0.0,0.0,0.0
156,22.371428571476088,0.0,0.0,0.0,0.0,0.0,0.0,0.0
157,19.88571428575591,0.0,0.0,0.0,0.0,0.0,0.0,0.0
158,17.400000000033714,0.0,0.0,0.0,0.0,0.0,0.0,0.0
159,14.914285714309983,0.0,0.0,0.0,0.0,0.0,0.0,0.0
160,12.428571428589805,0.0,0.0,0.0,0.0,0.0,0.0,0.0
161,9.94285714287517,0.0,0.0,0.0,0.0,0.0,0.0,0.0
162,7.457142857154963,0.0,0.0,0.0,0.0,0.0,0.0,0.0
163,4.971428571434814,0.0,0.0,0.0,0.0,0.0,0.0,0.0
164,2.4857142857201495,0.0,0.0,0.0,0.0,0.0,0.0,0.0
165,0.0,4.866666666672511,0.0,-6.253258722367148e-07,6.253258722367148e-07,0.0,0.0018136333014016723,0.0018136333014016723
166,0.0,2.4333333333390605,0.0,-6.961892418985796e-08,6.961892418985796e-08,0.0,0.001154364806054272,0.001154364806054272
167,97.13504440082701,25.680099167471223,0.005273377704335704,-0.0026227281046577802,0.005889585309981229,0.0054820239732481625,0.06454429457145441,0.06477668213616647
168,106.27110976147073,2.0823373228150954,0.0014924047951177066,0.00022137025775436362,0.001508733529656101,-0.00031314672277273623,0.006887652248909662,0.006894767173146141
169,88.53795379778992,22.601349551827987,0.00337283548319082,-0.0015233751508377438,0.0037009040850663737,0.010280623254743387,0.050919933169275455,0.05194738500126305
170,109.58817876105074,25.096466750550885,0.014656503353157194,-0.00988561952393019,0.017678760248190987,0.009833355616643707,0.05552829032647394,0.056392250436248396
171,98.25751988023814,2.084441338726342,0.0012132906560328614,6.537859753677548e-05,0.0012150508536816584,0.002178675272435407,0.006722737456249677,0.00706695301020064
172,116.12791450413746,22.471744475045163,0.02015076758742104,-0.00747130057809184,0.021491248607059893,0.00968345336665476,0.044895792549683344,0.04592822071198034
173,81.5836588057609,20.579385907192172,0.002671954173326014,-0.0010195678200188088,0.002859870214532857,0.014686728167110778,0.03915961695607181,0.041823146514829226
174,122.83543318854481,19.821097666769848,0.022079113618219806,-0.010705445484547074,0.024537600151377244,0.005849613582981701,0.027408589067355733,0.02802585830502567
175,90.46864724002707,2.2399766161769743,0.0008038635698958988,-2.355155065534488e-05,0.0008042085019098281,0.004271871400795279,0.00663689196016427,0.007892858807544053
176,112.93422888849065,2.1825862984166795,0.0018426979346490334,8.132492450686559e-05,0.001844491643165092,-0.002289239090528755,0.006675973284466504,0.007057565792007568
177,74.58907565979727,18.302486417859058,0.0020466601533668145,-0.0005273409680543835,0.0021135056848676816,0.018322750637223526,0.028941076963872887,0.034253600201185994
178,83.85026780144278,2.016433497738278,0.00046212745074379266,-1.5333608861570316e-05,0.0004623817689871392,0.004944739942643921,0.0053955023452158385,0.007318599501107287
179,126.10551042128408,2.378876467772595,0.007162598991195054,-0.0013837503200992468,0.007295038674129368,-0.00028000051889851777,0.004133804686382953,0.004143276659329558
180,70.84285714306195,2.152691717983983,0.00024479844964522476,6.108633642668378e-06,0.000244874654371754,0.006214260227049109,0.004399141404548146,0.007613768795195602
181,133.61474717279864,15.193567919961597,0.025315288031857883,-0.012602636178379631,0.02827879500227211,0.0034089040495230115,0.007056572871488805,0.007836826367190112
182,63.444297404388465,14.594480147790309,0.0011742449032707755,-0.00012871998936519303,0.0011812789376432513,0.020182019539542257,0.016708799827829877,0.026201105022135098
183,135.68188040867958,1.9967382312972743,0.014705784512723818,-0.001224937798130763,0.014756712735021887,0.007949398156322805,0.002267264501114197,0.008266403048833334
184,58.414285714446784,2.152691717983614,0.00015747204565451887,1.405815018119244e-05,0.00015809831355563487,0.006100944351661278,0.003200955935685949,0.00688967639909675
185,103.40743528236729,26.48340161823748,0.012424461919329062,-0.009190145041094389,0.01545399688951728,0.010448609007509626,0.06181589471347598,0.06269272899961653
186,142.7725412562919,11.381332370478576,0.034966955380791816,-0.006146042511132573,0.0355029830739747,0.014362681291073327,0.0034060892185306304,0.014761031726594804
187,51.19592469893685,10.642262540372698,0.000538627949039576,-3.33031791167524e-05,0.0005396565289384188,0.0169224559368026,0.007799911200971161,0.01863352166596698
188,75.53250083869592,2.1968728915568407,0.0003112327603667746,-1.766904461347956e-06,0.0003112377757870944,0.006143715973347685,0.0049828922419687316,0.007910402079302901
189,63.38571428589321,2.152691717986906,0.00018489426396544467,1.3248306398655944e-05,0.00018536829952760583,0.00623052022294336,0.003664986156756092,0.007228520303472901
190,118.08046827920437,2.594142188818949,0.003146645191218737,-0.00035081662555616215,0.003166140910349161,-0.003294176853400262,0.0068759794765561755,0.007624348818325391
191,130.70093705264736,1.9887637716866868,0.00990058820482683,-0.0011932992470940658,0.009972241969320209,0.0032426929871708565,0.0028777349057251987,0.004335483363671953
192,67.65840374593202,15.662604170375566,0.001449511002324131,-0.00022108132698214604,0.001466273882669569,0.0202507285200218,0.02065760519654056,0.028927990909286525
193,58.271761696288806,12.990775358897432,0.000868171595498176,-6.745412019206799e-05,0.0008707881358635604,0.019372656486271005,0.01249212026002437,0.023051092987664803
194,138.45457221968445,13.27617303965839,0.02949688612548461,-0.009924626220101878,0.03112176885571481,0.007604806079670592,0.003863445415446488,0.008529905391475879
195,129.49720136191868,17.077272951128347,0.023258723264238702,-0.01311976818770668,0.026703867232698693,0.002783418547593581,0.012761071022212241,0.013061100736348101
196,92.32361797700273,24.205200434302668,0.003936242115010419,-0.0017815451112359153,0.0043206371024827215,0.00731804122485726,0.057783991019412506,0.05824554356772933
197,147.07955456061967,9.429296897541226,0.041313306735430204,-0.0009919920533327492,0.041325214598954205,0.02321281715995439,0.005169365042584646,0.023781446874506378
198,47.04922668047104,9.223097376393326,0.0003897180960687231,-2.3099154562732788e-05,0.0003904020560203846,0.014857525826188956,0.00562363140617129,0.015886198534210375
199,140.66282475564412,2.004592695125289,0.018294310645112256,-0.0008432391712310822,0.018313734034318782,0.011676635749244296,0.0020879889375208594,0.011861851466939695
200,53.17425557790209,2.128745753775656,0.00013044623581327103,1.2186015023470662e-05,0.00013101419541409917,0.005795684161536587,0.0027003365995225868,0.006393885567556496
201,43.50000000011446,2.152691717983589,8.576791095546866e-05,6.801771369936558e-06,8.603719337259957e-05,0.0050003051171397875,0.0018766438486528731,0.005340865416688667
202,151.63322919368255,7.849560019423851,0.04524504616572987,0.0071705865887405195,0.04580973165786559,0.030573172682636075,0.010623593170233163,0.03236633466626874
203,145.64606283783965,2.013690386321326,0.01930072644347688,-5.510058173311818e-05,0.019300805095125828,0.01304581286912106,0.0023319001918717035,0.013252584348759148
204,48.46919675077517,2.156040753791183,0.00010951157175154071,9.617736574408034e-06,0.00010993309421783577,0.005527244364397752,0.002315531460355708,0.005992671875521281
205,38.528571428670496,2.120795786328763,6.255633778477938e-05,4.73043350688427e-06,6.27349376201688e-05,0.004150798382032671,0.0014318946096553125,0.00439083697960252
206,156.02740424410496,5.889433996944715,0.031604957128016434,0.013589199089234946,0.03440261104844545,0.021639716870629228,0.015385943640396992,0.02655192286721374
207,42.155231037684125,7.998518291022781,0.0002623350348205898,-1.7809606418195205e-05,0.0002629388761197003,0.012192374380749823,0.0035573995695885453,0.01270075134541549
208,150.38794610659974,2.1560407537787523,0.017426534491225033,0.0013504359807622974,0.017478780898906913,0.011463724708347084,0.003328569314275339,0.011937183833245714
209,6.013725899391976,5.429567181241546,3.308080752529056e-06,-9.982687218137282e-07,3.455421639424749e-06,0.00021442792166278204,0.0018838995910149,0.0018960635544766763
210,185.38627410060852,5.429567181240895,-3.7701633604033996e-05,-1.1889986832668296e-05,3.953207512000668e-05,-0.0003261871200619001,0.0018495813351072383,0.0018781238384279538
211,180.49285714286208,5.355226818294951,-7.98602587691983e-05,-1.87516180759346e-05,8.203221386229334e-05,-0.0006921889948952702,0.001790655997801015,0.0019197850158585135
212,10.907142857143604,5.355226818292006,7.028017312541769e-06,-1.4543154223382355e-06,7.17691164032536e-06,0.0004550407649004917,0.001842123451296353,0.001897493322132442
213,175.64523809524522,5.341422421167754,-0.00014555950487000948,-2.2739119400141223e-05,0.0001473249368202688,-0.001267408658630383,0.001698819194337207,0.0021195073396947186
214,15.754761904767012,5.34142242116425,1.2896343947886753e-05,-2.3968805030547674e-06,1.3117191901017509e-05,0.0008333746548773846,0.0017759560419175373,0.001961767870624709
215,170.7976190476286,5.331356714929053,-0.0002323452914683409,3.575574717536449e-05,0.00023508042862726127,-0.0022036890970545363,0.0015853974338922506,0.0027147247852902455
216,20.602380952392682,5.331356714925905,2.272268090214866e-05,-4.165641635379199e-06,2.3101359215753437e-05,0.0014636455924039358,0.001647499523543776,0.002203749781676776
217,165.9500000000116,5.325029699578372,-0.0001222779318095354,0.0006024502996274825,0.0006147342971795708,-0.003532004647171667,0.0018287652335489137,0.003977365850293315
218,25.4500000000182,5.325029699576483,3.949964761939878e-05,-7.026040132350063e-06,4.011966353296185e-05,0.0025292757826199928,0.0014001109694639635,0.002890942184022589
219,162.28275549020708,4.91186252450457,0.003152434138463921,0.003911758336354545,0.00502391224837696,-0.0017720812794981425,0.004961991426428053,0.005268930724264011
220,30.29538722685971,5.604523552331575,7.035041813126773e-05,-9.536529082766624e-06,7.099384986173561e-05,0.004437620830224339,0.0010797012879175697,0.004567081508356491
221,33.55491103644289,2.1560407537911783,4.4657889629983426e-05,3.00544841196136e-06,4.4758907787844225e-05,0.0030611521534853595,0.00109630782718152,0.003251544764989023
222,37.61029305112385,6.413095113524921,0.00015942813792637137,-8.977531646498817e-06,0.00015968070402253985,0.009016822549344035,0.002101607734141291,0.009258501172142365
223,189.16199077643478,3.6968364377583733,-1.001309853445791e-05,-3.6433369970536745e-06,1.0655329499122176e-05,-8.681442306403118e-05,0.0015464284703226852,0.0015488633761169836
224,2.2380092235660816,3.696836437760053,8.806572352630714e-07,-3.165450832496939e-07,9.358194033844096e-07,5.70855662749828e-05,0.0015572043085746543,0.001558250307402634
225,158.00419840584107,2.4437500134672994,0.006069735363320296,0.0022510382361347913,0.006473705316222063,0.0015962753018290326,0.0035364159376056322,0.0038799913044980515
226,182.7000000000121,2.1526917179755896,-2.903162131022511e-05,-1.1183892647714227e-06,2.9053155258041644e-05,-0.00024616916871277646,0.001042819617806796,0.0010714812247106578
227,8.700000000015066,2.152691717981152,2.492821028239606e-06,-4.9759014521682206e-08,2.49331759676936e-06,0.00016137585779337881,0.0010451196197174962,0.0010575051711443273
228,177.7285714285894,2.152691717975565,-5.9729128602897764e-05,-1.4696108116412808e-06,5.974720545430717e-05,-0.00048125223471232644,0.001037970131891794,0.0011441091329567631
229,13.671428571449892,2.1526917179811647,4.8521619914863195e-06,-8.494624626459453e-08,4.852905506640216e-06,0.0003131738733103871,0.0010415647702752744,0.0010876281743329452
230,172.7571428571675,2.1526917179755896,-0.0001052990531436003,8.864673509713975e-06,0.00010567153367569047,-0.00086794755683782,0.0010352984448035363,0.0013509906851023664
231,18.64285714289481,2.1526917179844385,8.821273582177097e-06,-1.7365776299072998e-07,8.822982751329762e-06,0.0005657789450832727,0.0010315286176247028,0.0011765020627598878
232,167.78571428574548,2.1526917179749003,-0.00011302425792665202,9.08026163048323e-05,0.00014498137124359446,-0.0014846464073408742,0.0010806798557851374,0.00183631258382933
233,23.61428571433794,2.152691717984463,1.5869700349317338e-05,-3.2980824510590024e-07,1.5873127059771892e-05,0.0010128146431767377,0.001002475435390723,0.0014250440344056186
234,162.50877589838993,2.386857780406091,0.0008271995050052319,0.0009614395119664573,0.0012683157951595494,-0.0019806904301961363,0.001983458321634259,0.002803077147338394
235,28.585714285782117,2.152691717983589,2.814866247194403e-05,1.4924161209457033e-07,2.8149058101794647e-05,0.001831258021554435,0.000964609385604096,0.0020697770914528393
236,158.10889297722875,5.14091412771508,0.017569496789113077,0.009889549959666833,0.0201616074713154,0.009779116622175586,0.011303426666485098,0.014946523887336388
237,101.02620907827297,26.4578091213142,0.01043039379885675,-0.006081241930801513,0.012073716007102695,0.009044470034189268,0.06458412124407298,0.06521434777001504
238,102.1994962802124,24.320881389426162,0.009316813712873979,-0.008095034034016579,0.012342309094018159,0.0077597680880487786,0.061117358105662795,0.06160799836544055
239,104.66987263206262,24.342794727254105,0.011825634364782445,-0.010514617336414369,0.015824121013843048,0.008813913470709565,0.058470916765809997,0.0591314905790767
240,103.45019730434494,22.173561399839954,0.009158074430294021,-0.008115030257171703,0.012236177644412384,0.006568481197470859,0.05817240025002731,0.05854206262245041
241,100.9533765877921,22.1519605349412,0.00474762274724824,-0.004356672498256595,0.006443641595189344,0.004283961984106948,0.06159988138887128,0.061748665713554356
242,102.218673503257,19.998145073279932,0.005256716315441691,-0.0033865525615776396,0.006253143583299438,0.0037032196039720557,0.058838717658085585,0.058955139988665584
243,104.71810548327484,20.01933462568955,0.00943876553384914,-0.005985257038070551,0.011176475142671392,0.005296003049428769,0.0560707873451272,0.05632034127916872
244,103.48604361806113,17.843640473989044,0.006310055845426955,-0.0019571441508768935,0.006606604120099714,0.003267645249538671,0.055318404560378204,0.0554148300419888
245,100.98618881240296,17.82298446096543,0.004416397345198083,-0.002046972944959192,0.004867716481890412,0.004253187602939008,0.054973371838826765,0.05513765696976709
246,105.9859349115983,17.86434839592125,0.009577267708045267,-0.0036105296872821907,0.010235232355658208,0.003669169402719251,0.05312890821484651,0.05325545692421985
247,102.2539339262007,15.66831216185062,0.005622620857206245,-0.0008730033080406232,0.005689991219654083,0.003994135423361993,0.05053683485795687,0.050694425682125635
248,99.75403437054665,15.647668564535985,0.004675707297815034,-0.0017600880781740887,0.004996013288390186,0.006042236086938059,0.04910811936986209,0.04947843979931987
249,101.02185769699614,13.493000408331,0.005516863417976331,-0.000814531452779434,0.005576669567059937,0.0054093888593297924,0.04383659145134927,0.04416908690366996
250,98.52194336208586,13.472356020807226,0.004738134299213323,-0.0013415529800190566,0.004924396514861465,0.0075877306871041435,0.04260719673242568,0.043277556196897805
251,103.52177167752747,13.513645804463279,0.00630056420670301,-0.00023041930254824247,0.0063047761560402725,0.00315559005435393,0.04461485395664219,0.04472631151977155
252,97.25410446942408,15.62702334930263,0.0041326861500067275,-0.0018666681976768924,0.00453470450797797,0.008368991046118702,0.04786282840090215,0.04858899416189041
253,96.02202614780425,13.451711491365245,0.004044555901205379,-0.0014269957139150065,0.004288910025345257,0.009695505495967607,0.041361304705872855,0.04248247113568605
254,102.2896911650515,11.338332793348432,0.005752605233914718,-0.0001828241746746756,0.00575550967822212,0.0041947471051838135,0.03761295839842748,0.0378461430367519
255,104.7896062147735,11.358977568928394,0.006488361409902071,0.00021475513432385115,0.006491914475193342,0.0020005852574790147,0.037962268451044875,0.038014946630524675
256,94.7541897909502,15.60637896230475,0.0037151879451601273,-0.0016879269433531588,0.004080651765828672,0.010621322158772418,0.04638289841668974,0.04758346088646127
257,93.52211099209975,13.431067077447276,0.0035394528740604666,-0.0013023680735656353,0.0037714571781657497,0.01177340725967225,0.03993697977585261,0.04163622788052447
258,94.78994694229416,11.276399583695968,0.0036754532579657793,-0.0010051189383467468,0.0038104095228353807,0.010393706636703968,0.03458677571143696,0.03611473649029035
259,92.29003211641722,11.255755188219206,0.0031774244651904433,-0.0009297421722211652,0.003310656541956188,0.012275591221145922,0.03329369241992683,0.035484645901873786
260,91.02219613629234,13.410422680280783,0.0031483615515681355,-0.0011236441391311433,0.0033428665260216844,0.01370246589573521,0.03825998908320836,0.040639689175373986
261,89.79011732922703,11.235110794906191,0.0027804400135377754,-0.0008068538989422364,0.0028951441903850373,0.013999056172431499,0.03183250974904,0.034774735809803344
262,88.52212562881698,13.408638458465404,0.0028270881225746676,-0.0009513268773436948,0.0029828593799170727,0.01541398143191954,0.03640146381671786,0.03953046156552412
263,87.29017660653957,11.217609764513455,0.0024546461956813474,-0.0006795810287552519,0.002546982198724003,0.015517763887436187,0.030233077976756714,0.03398293689507825
264,86.02218058354703,13.39166132189254,0.0025472678343663596,-0.0007982270984446156,0.0026694081592534315,0.01687058105737986,0.03434006849478276,0.03826038172104397
265,84.79025247163686,11.198100475481725,0.002179086981240457,-0.0005631630069934373,0.0022506827062599337,0.016806382263505282,0.028526929288676346,0.03310951795825794
266,83.5226768381815,13.321245396492952,0.002293104985582821,-0.0006620561151468429,0.0023867653371264044,0.018062373105401413,0.03208104960956663,0.03681634238011977
267,82.29040465134938,11.169350011871614,0.0019411583781040395,-0.00046067220373159634,0.001995072612256113,0.017856971593922803,0.026748222657444993,0.032161138814389326
268,81.02284173699645,13.290954737119819,0.0020696531763362107,-0.0005464467763416944,0.0021405766395279557,0.01901081531608631,0.029883776686397547,0.03541823270611931
269,79.79051432419443,11.14574689683615,0.0017358007075129606,-0.0003723228090062769,0.0017752826170243483,0.018686859512175955,0.024972359197240775,0.031190021518168545
270,93.55786805380976,9.101087693760656,0.0031050863739124444,-0.0006497281489442003,0.0031723347958541813,0.010379827078193973,0.027737180584311634,0.029615739007155015
271,96.05778281241658,9.121732085473873,0.0036319054077930705,-0.000610108817937815,0.0036827937304283044,0.008615382495349447,0.028724413428484044,0.029988610210405685
272,86.05812375106544,9.039154517124093,0.0020121039536042003,-0.0004383650146708041,0.002059302359100525,0.01476028726384098,0.024151763679266122,0.028305013141318704
273,95.9862685591187,17.781690854615267,0.003736412278819822,-0.00204847638892996,0.00426110692582562,0.00899625247144903,0.052288303345755405,0.053056566278904524
274,103.55752719896687,9.183665381836844,0.005416009977583885,0.0002493154691734561,0.005421745316819795,0.0026495709349653946,0.030863567265994617,0.03097708847716305
275,106.0574419743755,9.204309837133268,0.005980239028171838,0.0004553324173477949,0.005997548369488773,0.0005368396393878282,0.030883938170935658,0.030888603622446168
276,107.28952074087607,11.379621897511715,0.007317525294292094,0.00026590254476920126,0.007322354853182092,-5.975670401604533e-05,0.03754095231011847,0.03754099986966602
277,108.5573566979098,9.224954265198646,0.006600414055393857,0.0003047365142348907,0.006607445046744529,-0.0014534887394031474,0.030229264631321664,0.0302641879069313
278,109.78943545700974,11.400266174639606,0.00834620183986504,-0.0003220466149345307,0.008352412775597083,-0.001801173784623314,0.03606733223841136,0.03611227882311447
279,111.05727143930751,9.245598665320475,0.007433534826117409,-0.00033622454064623653,0.0074411347893203195,-0.0030970423734219057,0.02878125196728463,0.0289474029278465
280,112.2893502065422,11.42091058493769,0.009735607584366812,-0.0015132426203694578,0.009852510251955247,-0.00298961690899709,0.03360945179907202,0.033742155525347026
281,113.5571861995689,9.266243112649146,0.008610634224254128,-0.0013389912389651258,0.008714121830794072,-0.004204158189186267,0.026698445353435515,0.027027429222367495
282,114.78926496478495,11.441555025298165,0.011465387409163936,-0.0029534009138101128,0.011839665763859608,-0.0035853869474073118,0.030572364602710234,0.03078188553295084
283,113.52142897003728,13.596222491646998,0.013243587698272566,-0.0035815709956276047,0.013719339121056719,-0.0011442503948817968,0.03684357037436522,0.036861334578349024
284,116.02134372967583,13.6168669368245,0.015238398584634744,-0.005142617651214415,0.01608276430626216,-0.0013517183382659274,0.03308094662089244,0.03310855133950048
285,117.28917972429682,11.462199470039092,0.0134513102220498,-0.0044797830004872875,0.01417766561960312,-0.003628820443262775,0.027180594813730866,0.027421762748548007
286,118.52125848947799,13.637511382567043,0.016624742934398435,-0.006352182981329409,0.017796974637929945,-0.0018250603598907976,0.029384308227567785,0.029440930952161697
287,119.78909448421611,11.482843916186319,0.015333058599850482,-0.005944214120297288,0.016444949605711492,-0.0034532398497599814,0.023650735715873852,0.023901509687927276
288,89.662673982923,15.644614259868533,0.003108386846979644,-0.001224488320589666,0.003340874202620708,0.014606912675346058,0.04245655479522883,0.044899008262827514
289,81.05830466490512,8.996602169479324,0.0015572302860877227,-0.00028677503053673,0.001583415953578905,0.016702836133514268,0.021423608807224354,0.027165340955489788
290,78.55839054936598,8.97587969260694,0.0013812948945260244,-0.0002256713545187363,0.0013996082115699316,0.017378568749468377,0.020049131912902435,0.026532665569839787
291,77.29055470890373,11.130534172296812,0.0015589688824195792,-0.00029655547103502565,0.0015869244228233926,0.019314507673324693,0.023234164023849875,0.03021384756283248
292,76.05846842065158,8.956127564499981,0.0012319402437121901,-0.0001735093019222929,0.0012440989679005493,0.017875460310438077,0.01869935025733248,0.025868857364724235
293,74.79063124466006,11.110943768983992,0.0014051857976180408,-0.00023164234755825713,0.0014241507304389343,0.019750648968831497,0.02153157656279447,0.029218092408120774
294,73.55855098158239,8.935807548058277,0.0011044605945513888,-0.0001291763485098532,0.0011119890889442876,0.018208708336805265,0.01738587117506542,0.025175892751019023
295,121.02117324937525,13.6581558286382,0.018045501135876663,-0.007772808799362802,0.01964832481094451,-0.0019068136674397947,0.025280929133143355,0.025352737844212242
296,122.28900924412865,11.503488362309922,0.017174906244794938,-0.007449754567521956,0.018721010860362493,-0.0029835817187157006,0.019947304697667884,0.020169202378226506
297,121.05693047897019,9.328176449860386,0.014017200921832226,-0.005329494285523335,0.014996180547807502,-0.004088287236922963,0.018269151085847316,0.018721003550266832
298,123.55684523888516,9.348820895992093,0.01608564009452654,-0.006978791289264716,0.0175342905505115,-0.0031970240979911878,0.01490449549232766,0.015243521540771078
299,124.78892400404365,11.524132808442296,0.019130993811567312,-0.009039237078435437,0.02115898700737795,-0.002068408623083502,0.016089604280219803,0.016222012209529173
300,126.05675999880089,9.369465342126583,0.018522690704967825,-0.00796882233717489,0.020164131530848506,-0.0016430940264961537,0.012157718308903104,0.01226824651115819
301,114.75350773487418,15.771534402986026,0.016870298823941667,-0.005614070731827835,0.01777989799158177,0.0015490331217414052,0.03900245694142037,0.03903320574945904
302,72.29071458719841,11.09052910448653,0.00127099749934928,-0.0001764121176622437,0.001283181935116841,0.020016082442923692,0.019885621940721947,0.028214916557226254
303,71.05863545858443,8.915255506696724,0.0009951967234072927,-9.171862526633666e-05,0.0009994142406936966,0.01839599919760692,0.016117623843550928,0.02445793500769343
304,112.25359364122694,15.75088957945304,0.015228173413335391,-0.004410555909716719,0.015854030053565307,0.0021822504728777614,0.04271352674094485,0.042769236417965026
305,127.28883876395915,11.54477725457628,0.02139720943523627,-0.010176952819340508,0.023694111933188104,-0.0005265227924212343,0.012666461246565786,0.012677399842305674
306,128.55667475871638,9.390109788260983,0.021411578494068332,-0.008687355554663271,0.023106835355383225,0.0006421799903742614,0.009677018565760205,0.009698303122820238
307,84.58775850429484,15.623625447361546,0.0026033036175784237,-0.0008808130793032769,0.002748276078920862,0.017460711591716846,0.03739061861416758,0.04126663070374476
308,122.324766473727,7.173508983542843,0.012477744294341519,-0.004754169749585476,0.01335276123814269,-0.0037926390067960954,0.013039416213831714,0.013579782245434154
309,109.93780278896897,7.217371500808419,0.00558435000393066,0.00020920663711646113,0.005588267386535287,-0.002623686700994261,0.02324457050078039,0.02339217368417745
310,94.82570398009564,6.946420198681728,0.0028281743601890653,-0.00034350079358752496,0.002848958231850037,0.008105745553731256,0.021684506014856577,0.023149965703866283
311,79.82621541790587,6.822553847834662,0.0011582709261080126,-0.00015086631111948612,0.0011680548711845325,0.014515872512981585,0.016159713629135538,0.021722037183211043
312,107.21799572133631,20.040239357502212,0.013242768443865752,-0.0074308834187937975,0.015185155397346158,0.0065814209504130175,0.05351416407135144,0.053917352104698696
313,69.79079938354565,11.069938392305039,0.0011535759951258745,-0.00012956797388845125,0.0011608296328007009,0.020128669144363957,0.018302521191354747,0.02720561713108635
314,68.5587204972332,8.894635453234503,0.0009011512990416658,-6.076354694470093e-05,0.0009031975821500978,0.018453751043056837,0.014896870505010125,0.023716190216857384
315,119.82485171381126,7.1528645374084485,0.010398859398337117,-0.003156996781673052,0.010867516066971247,-0.004683429871230712,0.015831699950886687,0.016509913346036728
316,97.32561874377508,6.967064590678059,0.0032891580318659764,-0.0002355690484854094,0.003297582953496816,0.006524237085967581,0.0223968654834689,0.023327778570590797
317,113.53975005977692,17.956097332394325,0.018111360784709096,-0.00606648192229957,0.019100355818347625,0.004655923267363469,0.04451437207278022,0.0447571998957206
318,67.29088451580215,11.049307003492688,0.0010503649349356894,-9.149722659134628e-05,0.0010543425624607798,0.02010449617083383,0.016778693662251428,0.026186166716317003
319,66.05880568547458,8.873997284983654,0.0008194852549756257,-3.6639195083159736e-05,0.0008203039154720694,0.018394869266687874,0.013720579997653614,0.022948323050073844
320,67.32664163042503,6.719330152310704,0.0006581863732832843,-1.520974880732059e-05,0.000658362087634597,0.015699328943893996,0.011418210439946017,0.019412482039643464
321,92.32578922333964,6.925775807073695,0.00241300822497186,-0.0003679508848278036,0.002440900765583765,0.009561720342366853,0.020902715916137602,0.022985865843521847
322,116.0995163086526,17.91888309802548,0.018845354699921935,-0.006673983747219014,0.01999223481314716,0.003448415902294442,0.04044172084159231,0.04058847566569209
323,127.32459599355832,7.214797875811207,0.01774226679220237,-0.0063132864028261635,0.018832036961778636,-0.0001560940471045484,0.008963384199950564,0.008964743257197323
324,129.82451075347382,7.235442321945857,0.02075509368378425,-0.006560593475195898,0.02176729888087734,0.0023968158103878506,0.007445091509598618,0.00782138821535043
325,131.056589518632,9.410754234395576,0.024670972434188563,-0.009128563143763119,0.026305656158289652,0.003557827700985103,0.007493789587310003,0.008295481922635524
326,132.32442551338937,7.2560867680803,0.024104391098123363,-0.006595549569987637,0.024990457065477072,0.005500787405371719,0.006154108156223625,0.008254193435920572
327,133.5565042785475,9.431398680530076,0.028079592710501054,-0.009240267234987094,0.029560887425136614,0.006862272334977552,0.00567490571390071,0.008904792892654
328,134.8243402733047,7.276731214214714,0.027832032579639447,-0.0064473532817649025,0.02856904621883615,0.009181002151308702,0.00506982466307598,0.01048779874981726
329,126.01805938698362,13.697712794280712,0.021136628728956657,-0.010784174251563312,0.02372879028340545,-0.0007676587190608569,0.016633975856171834,0.016651680176266226
330,76.02270985241465,13.28628043976164,0.001702656102939716,-0.00035978676732473843,0.0017402540971995573,0.020261443097681214,0.02566699211674724,0.03270046728598444
331,64.82663788883579,6.709460864940444,0.0005995800916160296,-2.0355826223198586e-06,0.0005995835470215128,0.015630565656220972,0.010576834634233262,0.018872837985140202
332,63.5588760828606,8.85515020256845,0.0007474366184926466,-1.9654147881281316e-05,0.0007476949807191844,0.018230719136528413,0.012585211288702172,0.02215280260861501
333,62.32670582455911,6.6909118754378065,0.0005473095105249688,6.647429349860358e-06,0.0005473498777089864,0.01546600667463002,0.009749399472554428,0.01828245477322848
334,61.05895596480268,8.835154596043743,0.0006820013916320374,-9.372566827863737e-06,0.0006820657909593314,0.017963780799019637,0.011479548651665923,0.02131847691185258
335,93.48635378122924,17.761046454338672,0.0035354687686796823,-0.0017385906067508786,0.003939826990134442,0.011183324641288156,0.05035954531512612,0.0515863407732966
336,108.52160142970311,13.554936182064118,0.008884910128069457,-0.0005734144438580193,0.00890339441495749,-0.00023333672439436806,0.04305821263480967,0.04305884486759293
337,119.75358508512727,15.78281255292641,0.01885953240365141,-0.00783702612616852,0.020423049257802455,5.452975277242533e-05,0.030644095516163507,0.03064414403271349
338,82.25714537367797,6.882061058226429,0.0013251240955376963,-0.0001948868913044812,0.0013393785010134074,0.013933364042651178,0.01723328372967708,0.02216133348092117
339,59.82675505713358,6.6746277275592725,0.000500185262222088,1.1135026699136697e-05,0.0005003091897654583,0.015226620130345415,0.008946275924280418,0.017660289168278068
340,58.559105188275744,8.80676213683334,0.0006205814302881717,-4.6799623350918196e-06,0.0006205990764301625,0.017589917778800486,0.010393651099563963,0.02043118182201971
341,57.326844959565335,6.65341869850608,0.0004559982894239735,1.2212958691085852e-05,0.0004561618093588941,0.014904173786225713,0.008156130142431663,0.016989904506803447
342,56.05920186901707,8.784732294251064,0.0005627443390085717,-4.322407926758592e-06,0.0005627609388510182,0.01712444160445784,0.00933263070038691,0.01950242282523612
343,54.82690083503074,6.636330135497512,0.00041420803150699764,1.077187282581091e-05,0.00041434807421910074,0.014511191795318665,0.007382780532512333,0.01628128175887165
344,71.02368539759372,13.147502896723186,0.0014027067715240982,-0.00021824955198080926,0.001419584148199529,0.02075038777569493,0.02154153226884964,0.029910135495039136
345,104.8253631542854,7.028997860628028,0.004589355714395792,0.0004421856977842866,0.004610608860506635,0.00106957583114266,0.02371127272950267,0.02373538385852273
346,102.32544836969447,7.0083534259349625,0.004197351572493667,0.00022679093036881643,0.004203474080949307,0.002981778248168322,0.0234991831473742,0.02368760456684224
347,72.32643105738,6.765474056720701,0.0008094419057236707,-5.550860897492115e-05,0.0008113429634944143,0.015594362652748599,0.0132326214474131,0.02045205165542023
348,94.71859666393648,19.916489162829834,0.0036826133231897974,-0.001983753125690409,0.004182931669513796,0.009355140577606195,0.05556856137854442,0.0563505427561069
349,92.21870924566538,19.892533240272304,0.0035506115530833625,-0.0016982839226799534,0.003935862127021506,0.01118673675716883,0.05297362160789808,0.05414192151679656
350,136.00889443325133,9.42407899481306,0.03125282780778229,-0.008838967595545028,0.0324787098595062,0.010172251923533708,0.0044143705091664685,0.01108879507376856
351,137.31633426568482,7.2927149717069,0.03172692433005311,-0.006034092355117047,0.03229563434885586,0.013217789911430178,0.004275433499450194,0.013892058945704425
352,121.09144787327729,5.148333457620095,0.00850819730569925,-0.002527341383461077,0.008875633828705582,-0.004041514486618639,0.010834811086384937,0.011564037816575933
353,138.35111254119136,9.387927703977253,0.03396716738838268,-0.007932793309182274,0.03488119364466495,0.013225770224153381,0.003755223709790933,0.013748552765025058
354,139.78864612234847,7.303116680238664,0.03541951367107649,-0.005257327803832853,0.03580756127317984,0.017228328962571114,0.00387265661729714,0.017658221544596783
355,122.25379142052209,15.768149011251547,0.019970550828160044,-0.009338458316387556,0.02204608137758345,-3.653020906995569e-05,0.02574868628625058,0.025748712199329955
356,97.21841210792037,19.953862236175745,0.0037788251998516985,-0.0024065809735248737,0.004480083913629984,0.007219131243745812,0.057486051392251325,0.05793756950879962
357,110.99476881604348,17.910604361285046,0.016320783472490785,-0.005963549314429483,0.017376187544497806,0.005121540970125665,0.047366908462837115,0.0476429868840679
358,112.3192122638365,20.25933543669431,0.01803034688055905,-0.007363590686516075,0.01947603338546717,0.007031564579382525,0.04881664063454654,0.04932045522170784
359,98.557697563567,9.14237647962357,0.004226365164471668,-0.00042836535753519155,0.0042480182889196565,0.006737173385694295,0.029617292726954892,0.030373895596433505
360,93.67419430059672,4.66171925527775,0.0019257560771551198,-0.0001386324623243989,0.0019307396065523703,0.006597791296085692,0.014389507146418706,0.015829995764482668
361,132.28951161858123,11.483943518876995,0.026320891788332017,-0.011031772868304198,0.028539259926475605,0.0038366920649099898,0.007223232694951575,0.008178954491031275
362,66.09456280365401,4.544020003122108,0.0004282292631923,8.437212924698978e-06,0.00042831237247616,0.01182979457297458,0.007850171192179222,0.014197507787823162
363,95.95051138658629,22.11167022283195,0.004029174065159698,-0.0022536538819257317,0.004616622084043099,0.007522625820095441,0.060074886092451124,0.06054404874345739
364,62.29186206555889,10.910286717917023,0.0008672204567862982,-4.3118928106828366e-05,0.0008682917497187897,0.01962993638371063,0.013806614889345908,0.02399910450686097
365,138.59209102797666,5.142708194033133,0.027887543977007042,-0.003047736779068973,0.028053588158094705,0.013245522551491862,0.004314830700900081,0.013930600548415325
366,133.5922615081464,5.101419301764912,0.02218187305977202,-0.0041100119483644575,0.02255942576076657,0.0074197752311316294,0.004838875676612707,0.008858204236425603
367,128.59243198831592,5.060130409495916,0.016374317612855512,-0.004301866684333509,0.0169299832916766,0.002080590504924363,0.0062784942190223314,0.006614253284194539
368,128.5185538640439,13.588464193994666,0.022769619109970475,-0.01173325558964978,0.02561493394770286,0.0003527664488989883,0.012701919230952837,0.012706816923097553
369,123.46836997486815,5.114111471558478,0.010551531049188535,-0.0035742428219857803,0.011140467639758511,-0.0027357140320564983,0.00889678380177438,0.009307894137811506
370,103.46895199759123,4.924106791104706,0.003214503057572386,0.00033255949580379094,0.003231659902494613,0.0014668798182424143,0.016538690384242914,0.016603614547050168
371,101.15097828233803,4.727874098348068,0.0028756286778158437,0.00018351400335577564,0.002881478384806063,0.002793231780808224,0.01570912329697097,0.015955522509173842
372,141.09200578789236,5.163352640166805,0.030873224549540616,-0.0023268562910660306,0.030960785750455865,0.01649108669587005,0.0042585003268599975,0.01703205112265017
373,142.25449291524112,7.298715740146875,0.03860345808765149,-0.00408631735232623,0.038819131440940145,0.020912808897244613,0.003873296641076796,0.021268474389162243
374,143.59192054780794,5.183997086300502,0.03363557826944889,-0.0014412483141228332,0.03366644207847311,0.019646064542387123,0.004369896009052165,0.020126197930398344
375,80.96010318788542,4.7437185686257255,0.0008830708375288567,-8.048607976704906e-05,0.0008867311391454482,0.010948604033859461,0.011771087518377365,0.01607577157263511
376,78.65697720073709,4.566519594114532,0.0007515918136856616,-5.610991638810642e-05,0.0007536833400814845,0.011045747126260984,0.010792787328302394,0.015443211709073586
377,61.09473328292559,4.502731219506937,0.0003564384129642398,1.7480645256204996e-05,0.0003568668031563586,0.011578223544775083,0.006744029317789873,0.013399148924166543
378,56.094903762197,4.461442435891807,0.0002975522212542575,1.7873641317565415e-05,0.00029808856306019456,0.01111569315845113,0.005697768827692283,0.012490924865944041
379,68.59447756401826,4.564664394929823,0.00047298311944355895,9.808362497025491e-08,0.0004729831296134752,0.011866468782080877,0.008431424440667844,0.0145568540370092
380,144.9404504200177,7.72298470153827,0.041778473947996414,-0.0026142814593309877,0.04186018816216689,0.024312605426785382,0.004286907439659729,0.02468765598502142
381,145.64092300461292,5.571997250944269,0.037350519583048455,-0.0006873143907657217,0.03735684293667547,0.023135555832684826,0.0047314935804280344,0.023614423033157268
382,53.40640987623432,9.121267820219106,0.0005220761712643497,-1.066253115320333e-05,0.0005221850420805211,0.016795951844931534,0.008387134303059644,0.018773599020827595
383,52.391308756695906,6.569032152036331,0.00037224773597744135,8.134113163883541e-06,0.0003723365960220587,0.01398545940028706,0.006603680843060708,0.01546614610412318
384,55.17243157166052,10.656219442628645,0.0006442600515138078,-2.7460072267452586e-05,0.0006448449965266909,0.018126041400530785,0.009864273452292047,0.020636309447072888
385,118.59277294865296,4.977552624958087,0.00664074386460458,-0.001360722354470399,0.006778719967754888,-0.004585976576167765,0.012345691257446433,0.013169938260346884
386,117.32493695389543,7.132220091273201,0.008603577214879997,-0.0019930268395143705,0.0088314040149586,-0.005039924176726452,0.018106638646061855,0.018794978019838503
387,116.15553645465408,4.935618005285382,0.005413177424953576,-0.000711127366156686,0.005459687899955818,-0.004574295126073073,0.013573310403669069,0.014323370106743971
388,122.13012726555817,2.7533817187736638,0.0050762694301535755,-0.001460395633082488,0.005282164966435458,-0.0027073663258942865,0.005575065151414123,0.006197675682471495
389,106.09319914899764,4.87433039428615,0.0034039584096830474,0.0004305333155750585,0.003431077351309934,-0.00019442070606760396,0.01634472836777282,0.01634588464498711
390,108.22107217404528,3.1608840651534176,0.002329170964421235,0.0003058261132353794,0.002349163040965783,-0.0012388479574329085,0.010388266901125862,0.01046187523681404
391,102.36120562387741,2.6783740357803993,0.0017776018301358346,0.00019514580353172394,0.0017882813400408534,0.0012204951284208961,0.008883841946159052,0.008967288111956379
392,91.19328520115144,4.656850075665049,0.0016381199874687521,-0.00015543309908961636,0.001645477602897477,0.007652974823757069,0.013903694892858882,0.01587075156779822
393,89.89036953263874,6.917713698049674,0.0020702307169941023,-0.00034444729404405246,0.0020986898675031014,0.010859543899065892,0.02010775765364769,0.022852825023475028
394,88.4992119305534,4.6398092052696995,0.0013687677335619472,-0.00014427433656301222,0.0013763503161008854,0.008652658457278462,0.013293495076455412,0.015861447277157808
395,83.51451334129352,4.635129677441206,0.0010015870296259406,-9.98243384543554e-05,0.0010065492916210136,0.010165370124642433,0.01213495245818683,0.01583009225915716
396,85.95565032073156,3.4138142143376817,0.0008786804599188042,-6.434370635566424e-05,0.0008810331793926407,0.0073933142439397805,0.009414854361319669,0.011970821949828795
397,85.95750487916517,5.495718957169808,0.0013506242713759234,-0.00017274028582986222,0.0013616259136702438,0.010788355326775079,0.015001963191170154,0.018478298359047577
398,87.86106110582338,1.9378144821586243,0.0005825606679287741,-1.736201360996232e-05,0.000582819329924988,0.004199063722441962,0.005534998262707387,0.006947542149084232
399,99.4145270486426,24.406054336077116,0.00498096809475643,-0.0038312357799375335,0.006283980487116033,0.005015693553197582,0.06436463712829497,0.06455976838927378
400,120.95904722607895,18.12904305786761,0.020587618868691968,-0.00919105245419186,0.022546074955482335,0.002817161727482618,0.030790843838178792,0.030919451231642286
401,79.86197255340772,2.492574468292459,0.00044589879450108484,-1.5165798449678032e-05,0.00044615662763219927,0.006507416806342188,0.006168330660892655,0.008966313436054595
402,115.51718033773444,2.483989335306031,0.002465121047301339,-9.205163144661788e-05,0.0024668391274463024,-0.0030073562717861267,0.007147180321481925,0.0077541200850405854
403,105.94757712858754,22.1941790192285,0.012328273849175462,-0.009883066144491064,0.015800675065219493,0.007638407833020653,0.05566305343413498,0.05618470247171304
404,108.44965962980079,22.342318917033555,0.015289507674418626,-0.010105327020301914,0.018327211438550876,0.00870977339532577,0.05378194877761518,0.05448264096862364
405,107.17894126342681,24.373717348254985,0.013616049488430588,-0.011131785321444137,0.017587309291478045,0.009206906349711642,0.05639650808019227,0.05714309449243672
406,110.9658290652624,22.63540639223388,0.016642275313316572,-0.009040119711307276,0.018939088996015426,0.008625150844145587,0.05222477919862267,0.052932228268127504
407,98.45063343981553,22.13318185811083,0.004277254416030247,-0.002975391074713507,0.005210360581277946,0.00587808925893134,0.06163014550495535,0.06190982771982113
408,109.73888427883357,20.178806995141613,0.016432898710087216,-0.007941507768221587,0.018251238468901497,0.0074793414691391134,0.05116046713902592,0.05170429331008533
409,113.44240161232531,22.41787860582067,0.018203359763065037,-0.007663250168274639,0.019750638212603068,0.008658564677792597,0.04953081614830381,0.05028193006037648
410,114.84166738519062,20.158185617367433,0.019319032223142667,-0.006902011622796446,0.020514940177344947,0.006545098996761305,0.045445383268714494,0.04591428079930863
411,117.36982534453435,19.93049638505012,0.02012628822429658,-0.007647175038237607,0.021530136175902454,0.005772747929877553,0.04027737253961852,0.040688958666413685
412,104.75385668190093,15.688975761034838,0.006933842039399681,-0.000793231697775322,0.006979067412892775,0.0022724082675372485,0.05051257891984357,0.050563667474460325
413,107.25377127564462,15.709617699748309,0.00938808208722706,-0.001665209695491908,0.009534621576469296,0.0017503768104940578,0.04887375866251357,0.04890509283070972
414,99.71827917339304,19.97780602039162,0.003963404666165085,-0.0028843041857617158,0.00490181468272534,0.004969571333245056,0.05859982534728538,0.05881017063373105
415,108.4908395360106,17.90564334262684,0.013395076863810388,-0.005059939858442542,0.014318906227727168,0.00473729161667095,0.0503940025319822,0.05061617748363471
416,99.83513499893549,6.970181095287786,0.003753481324552424,-2.955066413863356e-05,0.003753597646993462,0.004796558507564682,0.02296790990302175,0.023463415327479836
417,98.51595039370926,4.365140016835427,0.0023987319129788643,3.7854754759559736e-05,0.0023990305902178797,0.004006500233771013,0.014201073427417225,0.014755423769384015
418,101.05921261163448,9.160099590793122,0.004834514182558581,-0.00010533321582016078,0.004835661533618237,0.004740135427420193,0.03036664288474389,0.030734376257862312
419,99.79004400071442,11.31720154382458,0.005022884391520412,-0.0006459443441311861,0.00506424838513026,0.006356070947314418,0.03678266354319234,0.03732779092337216
420,98.4862145821343,17.80183924766445,0.004054842926287424,-0.00229266065167804,0.004658115930353809,0.006688117131745034,0.05372097817991861,0.0541357036287073
421,106.02168800340428,13.53429581895844,0.0072876296373599134,2.2674265960337392e-05,0.007287664910906883,0.0011095202670101988,0.04452792963476175,0.04454175067036769
422,90.87968537575507,17.807313177820948,0.0033283731417917475,-0.0014751851591046257,0.0036406371728920214,0.013134951099936688,0.04796431035059036,0.04973029265754906
423,89.59923467575717,20.15060164875355,0.003367313843684846,-0.0014992352178125421,0.003685988166041914,0.012518616857805242,0.05011081403364605,0.051650841727383136
424,90.95068186585178,22.07038143963669,0.0036249277166686307,-0.0017137461482177284,0.004009616791116522,0.010165876631330525,0.05405758947275528,0.05500516364204705
425,87.07088052674526,20.467151490677416,0.0031492888749963845,-0.0013560458876282246,0.0034288308309873513,0.013313415495021306,0.04698848248236823,0.04883814613740881
426,88.32226333073767,18.04310069939525,0.003121409090561293,-0.0012856763737533142,0.0033758196706379553,0.01460724214632955,0.04552605132232198,0.04781205781101877
427,85.45547168463392,18.425663849980975,0.00288622658164317,-0.001120911274232245,0.003096247077557696,0.01573206190190854,0.04255216252305859,0.04536721621473235
428,84.42646556053727,21.004478497086858,0.0029595767838406575,-0.0012212454286455697,0.003201645691896015,0.013523946168653246,0.043566165206895185,0.04561696911026768
429,87.21235656310459,15.683275933994862,0.0028611264326059253,-0.0010485086763438768,0.0030471978780060704,0.016119233470089638,0.0401774285482976,0.0432903621192618
430,83.25176732314597,17.402679824186446,0.0026193188145369993,-0.0009213748496140787,0.0027766459381219056,0.01724559127310976,0.03855210477174653,0.04223357906560704
431,92.2212016765416,15.610140435343496,0.003388700169032057,-0.00144517852561786,0.003683996444963663,0.012734461586973096,0.044574984846144666,0.046358341061173876
432,107.4577993652101,7.082834040292519,0.005015229435661553,0.000477357632086652,0.005037896049070234,-0.0009243375838408324,0.023605472298857944,0.023623562864670742
433,97.28990680481368,11.296962867465076,0.004304628675910473,-0.0009461957672930142,0.0044073931600793195,0.008417864546785293,0.03573374633638812,0.036711865530933675
434,114.83546857169051,7.108027283081579,0.007192396940907141,-0.0010687314103883041,0.0072713657990174695,-0.004778276030962914,0.020009108558626348,0.020571736609702372
435,113.43832453446267,4.781318482392947,0.004365112466924448,-0.00015715230775757862,0.004367940441069769,-0.00391743674142238,0.014334376441630806,0.014860035618847831
436,111.14005469295584,3.882787585853058,0.0031312056802176216,0.0001867371660823976,0.003136769003453009,-0.0027232934504569165,0.012284107633175494,0.01258235381638674
437,134.74646531005055,11.521798435463014,0.028508021275760846,-0.01066694528089227,0.030438314649217736,0.006100941600004007,0.005503864586922402,0.008216691170893424
438,126.02962260304677,4.949598866866421,0.013132967234470272,-0.0038886582962244197,0.01369658686412293,-0.000477819534752226,0.007338994954968767,0.00735453319095426
439,111.02151531952106,13.575578043150678,0.011081746365405803,-0.001874385956859714,0.011239146997101586,-0.0007985275238319815,0.04037868647763997,0.04038658153230925
440,91.068702461144,9.08254034848944,0.0026691042696876804,-0.000605170673219101,0.0027368502235579984,0.012008245227335488,0.026654181446336783,0.02923428367540531
441,88.61847417029833,9.090953948265371,0.002320929311892525,-0.0005298462748150397,0.002380640658675157,0.013472396555269038,0.025553806885789055,0.028887757187061533
442,78.5226846926582,13.299649511340887,0.0018754392871629909,-0.00044721620458900444,0.0019280235614435373,0.019740960925782654,0.027771849291635276,0.0340731734851713
443,79.71718192129154,15.52711291126743,0.0021753112994763596,-0.0006222138334401571,0.002262549293198675,0.019210142074961682,0.03218347122031706,0.037480733428378765
444,77.30461227344539,15.408389320916882,0.0019865247511033114,-0.0005088053414597491,0.002050649522040284,0.019795829873679914,0.02959363015137922,0.03560418270265868
445,78.39309010895728,17.59242544873259,0.002243649126148932,-0.0006695548752676745,0.0023414237404330673,0.018419619216120543,0.0329678374003262,0.037764542562054484
446,74.6066520795966,15.807693644784797,0.001845124996794928,-0.0004248714467524903,0.0018934101510404546,0.02004781574837117,0.027313177532156504,0.03388103574543934
447,118.55701571905465,9.307532003725964,0.011982223563267155,-0.0038581063684413604,0.012588036632863857,-0.004646721571952717,0.021370782588157916,0.021870125052170238
448,74.8263723754019,6.782902471984599,0.0009057105555082094,-8.220358436526433e-05,0.0009094333618476322,0.015367609075126867,0.014179958169511786,0.020910155962474926
449,73.73345332522544,4.563369666870833,0.0005886816130584345,-2.4034599397887275e-05,0.0005891720491684049,0.011625496639757657,0.0096071949937781,0.015081457746832418
450,140.82215306456638,9.761587480181426,0.035870108027717756,-0.0067429325641386526,0.0364983806419499,0.01536817873095702,0.0035796550780243797,0.015779570589349555
451,64.79187982590466,10.918458416091406,0.0009495801440981069,-6.118459301716124e-05,0.0009515492654025104,0.019895754694237464,0.015209360941665691,0.02504327684443747
452,65.7926269285522,13.35683729846224,0.0011808753410756066,-0.00012546977232853252,0.001187522309234064,0.02062895445700597,0.017866444964131877,0.02729035759468131
453,68.52296329301389,13.224623154014203,0.0012889665907637286,-0.00016709994983138063,0.0012997527708524877,0.02077167315820107,0.01975148135684963,0.02866327653254438
454,59.74946066245494,10.932592515205565,0.0007907701595278281,-3.376854315701396e-05,0.0007914908462557315,0.019251234410646842,0.012427050882783622,0.022913786679136346
455,96.09353992803094,4.791752704815614,0.0022827308040403275,-9.104969892699918e-05,0.002284545900477663,0.00558217477845949,0.015217137751885256,0.01620870002859948
456,94.8614611156021,2.616440819139486,0.0012438854727566126,-4.370226407437192e-06,0.001243893149837957,0.003732899273205667,0.008181172150643635,0.00899255885398402
457,83.47772609819135,9.063925223194767,0.0017648367219483332,-0.00035837854016771776,0.0018008564165946388,0.015905769328037434,0.02286417824411438,0.02785254287664539
458,123.52068734658295,13.667625165354893,0.019554592636612363,-0.009330418504172933,0.02166653647094678,-0.0015450107660254092,0.02090969931730111,0.020966701786572842
459,117.27269993178636,15.752505780402977,0.017806493272313807,-0.006557964018519331,0.018975723826119284,0.0005365128937502399,0.035054268545636064,0.03505837402611151
460,69.8265094588968,6.745657721015401,0.0007279848942889494,-3.318596887516947e-05,0.0007287409106418251,0.015702516725514024,0.01231351048643245,0.019954738084338005
461,77.33676666909524,6.7893543665161715,0.0010193584334598181,-0.00011347136710935802,0.0010256546041525487,0.014993185856276492,0.015136795682529937,0.021305356266805454
462,129.78850013549405,11.526463767210524,0.02386850760104728,-0.010884611171166977,0.026233193009024745,0.0015296785023597263,0.009646796085468352,0.009767322613448837
463,124.79349338048104,7.195050572649605,0.014918551233559216,-0.0057645184246685926,0.015993525051616195,-0.0022795937827871995,0.010800581570084514,0.0110385284375487
464,124.75029356457391,15.772872518755271,0.021134814025850324,-0.010854862361376099,0.023759385530600304,0.0002842046202380308,0.02080847535253329,0.020810416112205687
465,73.4982250045455,13.310588214372643,0.0015516940401216345,-0.00028665609526741867,0.0015779499710393116,0.02060079951547528,0.023653826411838955,0.03136712362646943
466,131.0923467482311,5.080774855631257,0.0193488090279034,-0.004345127513386309,0.01983069701008673,0.004741378226015541,0.005415621181657484,0.007197889987027551
467,116.05884202221519,9.28629616434452,0.010149216680007015,-0.0025337747679472036,0.010460717651883092,-0.0047106719819879125,0.024188894700143453,0.024643316687015037
468,112.31870405926777,7.227436871526312,0.006271022036160555,-0.0003296760908930317,0.006279681815420092,-0.003919141210172372,0.022028282745336546,0.022374201852440753
469,71.84737208341552,15.26780857464817,0.0016345143368220322,-0.0003164628078121774,0.0016648681106937976,0.020458021017530338,0.02422247412288896,0.03170581770886438
470,136.09217626806156,5.12206374789969,0.024977535789537195,-0.0036394837570099966,0.02524129822602536,0.010207171674910892,0.004509784668352085,0.011159055128280655
471,131.22757637726673,13.732036651526817,0.024583577284440827,-0.01225733324861864,0.027469883335532515,0.0019725419490518835,0.009299644562573034,0.009506540418625675
472,109.75601500302497,15.73454486805467,0.0124972626691493,-0.003142083012672655,0.012886204246411693,0.00203328943242906,0.04599465412260277,0.04603957508246452
473,6.190420043390274,1.9348078625010736,1.4911350052021434e-06,-1.2405990482480769e-08,1.4911866121780492e-06,9.659648767399237e-05,0.0009581901736807402,0.0009630468785938091
474,50.922834323084835,2.1393866691041388,0.00012036453743918644,1.1011182325920075e-05,0.00012086715024837795,0.00567784377158672,0.0025144331513853838,0.006209692743391733
475,49.7142857144196,4.317755227445839,0.00022488789552368646,1.1972893813902598e-05,0.0002252063847659553,0.010052347997592023,0.004347343679317236,0.010952127525316342
476,47.221136060844884,4.3140159914825125,0.00020060377545017515,9.143678395402493e-06,0.00020081205536387213,0.009622618697107578,0.003877238308329603,0.010374380342435058
477,48.314740938994284,6.5775744461400025,0.0003108910817247179,1.763653281232729e-06,0.0003108960841967323,0.013077995456440629,0.005389330572826701,0.01414492308858151
478,45.93633903288285,6.557653255975949,0.00027530485047310566,-1.7247191520046966e-06,0.00027531025289693144,0.012395077268920146,0.004662046026227827,0.013242832538893164
479,49.57607764560775,8.642056743557633,0.00041916824828486937,-1.2412207845746964e-05,0.00041935198017156413,0.015374750177903837,0.006599451660417784,0.0167312792473004
480,16.157142857171852,2.1526917179845912,6.565271721432832e-06,-1.1913327171634036e-07,6.566352527292108e-06,0.0004225841825518658,0.0010379105029855722,0.0011206407111785616
481,36.042485172817784,2.118094044270604,5.268808734585229e-05,4.035575948277648e-06,5.2842411199702814e-05,0.003619600487230174,0.0012396303313145765,0.0038259888977193856
482,34.434379782200864,4.163088814827491,8.570605223183654e-05,8.589345773474884e-07,8.57103561874203e-05,0.005552721734816244,0.001535672533169672,0.0057611638401830305
483,31.91470824570351,3.9271092278224162,6.556571750691333e-05,-1.073269353290792e-06,6.557450128900009e-05,0.0042572714188720585,0.001287483242546968,0.004447693001296759
484,21.128571428615995,2.1526917179847307,1.1830125450890128e-05,-2.5259906692311993e-07,1.1832821915012868e-05,0.0007560664820347279,0.0010203744665870835,0.0012699608566090707
485,31.004460356596518,1.945996688758343,3.282131535326709e-05,1.4488223698965561e-06,3.2853277276066675e-05,0.0021967597733724433,0.0009298159940979005,0.002385437336168698
486,11.185714285732491,2.152691717978765,3.531381534099538e-06,-6.383447450085697e-08,3.531958434001455e-06,0.00022834687917921712,0.0010437326467742057,0.0010684194565680546
487,45.982985010719666,2.1540527078344742,9.75403463782205e-05,8.15554771620497e-06,9.788070356374912e-05,0.005289096532680136,0.002095227316513547,0.005688982302650764
488,41.0142857143929,2.1494435859504866,7.422841982508959e-05,5.638784458512826e-06,7.44422877126927e-05,0.004640429179249524,0.0016581353199247033,0.00492777796849779
489,42.38495834123025,4.216680811498738,0.00015201863657436122,4.559159855971554e-06,0.00015208698762392533,0.008405347042148353,0.002916547956024112,0.008896972006179433
490,26.10000000006088,2.1526917179841907,2.1252031818665357e-05,-2.906575134697695e-07,2.125401934250793e-05,0.0013623288077183888,0.0009793843263861104,0.0016778359392712334
491,180.21428571430087,2.1526917179753666,-4.220636393596034e-05,-1.6057727850848234e-06,4.2236899305371044e-05,-0.00034948650506028936,0.0010405849920338025,0.0010977057633379014
492,155.35907745022428,2.1239886045450045,0.009978943234649974,0.0022981768334655963,0.010240162344330506,0.005230607801657897,0.003717416099650741,0.006417042966406488
493,170.2714285714575,2.152691717974814,-0.00012502387755865328,2.6002934776831657e-05,0.00012769934446507268,-0.00114591519103308,0.0010380310711711345,0.00154616626847085
494,175.24285714287885,2.1526917179749243,-8.179133416278523e-05,1.0963977851377548e-06,8.179868233799156e-05,-0.0006508575722123722,0.0010358306346353397,0.0012233399703088402
495,143.22858807751038,1.9606263907932178,0.018933683036865635,-0.00048309515121323346,0.01893984514893454,0.012613095104742216,0.0021079090290668243,0.012788019729265885
496,185.2095799566257,1.9348078624994522,-1.7088788733195573e-05,-3.5046272338429277e-07,1.7092382060095483e-05,-0.0001470561635155744,0.0009575202962275092,0.0009687469395644749
497,165.24908169737938,1.9057129737556193,6.800104418085541e-05,0.00029472613190459655,0.00030246922957076526,-0.001598651823289129,0.0011858899786225375,0.001990483030197198
498,128.34011176681938,1.9951060918035364,0.00781699391248131,-0.0011430068594490929,0.007900117626245672,0.0012712611969376867,0.0032277703944043057,0.003469093073100283
499,138.2440890357981,1.950004736010212,0.016552156612940662,-0.001065177511381198,0.016586394776143112,0.009993517495535073,0.0020594338639452862,0.010203512129337143
500,148.0572260934002,2.064283892480218,0.01877512463382717,0.0006025625642384444,0.018784791365878017,0.012672558609914163,0.0027706486041139218,0.012971901765322924
501,149.1428571429615,4.3177552274287985,0.03083591410821572,0.002328897955289252,0.030923734647927113,0.019880349933738464,0.00594081704823886,0.020749014932968275
502,151.40239605323399,4.229040564840694,0.028343618405487544,0.00409168057084282,0.02863743274474346,0.01829768379920186,0.007079356614510425,0.019619442461267515
503,133.25997341913938,1.9394527415146596,0.012113675348651149,-0.0011970564775642498,0.012172677382687715,0.005536899531983627,0.0024774673685786603,0.006065896552831459
504,152.83205346268133,2.13183277431263,0.01430896181579494,0.0019682319244342847,0.014443694996580339,0.008904367189709928,0.003653522448236865,0.009624758767312216
505,160.2269014491008,1.7754690753254836,0.002284413511533279,0.000858062591407058,0.0024402492705557772,-0.00048745356911252674,0.0017806271240762255,0.0018461429893257214
506,76.21272277187592,4.548161652083156,0.0006604966245904818,-3.868283239126408e-05,0.0006616284097718526,0.011350459716093256,0.010164571934124046,0.0152365172651311
507,105.7908547105591,26.44700393689718,0.013334908894765133,-0.0107417945941699,0.017123257468572503,0.010777249615262566,0.0594005456758769,0.06037030673983374
508,73.23697227468165,2.1720157279334136,0.000275072800044655,2.4084339174358855e-06,0.00027508334351309137,0.006190968524942152,0.0046857930090219305,0.0077643253023184965
509,39.75431568856925,4.610546415395112,0.0001398320588683888,1.4178759067918437e-06,0.00013983924720713999,0.008152432035137238,0.002525771073723546,0.008534733013070209
510,127.41399202849182,15.880933905383404,0.022371005250807936,-0.012199461588768435,0.025481144773881585,0.0010381232051641237,0.0159040963745055,0.0159379415634096
511,125.9854826071776,17.99250505137608,0.022333889549512133,-0.01207998136556241,0.025391505906545646,0.003150150546587665,0.019643402030138243,0.01989438844960573
512,44.73614868091095,4.301567783749566,0.0001765422580671007,6.5140884490966515e-06,0.00017666239620177645,0.00909824888410192,0.0034008720688798256,0.009713087232489408
513,61.06316912880552,13.39102360930674,0.0009955239425961798,-8.392638613887731e-05,0.0009990553330885001,0.019970827611796794,0.01452693323221322,0.024695460000439068
514,70.02351821977793,16.848477097395055,0.0016675052346875711,-0.0003195691216081307,0.001697851033275842,0.019668551955979153,0.02337365254075981,0.03054798797206158
515,39.92146696416361,7.156182070044358,0.00020692482401845312,-1.2930524525661376e-05,0.00020732843813518813,0.010656442268173449,0.002781657715202907,0.01101350904387251
516,44.47612910842774,8.5828587912483,0.0003191226212322512,-2.03960371589865e-05,0.0003197737414390582,0.013507453822942994,0.004483686362913917,0.014232173136240213
517,71.18073762529116,4.583191541122556,0.0005279512047957607,-1.1109995651729105e-05,0.0005280680890270465,0.01182566713204545,0.009049860023515818,0.014891150713197748
518,68.3571428573414,2.11930092223922,0.00021760873619742875,9.213531318416543e-06,0.00021780369884094619,0.006164088674205281,0.0040871729734184735,0.007396010552866202
519,149.37269092728812,8.664160987985557,0.04380332775155975,0.002732694682862976,0.043888485304693664,0.02729348330418259,0.007433702397871616,0.028287703374714177
520,153.84895506003477,6.9029593075754425,0.043449800766929544,0.011804436375836445,0.04502476990321041,0.030973001606687475,0.014268587118006356,0.03410160416860183
521,144.93820256077024,10.478809052960251,0.038032023142508614,-0.003859929751786828,0.038227396484733826,0.018513348609327844,0.003894489628562341,0.018918539219439773
522,140.59731684775804,12.375041187022738,0.03198335274490851,-0.008186733286266646,0.03301450370224748,0.010575076325255749,0.0033943101620279095,0.011106465718716759
523,135.87691717046528,13.827914872652938,0.02743495777034824,-0.011420525948463168,0.029717088026930093,0.005171689691232852,0.0051666522461131705,0.0073103125579328295
524,120.73777954894292,20.731400280451936,0.021786386689729896,-0.009518111295227883,0.023774799423397552,0.007378962331822385,0.032967578794187644,0.03378328487056024
525,13.38769841270388,5.38805718105682,9.711155644615823e-06,-1.8924805665377644e-06,9.893837811925e-06,0.0006282386160493922,0.0018175617053936574,0.0019230741825548893
526,23.12420634922757,5.361215297754451,3.0429114923746087e-05,-5.624913019077794e-06,3.094463897858137e-05,0.001955235944079153,0.0015369279668423668,0.002486985157229795
527,27.992088347358703,5.402285434084,5.309198096757357e-05,-8.682305591268201e-06,5.379721994156725e-05,0.0033811147709777428,0.0012206791848139802,0.0035947176198919987
528,18.2559523809657,5.372143778812995,1.7387831523348442e-05,-3.2233097108331035e-06,1.76840722283161e-05,0.0011220765735619745,0.001723097360358037,0.0020562393708441185
529,168.27579365080732,5.3612152977576635,-0.0002456147704391889,0.00014386417122755216,0.0002846462984492964,-0.002879785304267429,0.0015448972984395092,0.003268007200328718
530,173.14404761905877,5.3721437788173,-0.00019423525398204943,-6.215643167316613e-06,0.00019433468066573878,-0.0017050950173802346,0.0016427563677816157,0.0023676987777548793
531,178.0123015873096,5.38805718106108,-0.00010990346822632746,-2.3390194507276365e-05,0.00011236491234928985,-0.00095543602643821,0.001751493410988699,0.0019951408895997453
532,182.88818854058255,5.4184217169780124,-5.732389742523576e-05,-1.4964607212175724e-05,5.924498869131171e-05,-0.000496364253852405,0.001826664948901334,0.001892903142806617
533,164.01083681233726,5.656182628745933,0.0017016701856968639,0.0025399051838370995,0.0030572536309197785,-0.0026655802749183,0.0035510699487574554,0.004440204497880902
534,8.51181145942493,5.418421716974798,5.036411937868349e-06,-1.2016410495662583e-06,5.177778135446276e-06,0.0003263047505743535,0.0018686369409036052,0.001896912967733885
535,131.50815714852538,16.170108708377473,0.024060061364393363,-0.01311483617108814,0.027402289697265374,0.0027388858163939767,0.009593251501025924,0.009976571048069585
536,154.01429369313556,4.451627522590615,0.025422536237598763,0.006807630625165337,0.026318229109890946,0.01610330490094953,0.009194238740502094,0.018543205083002633
537,65.78230858128174,2.140444102274549,0.0001996514508994969,1.1689902179370621e-05,0.00019999338903883167,0.006223275448499428,0.0038743994046343687,0.007330765857298057
538,57.300276622058064,10.81182557330437,0.0007119463847020426,-2.889450418878752e-05,0.0007125324884260538,0.018706694881048237,0.011046997965129049,0.02172502238006216
539,63.6785398578443,4.553838663675575,0.0003937357737714142,1.3986153106209092e-05,0.0003939841012351699,0.011796130184408685,0.007349179665939896,0.013898169990677986
540,60.80840728669057,2.1219651043719114,0.00016759038215626194,1.3915488537010086e-05,0.00016816711037686763,0.006096187391878966,0.003376314215938123,0.0069687156924106135
541,94.94816752850103,24.475989623316764,0.004431025228288079,-0.0020853010329951044,0.004897189497245933,0.00655754079357555,0.061540317885359255,0.061888707101461375
542,58.680920677232216,4.533097091764753,0.0003306012410861769,1.8514321713946572e-05,0.00033111925452357485,0.011479134103151338,0.006291865963380029,0.013090381853073355
543,55.8228528409329,2.10108787241811,0.00014123371935666467,1.3207170889619049e-05,0.00014184989547484593,0.005864105542553123,0.0028996258163274543,0.006541831829764115
544,53.74141158942835,4.466545803424073,0.00027328651262918495,1.610708931455338e-05,0.000273760764740327,0.010871865535676362,0.005243266918109491,0.012070182608410234
545,93.45158110874311,21.9718107706725,0.003872841946136096,-0.001889553306788385,0.004309212972103623,0.009123018374986004,0.05727985774627414,0.05800182383083945
546,147.61277220121372,6.578809540451073,0.042918520209632355,0.0006041268554194937,0.04292277188442121,0.027782159718605638,0.005786039183439981,0.0283782777501105
547,79.18260370322913,19.878296583146955,0.002464996025814785,-0.0008313774456817661,0.00260142150842016,0.016027179051283237,0.03546723145850546,0.03892036710609358
548,65.27447700205961,15.591140683837326,0.0013296878801667376,-0.0001769553645851839,0.0013414108467273507,0.020064525693897335,0.018520849172648863,0.02730580607484559
549,3.7281397962309875,1.8678664216997258,8.264857656903221e-07,-3.2677853540902263e-09,8.264922258012101e-07,5.355993460502428e-05,0.0009306380720896868,0.0009321780343999227
550,187.67186020377528,1.867866421698331,-9.38948351160078e-06,-9.838901916976447e-08,9.389998989015713e-06,-8.14506904907222e-05,0.0009304370266457213,0.0009339953295037113
551,118.4869882429103,17.787426309088413,0.01953905879888417,-0.007707569036006839,0.02100431953649211,0.0026019543241724563,0.03571079012913154,0.03580545625951383
552,3.643382499272869,5.514193850251008,1.9274269502436703e-06,-9.046839442618791e-07,2.129184747158134e-06,0.00012497300575587325,0.0019023219735503601,0.0019064226035221557
553,187.75661750072632,5.5141938502492165,-2.198048599578233e-05,-1.045756980747838e-05,2.4341374876721045e-05,-0.0001901061966350183,0.0018715458569561912,0.0018811762970782182
554,82.25618716867025,15.312886458813788,0.0023664326639962797,-0.0007329694017581051,0.002477346906903061,0.018474822728065807,0.0344786984108983,0.03911648909274883
555,72.22905674280146,17.711318826790333,0.0018593426306560863,-0.00042409118813325586,0.0019070942173965533,0.01898867463361809,0.026010698182603653,0.032204443548801025
556,37.02076921300299,4.229797834303862,0.00010658146919423003,1.523779637088279e-06,0.00010659236126469387,0.006699084157301009,0.0019307282200157596,0.0069717601799091315
557,76.84599584666604,19.214315128662054,0.002263488822911195,-0.0006683636235776682,0.0023601041470167746,0.017147067550007136,0.03210014118532883,0.03639287003909628
558,81.08345456360972,17.969124579097645,0.002478334505398347,-0.0008340576594901344,0.002614917608645104,0.017525626811261793,0.03655207908070633,0.040536429051531264
559,120.25283744334521,1.867851407644995,0.002682835671009116,-0.0004722184935291742,0.0027240773746848483,-0.002526948447655883,0.0045120366154243535,0.005171454618967524
560,118.56568692814068,21.75514417848478,0.021382151750594124,-0.008309012437248336,0.022939836554949182,0.009125271646129541,0.03891019003016094,0.039965903853145766
561,137.00335017235108,11.459570248006317,0.030465651940781546,-0.009826525657626066,0.032011194208851845,0.008348386152151638,0.0044023549359489215,0.00943802311543636
562,87.51598609802933,7.051862043333605,0.001818900445814807,-0.0003123224568579372,0.001845520021252298,0.012145318071503809,0.019650090039046265,0.02310053656521039
563,43.598910374492775,6.291722984269318,0.00023361762558626355,-3.198438988856109e-06,0.00023363951933808,0.011374498160183655,0.0038877758632953094,0.012020566108101687
564,150.08584052690568,6.325156182119291,0.04308811684633782,0.003903737647504049,0.04326459269407493,0.029271665883739008,0.007973387428801815,0.030338182719125167
565,110.27541643556063,1.7607230220549626,0.0013382545752231544,0.0001559184149783059,0.0013473068916305046,-0.0013609666103232428,0.005620358250365422,0.00578278972269141
566,123.57353848529057,17.80012980928638,0.02142017718454861,-0.01071833687589389,0.023952176018111667,0.002496185978243373,0.02473906844149749,0.0248646828210431
567,109.07114485903834,5.218710320497658,0.003937573843405423,0.000362926485304766,0.003954263952495613,-0.0020145907304026925,0.017074167055542662,0.017192607610586674
568,86.11683307197934,22.35027221427111,0.00313501158323028,-0.0013351551824894708,0.0034074825000748746,0.011219048344198632,0.046986200017665423,0.048307039216345354
569,55.89053024391226,12.592578455260961,0.0007649410230463824,-5.886841354013064e-05,0.000767202879851202,0.018730645522677253,0.010850498595278165,0.021646487046685495
570,100.28852054241752,2.208447584488755,0.001392847852042918,0.00011586819837952308,0.0013976589635301907,0.0016844476261314322,0.007231709353661968,0.0074252935282736006
571,92.82571536582243,2.0495817479867298,0.0008690462040755078,-8.016077212212466e-06,0.0008690831734143294,0.00345950417381417,0.006258673308375106,0.00715116498967858
572,143.1741371621366,9.289187016493873,0.03863066051480335,-0.004781878849614955,0.03892549674881981,0.019135888291158545,0.0038005892300417825,0.019509656562513043
573,84.51226821618184,7.079981393922184,0.0015356811073056788,-0.0002506549982202828,0.0015560026964849404,0.013418341745215223,0.018587191141848224,0.02292456258546685
574,77.85685216341417,2.0089019487548803,0.00032167908760383484,-4.6215764522833635e-06,0.0003217122850786708,0.005520675910020358,0.00479629812184617,0.007313161982145904
575,98.9787227722129,26.608492524971773,0.005945766913908024,-0.0037147851127355795,0.007010832520344872,0.004963363185742517,0.06576788744674833,0.0659549087886697
576,90.4125114000547,23.943072164148404,0.0036621817357065743,-0.0016336744222502884,0.004010045783187223,0.008000815483184633,0.054681904755168195,0.055264127207884615
577,112.23222301340502,24.462636090607376,0.01660555346928229,-0.008153520808368484,0.018499305597608005,0.010223497392369076,0.05264684396476227,0.053630309325807576
578,51.52918133649889,8.484005784976643,0.0004514248940771688,-7.344611983628056e-06,0.00045148463796432003,0.01581577862731645,0.007332814416594092,0.017432986573059993
579,156.38199031693773,3.939226275128578,0.016480798732825767,0.006300215874432799,0.017643963470160735,0.00908737977198415,0.008102662965807297,0.012175122925774991
580,63.527802073082185,12.618030525380133,0.0010349671222538888,-8.381018984869856e-05,0.001038354993279741,0.020334490821965187,0.01579805809545153,0.025750148670946504
581,107.82221241881652,26.28210992763656,0.013678421766588107,-0.010716562837987477,0.01737653420809816,0.01053518264879747,0.05759210079090959,0.05854775953829328
582,76.32336034916557,17.25888913904096,0.0020756000094873,-0.0005552966431986461,0.002148597161249955,0.019004865380230544,0.030321446454387224,0.035785122931281894
583,69.7598854422524,14.81343536040862,0.0014836906078171536,-0.00024353601966993228,0.0015035450151563497,0.02062938785620254,0.02202688474157321,0.03017872254983944
584,133.52580705769597,13.1486422914873,0.026419642247954643,-0.011817406994193737,0.028942159639120384,0.003760589414163417,0.0068325869859566304,0.007799120313380341
585,51.7120554261762,4.214397288518079,0.00023889278258089515,1.4273108880619639e-05,0.0002393187899149602,0.010149460900576513,0.004630995985913212,0.011156060254134329
586,97.18725115971372,23.6706467679494,0.004572084368838753,-0.0027059670631586867,0.005312834763351793,0.006279134209436394,0.0628394161794566,0.06315235349688138
587,35.11336456465594,6.032540135703787,0.00012239307177301824,-7.1386567520766164e-06,0.00012260107845471493,0.007391907115642586,0.0014990114771390828,0.007542368740315087
588,83.179524890399,19.279442885224075,0.0027388824681713296,-0.0010346526125276471,0.0029277949386981596,0.015797022559623633,0.0404832565163461,0.043456184599174566
589,50.473719175394436,6.318260461667354,0.0003309815996534078,6.5886172884690885e-06,0.0003310471706372109,0.013266583884722146,0.005887341477071862,0.014514235689075056
590,160.15939494824568,4.0084552047652595,0.005709447574039151,0.004369027945301735,0.007189311287427262,0.00029297787380004776,0.005601767565460575,0.00560942384670498
591,41.554960353618355,6.068708665278792,0.00020031172301609827,-4.0850381409726654e-06,0.00020035337260523287,0.010426437412029642,0.00325057945762512,0.010921394778933035
592,1.7866255426301738,1.772140452736053,3.671024965593306e-07,3.6098914678893456e-09,3.6712024501040973e-07,2.3793014794529013e-05,0.0008900737181557518,0.000890391672975785
593,189.61337445736996,1.7721404527382574,-4.15759283134297e-06,2.7693554320629267e-08,4.15768506313133e-06,-3.6169171339712626e-05,0.0008901584924364947,0.0008908930073876518
594,186.52152994683993,3.669882870104095,-2.2668408413494993e-05,-4.191036595240829e-06,2.3052581802124865e-05,-0.0001960827761277205,0.001535452780204281,0.0015479223802668562
595,4.87847005316786,3.669882870104045,1.9889445237687633e-06,-3.465815634786756e-07,2.018915327291632e-06,0.00012889237037605488,0.0015474598293130943,0.0015528184589574112
596,48.973297978901115,10.55350941901641,0.0004795553761094695,-3.6208051708989985e-05,0.0004809203486691488,0.016089978599101013,0.006638151870634135,0.01740552991371225
597,127.86893364021687,17.96632782936374,0.022864204165491397,-0.01286176891812484,0.02623350780632503,0.0034640480936235854,0.01584638964290258,0.01622059474586636
598,189.66665266653206,5.555345705302132,-1.0252136031431287e-05,-9.842593632211345e-06,1.4212070314201903e-05,-8.865808434101599e-05,0.0018817023958407663,0.0018837898403038218
599,1.7333473334664533,5.5553457053032735,8.98759908849134e-07,-8.617294746327215e-07,1.245129335131612e-06,5.828304938407861e-05,0.001910895206561051,0.001911783827817232
600,114.24258081574,24.05649957763283,0.018496182316710033,-0.0073985427060493415,0.01992102393116912,0.011045324358138837,0.04945020226846783,0.05066874475027851
601,124.7381341666136,19.36657037807944,0.022476246933698853,-0.011708462916671823,0.025343042045020685,0.005274988800129533,0.02279263676101729,0.023395080623096146
602,138.89767802443075,11.339849883923115,0.03212941529531319,-0.008806198645082286,0.03331438820983141,0.010411950806616263,0.003807987817290283,0.011086455286340547
603,183.96479125645934,3.606348309261558,-3.6579283312262285e-05,-5.156524113414143e-06,3.694094893977375e-05,-0.0003146161747873192,0.0015120710236727788,0.0015444552819905957
604,7.435208743562354,3.6063483092558393,3.1902659794963233e-06,-3.91002584426627e-07,3.2141375267651408e-06,0.00020664182124524415,0.0015260572100397325,0.0015399842371277065
605,53.50377677380627,11.722473863495011,0.0006487435068018368,-4.591992496641244e-05,0.0006503666482273409,0.017929736132994218,0.009247595966120015,0.020174079135152553
606,181.45714285715573,3.5497108351539315,-5.330691291971902e-05,-6.6623583879820905e-06,5.372163422980003e-05,-0.0004536446177780997,0.001487349565982344,0.0015549926593610996
607,9.94285714287512,3.549710835144383,4.596762699944374e-06,-4.6178929410730117e-07,4.619900071619733e-06,0.00029751022706960565,0.0015044622868617067,0.0015335967878814054
608,129.7133823294679,15.180452772214888,0.023430554738585234,-0.012654231901022515,0.026629316182784246,0.0014375387864667966,0.011855966864200481,0.01194279984122719
609,178.97142857144544,3.5262002212975143,-7.497486147262544e-05,-8.31485302311055e-06,7.543451884671437e-05,-0.0006286112710706019,0.0014677933310402206,0.0015967371082188653
610,12.428571428589864,3.5262002212875627,6.363622144351993e-06,-5.773434428705222e-07,6.389758387225032e-06,0.00041137073749261595,0.001489234953425021,0.001545007000038525
611,176.48571428573334,3.505493625606269,-0.00010293617087555446,-7.788940519105184e-06,0.00010323043576838908,-0.0008520918281286413,0.0014461276187199695,0.001678495032220322
612,14.91428571430901,3.5054936255971123,8.623901831507396e-06,-7.426024214281587e-07,8.655815452964994e-06,0.0005564930405438188,0.001470999948615149,0.001572744528841056
613,108.1285714288185,1.338080182906621,0.0009774288532004793,0.00014448335300840272,0.000988049898722405,-0.0006436578566939718,0.004355240992464356,0.004402546937731134
614,85.83625298855725,1.4736124388469167,0.0003879276336279389,-7.553631861513429e-06,0.00038800116789318,0.003497592290833482,0.004085164880134225,0.005377892145699826
615,111.12080470110175,5.716711881446991,0.004666120131017576,0.00011928273965862565,0.004667644528996178,-0.0032017703546342417,0.01805263218486619,0.01833436287973709
616,146.9800192989688,4.021523685941695,0.029078107908775335,0.0009318607051717152,0.029093035660243946,0.018147306165006108,0.004893460679829323,0.01879549622839217
617,174.0000000000236,3.487591048082501,-0.00013605167510104916,-9.377711305690213e-08,0.00013605170742018777,-0.0011384386694424,0.0014246159443898074,0.0018236154180888702
618,17.400000000033423,3.4875910480725607,1.1561436275743823e-05,-9.77590113674398e-07,1.160269327304825e-05,0.0007442171897425813,0.0014477626543021903,0.0016278439509671892
619,119.26285495201223,19.4924826049649,0.020602938512861314,-0.008524500486926143,0.02229682004045303,0.004941725512005061,0.035698997109201165,0.036039409618343565
620,82.04308566256856,2.777571242419534,0.0005647213583227419,-2.731393257136938e-05,0.0005653815202660907,0.006864920718629904,0.007156625622171624,0.009916875857294852
621,144.57337801404722,3.769794694829164,0.02702687968009059,-0.0001644146239818143,0.027027379773309004,0.0161773320079487,0.00414132310747415,0.01669900080771005
622,171.5142857143125,3.4724924887244977,-0.0001644519061521257,2.039052669349707e-05,0.0001657112036523354,-0.0014994886439448787,0.001404044560229392,0.002054216960408369
623,19.885714285755242,3.4724924887152686,1.5430312292250524e-05,-1.3103508340518998e-06,1.5485850210585083e-05,0.0009903015859839895,0.0014158865420886334,0.001727840250506427
624,96.77915698203296,2.912031901168205,0.0015326070455798561,2.4034791087638492e-05,0.0015327954942991062,0.00345545635585981,0.009289728370513959,0.009911570603349597
625,124.26301067015137,3.159910612118336,0.007553221198723575,-0.001922137330911477,0.007793956786878581,-0.001650054827048263,0.005719665508436766,0.005952919826494095
626,104.5188933064395,2.91182970879727,0.0020147326739644923,0.00026944032396379543,0.0020326696327042,0.00039722720143449777,0.009707195309245612,0.009715319357663931
627,142.25793772927562,3.7594506017787594,0.025973030003873743,-0.0009797664015128542,0.025991503030484003,0.014808216033929648,0.0038278493300256374,0.015294956443249809
628,169.0285714286017,3.4601979475325666,-0.00017799700921746799,7.802476252321712e-05,0.00019434710920712922,-0.0019548253851090786,0.0014031582541474356,0.002406282479770182
629,22.371428571477107,3.4601979475243207,2.056597556083584e-05,-1.7472188083853056e-06,2.0640061151393725e-05,0.0013162119905600325,0.0013707406454423299,0.001900353630554497
630,139.77497076015806,3.747427358808227,0.024543435889678923,-0.0017019727187318515,0.024602377047880698,0.013142186561093503,0.003644696495692726,0.013638213964896633
631,166.54285714288773,3.4507074245059983,-0.00011219425078806168,0.00028383331704560477,0.0003052030500748727,-0.002481040745610328,0.0015299881560086473,0.0029148631080902227
632,24.85714285719955,3.450707424500008,2.7406174184954005e-05,-2.2171260178886656e-06,2.7495709324097062e-05,0.0017522356363216937,0.0013088157965801643,0.0021870821920022716
633,137.27806101004597,3.735446333991971,0.022755432919300565,-0.0023181692341798085,0.02287320781926063,0.01121547682816493,0.0035769159635126472,0.011772053699042325
634,164.31922022600585,3.7978575284105625,9.422529363044621e-05,0.0009016033021356353,0.0009065136073891144,-0.003205773206887204,0.0020933450267065674,0.0038287171813589193
635,27.288902803650473,3.4986604322256243,3.664461501490723e-05,-2.5252146619573384e-06,3.67315194169766e-05,0.0023493779557801904,0.0012480045407353164,0.002660280457546135
636,29.746567085577848,3.5221544529917597,4.830033619605996e-05,-1.8717369687302056e-06,4.8336589411464805e-05,0.003123522714913563,0.0012114132065635076,0.0033502113526787344
637,134.7796964075543,3.7231881688370447,0.020528985517836055,-0.0027477219704684277,0.020712055002305236,0.008952173278926437,0.003704430204581194,0.009688354326537503
638,152.16566159511683,6.018574236791373,0.040911649324649996,0.007194830156039336,0.04153948280175606,0.02846956818774092,0.010379476156006165,0.03030263747711625
639,32.72749711276033,5.721210288447543,9.333903058223337e-05,-7.2804281793984295e-06,9.362253609311423e-05,0.005811127203493335,0.0011595367925278078,0.00592568350052599
640,132.28147827609655,3.711073191676991,0.017862454084686712,-0.0029548945691414154,0.018105211068702914,0.006356311232987072,0.00406369154011489,0.007544287999791561
641,119.94314994714469,3.59337123380483,0.005328251798001409,-0.00109468704626629,0.0054395410608036095,-0.003794718407738651,0.008534505655542757,0.009340111058147107
642,129.78846706413276,3.7043273890700106,0.01491389178761615,-0.0029355521811111596,0.01520005377821904,0.003581751502233315,0.004665422977770617,0.0058817612485768805
643,127.3528333904475,3.795423734931897,0.012220159072987841,-0.002848283622063909,0.012547709247541743,0.0009459419474230762,0.005532670439710143,0.005612953621965622
644,162.39576569429852,3.6493601524553303,0.0012675342916380712,0.0018454130513730473,0.0022387926457482408,-0.0027250348968473276,0.003003658655688034,0.004055586333555898
645,161.22107521922638,4.460158864634915,0.004392530111933609,0.004291968527626983,0.006141279559373927,-0.000821934726360038,0.005420432575154679,0.005482396008698618
646,161.3340854233178,3.197656492585675,0.002121643840587978,0.001983786042977752,0.0029046135114018583,-0.0019377234416426423,0.003144451717849746,0.003693555027636603
647,85.02161509446438,17.02464464867126,0.002750233497121779,-0.0010017377774740209,0.002926988702320062,0.016753330802906787,0.040106895630626305,0.04346535597596753
648,85.90005753369971,15.653450690678204,0.0027302517112168592,-0.0009610449720830229,0.002894457089847532,0.016827304496834127,0.038793746464392,0.04228608448854896
649,86.33391412386925,17.054469891987917,0.0028740008212984995,-0.0010862561125313409,0.0030724311323178832,0.016133406104909896,0.04165641027852472,0.044671504450138275
650,123.04285714306235,0.0,0.0,0.0,0.0,0.0,0.0,0.0
651,123.20792077573654,1.3766908593868319,0.002914298715126647,-0.000595061626568413,0.002974430254755198,-0.0013540042882018615,0.002854568078279633,0.003159412370362898
652,121.96506363288397,1.3766908593868319,0.002427694008711463,-0.0005788694942075602,0.002495754012569678,-0.0017087768008761817,0.0029650151561660164,0.00342216788476352
653,124.27436247803314,1.579955306059168,0.0038694063706634406,-0.0007774185445621783,0.003946730957990422,-0.001098820045783734,0.00308109048101748,0.003271165548429595
654,123.19656896785477,2.956646165446,0.006245020642668773,-0.001671392472535425,0.006464815204211731,-0.0022538045789044746,0.005688081594028847,0.006118325530749449
655,118.33662061392866,3.785847406888518,0.004860834890081768,-0.0007721463949129694,0.004921780763485238,-0.004103829509658237,0.009725741563722934,0.010556110344661503
656,117.37415470165352,4.9565853151217345,0.005977561049249758,-0.001003878188340232,0.006061271113762619,-0.00465049028147178,0.013003750934644244,0.013810307680436541
657,117.11800236692923,3.764880097052165,0.0043644714520517,-0.0005363244554457863,0.00439730087409123,-0.0040963247443897895,0.010157131284404179,0.010952040555993307
658,161.36783867374538,2.0811634278657873,0.0015696517838093712,0.0008511157224599693,0.0017855544504255525,-0.0012658779158347252,0.0018256787642716849,0.0022216097425314498
659,160.19314819867324,2.8919621400453717,0.0034927954144374843,0.0021201994246375865,0.004085935071357482,-0.0007297964797766494,0.003311532375082289,0.003390995366129617
660,81.80915548983366,21.742105997073278,0.0027525471440171013,-0.0010375713813334589,0.0029416101290617902,0.012970338873293925,0.04001380029957105,0.04206345093905196
661,83.00506218314908,20.791932202139513,0.0028107632574820712,-0.0011210828645388284,0.003026089370586039,0.014120017830137567,0.04133622680882415,0.04368132953922024
662,83.23055886722184,21.95465229202062,0.002877242259092288,-0.0011352898952595482,0.0030931223971554906,0.012399926041314733,0.04227612223284295,0.04405710699621973
663,111.64252066454945,21.447370914464095,0.017537494888255623,-0.008160819341715045,0.01934328563827,0.007998286596672526,0.05067671268263429,0.0513040134570462
664,110.35235667204799,21.407106693687744,0.01683755069559599,-0.008662957980415959,0.01893541534789289,0.008179627182298631,0.05178210510575988,0.05242416150998852
665,111.02904827133503,20.219071215917964,0.01735557978152126,-0.0077309048882433,0.018999553677489733,0.007331665895727365,0.05001797735030698,0.050552461691023454
666,47.68198380973266,7.900335911266664,0.0003538393956467323,-8.916723258494145e-06,0.0003539517281569809,0.014210426622932832,0.005651067589496246,0.01529283458704805
667,46.49278285667694,7.890375316184638,0.0003325228559226748,-1.0838598853593878e-05,0.00033269945136125647,0.013809148043828327,0.0052060957789484275,0.014757913231753069
668,47.125539985938566,6.567613851057976,0.00029294679440226845,-1.93468619415953e-08,0.00029294679504112347,0.01274847347263784,0.0050261100427921625,0.013703479778684207
669,95.44933945754366,23.293829923074355,0.004291913417124286,-0.0022040717786370213,0.004824774936250978,0.007269695648039447,0.06100550402393007,0.061437122296123796
670,94.19987431862208,23.223900196994634,0.004102274081025293,-0.0020078912709717497,0.004567305550529377,0.007811663044997686,0.059536846421249456,0.0600471328317683
671,94.70104624766469,22.041740496752226,0.003948981525005323,-0.0020331387654956047,0.004441633519843162,0.008346297183993578,0.058790604020695705,0.059380095973329154
672,99.83346433802365,4.5465070575917474,0.002637675089734384,0.0001040147176907289,0.0026397251638194405,0.003435634353793339,0.014961237689365813,0.015350642221440284
673,99.4022354680634,3.2867938006620907,0.0019411936734205124,0.00010161155995492576,0.0019438512769356345,0.0027857133982498042,0.010744140856303989,0.011099403672147845
674,100.71974941237778,3.4681608414184115,0.0021460150012559804,0.00015776142622651662,0.002151805998044603,0.0023286960684317467,0.011449783919717172,0.011684193476117356
675,87.22743112564248,4.026811709803691,0.001110976681658644,-9.965064270902246e-05,0.001115436882024964,0.00811757284775911,0.011320420697871356,0.013930072279621168
676,87.22835840485928,5.067764081219754,0.001361974702471876,-0.00016111016947176118,0.0013714705891416609,0.00972552025246879,0.014187192636445658,0.017200644728753586
677,85.95657759994836,4.454766585753745,0.00112188512217435,-0.00011314469556849684,0.0011275761391105455,0.009191722830487439,0.012227057470260781,0.015296689281461004
678,86.90835571327747,2.675814348248153,0.0007443398547849357,-3.876526236819677e-05,0.000745348619766438,0.0058043111698804165,0.007516836937081686,0.009496992455270992
679,88.18013651818839,3.288811843714162,0.0009840477558145707,-6.673307683247961e-05,0.000986307907941137,0.006615067336039662,0.009411629844484052,0.011503820764855552
680,74.59786386969694,17.055090031321928,0.0019494346593473266,-0.000477059600003508,0.002006958233999934,0.019349809561968044,0.028268195186964207,0.03425647368327243
681,73.40906620129937,18.006902622324695,0.0019528920916372546,-0.0004770889197877235,0.0020103236950709076,0.018679483067576635,0.027444971757605473,0.03319863796073032
682,73.41785441119903,16.759506235787565,0.001853028733251657,-0.0004255077723642445,0.0019012554669477278,0.01964255087632096,0.026814968573226114,0.03323962010179962
683,60.07849999993271,15.845499999978363,0.0011041899259408607,-0.00014041291342630402,0.0011130818383237354,0.01896333952382506,0.014007406639187793,0.023575743607602877
684,59.993041086108924,14.432490065512336,0.0010179647186567865,-0.00010331029690613999,0.0010231936209128874,0.01955908600753846,0.013976101855850572,0.024039327539167907
685,61.148628042629305,14.804033543772768,0.0010893719287791946,-0.00011740559402964481,0.0010956802785126493,0.01969801110166861,0.01492566804065011,0.024714109488734242
686,66.72551533724211,14.509720734418902,0.0013129549510549413,-0.00016987540774284518,0.0013238989227488181,0.02057848449238854,0.019301842387603206,0.028214094767675103
687,67.15779511078304,13.290730226238221,0.0012336603108687276,-0.00014447421700701388,0.001242091205182822,0.020721658409808733,0.01880457663296495,0.027982123393299668
688,68.09068351947295,14.443613662194885,0.0013708837823666574,-0.00019385330009602888,0.0013845221004787297,0.020672451035217285,0.020372216679024224,0.029023739321813256
689,115.83635839619427,3.7098036702957065,0.0038955148890532417,-0.0003291620362397415,0.003909396871249705,-0.003944891608043663,0.010456891317224654,0.011176258131390025
690,116.7988243084694,2.5390657620624904,0.002773850517621638,-0.00021261251152416525,0.002781986839323012,-0.0031889928155738522,0.007027311832337329,0.007717045209579238
691,148.3778146720876,5.448282383939936,0.03825142328135038,0.0017576289014227407,0.038291782961937804,0.025059899383521912,0.006168617584890341,0.025807952263224222
692,147.29639575009128,5.300166613196383,0.03702763848105114,0.0009075245939027633,0.0370387582455454,0.023742727293738167,0.005605523857376684,0.02439547083088249
693,148.06143822096516,4.169639456685246,0.030055493848660506,0.001355324280197089,0.030086036867479925,0.019086021274963127,0.005154340767673952,0.01976976066768768
694,92.43373975087408,4.659284665471399,0.001777408422580823,-0.00015093081094751896,0.0017838051492117982,0.007138626677476744,0.014150719368923837,0.015849380098237876
695,92.00950028348694,3.353215911825889,0.0012964679935529768,-6.712021532468123e-05,0.0012982042911701198,0.005598773124682627,0.010138207173440454,0.01158142932427893
696,93.24995483320959,3.3556505016322395,0.0014072551547032793,-5.7272324997197716e-05,0.0014084201041058507,0.00519447574617042,0.01030662723611598,0.011541626543161083
697,48.945409292301015,7.609815594848818,0.000364428623804168,-4.342133256883887e-06,0.00036445449094368474,0.014333947561432449,0.006018930152710766,0.01554636847875111
698,48.31265216303939,8.932577059975479,0.000405153609008415,-1.770918090939573e-05,0.0004055404566513991,0.015155026255454361,0.006140746975683312,0.01635186821812342
699,159.20087506004296,6.220457063857539,0.017237145501823068,0.014129624387292278,0.022288236143243455,0.009555549984830299,0.014940984017439363,0.01773531896871237
700,159.1341439627372,4.57468466624017,0.011038645784619229,0.007127878537543566,0.01313995255715431,0.004463522574429403,0.0084212324861179,0.009531012032186736
701,160.2261260455514,5.65422760238263,0.010986260302636598,0.00971217063479191,0.014663702597795793,0.0043593603945354395,0.010620846053598436,0.011480696579201179
702,103.15714285740498,0.0,0.0,0.0,0.0,0.0,0.0,0.0
703,103.38060281206893,1.3391870178901997,0.0009342067291555116,0.00012173506700331201,0.0009421048982665042,0.00040796913604849636,0.0044102592603532855,0.0044290885698414365
704,102.13774566921344,1.3391870178901997,0.0009110217199318574,0.00010665446654464398,0.0009172435605778448,0.0006718302843195604,0.004397534077404909,0.004448557282183331
705,55.95887830156495,3.2812651541549585,0.0002197373562017029,1.6937346956938078e-05,0.00022038915452547513,0.008663617698680123,0.004359611303082801,0.009698684567654048
706,54.91815767581268,4.46399411965794,0.00028534916455497973,1.7097045873520005e-05,0.00028586090094629264,0.011000135154265669,0.005469367866636596,0.01228482634279819
707,54.782132215180624,3.2838168379210915,0.00021100233563157815,1.62967552891307e-05,0.00021163073943766998,0.00858050867178872,0.004197053803167752,0.009551983547584571
708,146.0100024903187,8.576140799539749,0.041820745951166235,-0.0019391541841998622,0.04186567939090547,0.023889358543697777,0.004704197943998947,0.024348119638396514
709,146.00887856069494,9.95405297525074,0.03973095929839028,-0.002475310502589482,0.039807992776006364,0.020884814557393862,0.004457628697837747,0.02135523197496382
710,144.93932649039397,9.10089687724926,0.04033557116488763,-0.0032677803460466038,0.04046772404753846,0.021584162156826847,0.004162819632441264,0.021981927197232607
711,54.49855420941749,2.114916813096883,0.00013586327019745464,1.2740598000232032e-05,0.00013645933836183615,0.005834241247543345,0.002800854983535175,0.006471719985701633
712,53.45783358366522,3.2976457785998647,0.0002019082283395146,1.5429197747118204e-05,0.00020249689581403773,0.008499219041773792,0.004026573609689143,0.009404787044601024
713,83.19023913043108,23.276369565216196,0.002960965722600715,-0.001113342810409262,0.0031633605902436045,0.010156048915960569,0.04257377139898325,0.04376838288897898
714,84.38614582374652,22.326195770282432,0.0029851378561386414,-0.0012131949553369353,0.0032222492175198046,0.011600649815154733,0.044236910593759504,0.0457326943773721
715,104.45944665334997,1.455914854398635,0.0010301741513074245,0.00014654383290596426,0.0010405449903703075,0.0001898907950699739,0.004811323059258307,0.004815068856683466
716,103.44004946515845,2.7951018722888348,0.001897090173340252,0.0002323495795236756,0.0019112659294009758,0.0008263369494145331,0.009301986987107566,0.009338618455761335
717,109.01891919542577,23.71939283379222,0.015019071473294357,-0.010346778769121913,0.018238101294188392,0.009105427737756197,0.05462976568548542,0.05538339203351976
718,109.70774434753159,22.488862654633717,0.015996581654298833,-0.009682480914776609,0.018698691432495036,0.008636927801189,0.05303857189097606,0.05373719968585251
719,110.27700391315656,23.865936571392382,0.01566908620783982,-0.009467674518985416,0.01830729699836002,0.009256872410041592,0.054026251966295846,0.054813552962214324
720,86.8888675076858,18.234382274688112,0.003003221011158904,-0.0012004541568794297,0.0032342582804462928,0.015228977327255854,0.04408774790132292,0.04664387704130818
721,87.76730994692113,16.863188316695055,0.0029956173554066164,-0.0011693032190963123,0.0032157414943061466,0.01545883026229972,0.04293021856989198,0.04562870915922663
722,73.22701208150606,15.537751109716483,0.001737731174761642,-0.00036885468248747913,0.0017764468504662377,0.02028230550496417,0.025733145213902596,0.032765327393397096
723,72.03821441310849,16.489563700719252,0.0017490821526112282,-0.0003696302776525946,0.001787712202436584,0.01987947446526663,0.025233152327944666,0.032123285657299244
724,95.70000000027923,0.0,0.0,0.0,0.0,0.0,0.0,0.0
725,95.90215912937013,1.308220409569743,0.0006885879653675748,2.7628326509049317e-05,0.0006891420103830175,0.0018139649819657363,0.004116578731263426,0.004498520802051309
726,94.6593019865112,1.308220409569743,0.0006388096309731155,1.7518694678758504e-05,0.0006390498018834335,0.002008610266589246,0.0040683680331325195,0.0045371944697205
727,60.95157028480808,3.312348161939424,0.00026204691406804363,1.7353472500512005e-05,0.00026262088298612256,0.00901376227858942,0.0051159932195622,0.010364424587864391
728,59.8878269800789,4.517914155635845,0.0003433047008676877,1.822564004497505e-05,0.00034378814929095724,0.011535235218707808,0.006517027794295672,0.01324889817390636
729,59.744663981961395,3.327531098068332,0.0002529558349728643,1.772052227088901e-05,0.00025357577044420477,0.008994633357750819,0.004960135914141701,0.010271629740558315
730,59.61134650056867,2.1373284111777626,0.00016247587559427117,1.4038382005704416e-05,0.0001630812261404211,0.006101667038979902,0.0032898041671873732,0.006932038092294153
731,58.5476031958395,3.3428944048741833,0.00024424623123935757,1.7801537669701663e-05,0.0002448940918397901,0.008966711001977256,0.004805714319667365,0.010173337520953285
732,163.4139980621979,3.0923576544083264,0.00042632955620380917,0.0009810759792575454,0.00106970414955215,-0.0027083794743625873,0.0021127650280927997,0.0034349811412991097
733,163.30098785810645,4.354860026457566,0.0008932764174307377,0.0018457547196544443,0.0020505494978333367,-0.0031812234038700246,0.0029938201071737676,0.004368425480587752
734,89.06859423677355,21.37597560029077,0.0034011010231387254,-0.0015462807980137563,0.003736103916635797,0.011624075715468857,0.050709903159410735,0.052025122918410945
735,87.80441716226758,21.5342505212527,0.0032527255595845954,-0.0014693684238639773,0.0035692109955876004,0.01185410306652658,0.048993578374050016,0.050407246318421486
736,88.33505760125121,20.308876569715483,0.0032573481593765087,-0.0014275272819700563,0.003556423930321348,0.012962828932192572,0.04859167524978888,0.05029101149814183
737,90.83096622058926,3.4484133459210113,0.0012285331215515045,-7.67089054946078e-05,0.0012309256220142892,0.006110266454122308,0.010260804077115562,0.011942338818226678
738,89.84624856585242,4.648329640467374,0.0014972047912087203,-0.00015195330728898237,0.0015048960078405443,0.008169759297529161,0.013602807796499628,0.015867619447417918
739,89.48392958529024,3.439892910723337,0.0011192052581912868,-7.6758836683705e-05,0.0011218343589728657,0.006504171782432242,0.01003864469908739,0.011961548309892961
740,96.86100706258557,1.4560159505841026,0.0008049411692512257,3.789584932180725e-05,0.0008058327254159832,0.0018312945989345472,0.004630126427989716,0.00497912749859407
741,95.82030904881753,2.7642363601538458,0.0013852509160059141,7.706771268976728e-06,0.0013852723539501597,0.0036146457874747105,0.00873080460693919,0.009449476877238192
742,65.93843569246788,3.3422320526983285,0.00031369033481006177,1.2272593436751332e-05,0.0003139303150428649,0.009205771827945177,0.005912163048910578,0.010940745260954243
743,64.88655133074916,4.548929333398841,0.00041037902403071383,1.1524731941907766e-05,0.00041054081747219,0.011819927643797449,0.007597668630464416,0.014051165721140369
744,64.73042421956302,3.347141382975062,0.00030088981017849584,1.4075666120226927e-05,0.00030121886103957597,0.009202815794343563,0.005734019737606416,0.010843007004326765
745,64.58401143358748,2.1465679101307273,0.00019201771700192057,1.2486756298872408e-05,0.00019242329049649133,0.006230053679135725,0.0037703205078199018,0.007282093488592405
746,63.53212707186876,3.35326519083124,0.0002892029888470829,1.551809880111152e-05,0.0002896190258744874,0.009192570544043238,0.005560699329618221,0.010743590193302606
747,89.16485417292523,2.088895549167799,0.0006864661064840023,-2.1457171202167306e-05,0.000686801372703422,0.004261262916416858,0.006080843898910166,0.007425296234207932
748,77.4348499863065,4.557340623098844,0.0007038959803932054,-4.701781867526488e-05,0.0007054645465838038,0.011210916477541728,0.010476824144651401,0.015344330953950621
749,77.03478746764505,3.2785318004190183,0.0005002870462305804,-1.8743133437523512e-05,0.0005006380265992344,0.00859810667897015,0.007584011806259952,0.011464932339113103
750,78.25691468207563,3.287710771434706,0.0005351161796095811,-2.3826366452335977e-05,0.0005356463585410382,0.008486354050118283,0.007809091435678509,0.011532567542171449
751,90.27117967933904,16.72596371884474,0.0032238340122242286,-0.0013533155444770493,0.003496365069797057,0.013939052103961293,0.04526977274762848,0.04736717743521218
752,89.60097435324637,17.9252069386081,0.003226471706637861,-0.001372408406428459,0.003506226534006343,0.01391952589075284,0.04679830585965317,0.048824529002920114
753,88.99246865683034,16.843857479631893,0.003110314349557733,-0.0012573425802229789,0.00335484212998265,0.014739856502832193,0.04420272534640883,0.04659553946220752
754,109.68056343350057,3.5218358255032376,0.0026940129002931508,0.00027753486152800596,0.002708270870188077,-0.0019752754445838587,0.01139890048735137,0.011568778907149848
755,109.24824430480295,2.46080354360419,0.0018458102513287172,0.00023083262522655932,0.0018601879434022703,-0.0014193692636644008,0.007977969831916511,0.008103246987819461
756,110.70773556425823,2.8217553039540104,0.002211792411201601,0.00019825789497024567,0.0022206602313652184,-0.002084645914055957,0.008980586134057797,0.00921936418080018
757,80.9866845449809,15.419999685040608,0.002268178840784542,-0.0006763098247750776,0.0023668608393545244,0.018874330172331727,0.03333816044152019,0.0383102242368631
758,81.66982086613999,16.641005518955716,0.002426414663884373,-0.0007860614478723497,0.0025505647846985357,0.018193050774670472,0.03574298170697433,0.04010670564624873
759,80.40031824245062,16.748118745182538,0.0023311811769866075,-0.0007265060968006049,0.002441765096938097,0.018506662086994384,0.03443862971987225,0.03909623714099176
760,73.48521279995354,3.3676926974021235,0.00043121563045509133,-7.032611334652717e-06,0.0004312729733834085,0.009084069385364928,0.0071780812278150466,0.011577787643208659
761,72.4570954752583,4.573280603996695,0.000556884565759053,-1.7240749651806605e-05,0.0005571513825067702,0.011736484452256103,0.009326649395621465,0.014991045869014459
762,72.2088549499864,3.3776036345279845,0.00040799834831300313,-2.9975534953072657e-06,0.00040800935963908455,0.009175135441260472,0.006984055540068282,0.011530834408325898
763,98.3867351369737,3.2247906777808844,0.0018234058899572803,6.43544703910341e-05,0.0018245411854464157,0.00315245057503806,0.010450384276581026,0.010915515386653519
764,99.27302021132783,2.1464444616075484,0.0013038646673675539,8.909769838786133e-05,0.0013069053028691544,0.0019449221965439057,0.0069777349977697654,0.007243721974904214
765,72.0399147088718,2.162353722958698,0.0002592263998636426,4.168283849627808e-06,0.00025925991008352256,0.006207458916281025,0.004542554210996282,0.0076920312634022
766,71.01179738417656,3.367941629553269,0.00038608063921549696,6.591213542497387e-07,0.0003860812018449051,0.009201581208977582,0.006767121813754414,0.011422041603303684
767,161.2878063165321,6.105931262252285,0.008606321445767635,0.009068641376461024,0.012502360786777064,0.0025359928326599245,0.00977604632785352,0.010099620856826301
768,80.7857142859509,0.0,0.0,0.0,0.0,0.0,0.0,0.0
769,80.94527199111052,1.2462872341462294,0.00023936574596725938,-1.4526739245019775e-06,0.00023937015395406646,0.0033718017052447907,0.003178907281163458,0.004634058506506551
770,79.70241484824811,1.2462872341462294,0.00022234330842454443,-7.142405176144989e-07,0.0002223444556104089,0.0034453612420320325,0.003106944557319817,0.00463935540461773
771,146.6268476029133,6.075403395697671,0.040208853106761845,-1.3951853947348491e-05,0.0402088555273012,0.025462527715198347,0.0053394372012806265,0.026016339236596363
772,146.31047115179086,4.796760468442981,0.0337483872958263,0.00023004549696109734,0.033749171337971576,0.0211069591559069,0.00492038986043363,0.021672885391377406
773,106.77549925710386,5.978582217289334,0.004199994698046028,0.0004780887283443704,0.004227117729113383,-0.0005438162717387356,0.02002203595392096,0.020029419858735586
774,107.58217200401799,5.046520357391904,0.003649789051297961,0.0004304000808925321,0.0036750788220944013,-0.001113568844716582,0.016776211907036966,0.016813129438677746
775,108.26447211212422,6.150772180395089,0.004506586198603448,0.0004289334765736479,0.0045269529589745715,-0.0015496288286959365,0.020333356062990884,0.020392320081125976
776,90.27495827080448,21.11049154419512,0.003502543044660411,-0.0016084748689755412,0.0038542183622396003,0.011386912954529756,0.052141426104819436,0.05337031106222244
777,89.74431783182085,22.33586549573234,0.0035539669343326395,-0.0016151721218666346,0.0039037753461982037,0.010338964154848612,0.05255378244126123,0.05356112609606581
778,125.1956123535995,1.1894382338862974,0.0033287215756561163,-0.0005186039258439958,0.0033688777597501727,-0.0005466494439953693,0.0023272146141716174,0.002390555055846737
779,125.18426054571773,2.769393539945465,0.0074183104568539375,-0.0016743523189769972,0.007604918521741842,-0.0009512827518989003,0.004883153460160473,0.0049749499082440566
780,67.34452018383614,4.554342199025966,0.0004496572721848398,4.644981098556026e-06,0.0004496812629831457,0.01185632608052651,0.00813733989320459,0.01438015189993875
781,67.2258528304977,3.331660462680664,0.0003279409964136327,9.961685684250707e-06,0.00032809226188747285,0.009184728621788943,0.006094825690437911,0.011022982357453495
782,68.47581021067984,3.3419826585845214,0.00034519641479712794,7.293426914864933e-06,0.0003452734551988515,0.009200023318380438,0.0063097228846546154,0.011155851914572816
783,74.63297708196069,3.380121279213837,0.0004570069800677642,-1.1176385821945728e-05,0.000457143622323115,0.009035604308321283,0.007397909689440941,0.011677808569662301
784,75.87261180528591,3.3725172718199983,0.0004847311682107027,-1.569034467231936e-05,0.00048498504343005134,0.00891809098782272,0.007593343537484341,0.011712865274788231
785,74.97308804855068,4.555765659476995,0.0006229157433065586,-3.10539096998547e-05,0.0006236893205489486,0.011499508596772248,0.009884586220294615,0.015163896026868458
786,67.06972571931158,2.1298725122568847,0.00020823436899296277,1.0437671865667927e-05,0.00020849579713719106,0.006197701185522135,0.003981695148021338,0.007366505021840353
787,109.09427195431718,21.260562956087583,0.015889316026123135,-0.009122837484249982,0.01832202301990831,0.008117345767348929,0.05248195919026084,0.05310600100511149
788,74.38473655668878,2.1844443097451274,0.00029230919459955276,2.506652711683672e-07,0.00029230930207661436,0.006172691095887319,0.0048341569101599206,0.007840356394788027
789,110.10559977599709,4.550748953175358,0.0035495327070926286,0.0002742370522842623,0.0035601107285540834,-0.0024611255911464805,0.014659080741375025,0.01486424526700055
790,108.6461085165418,4.189797192825538,0.0031228113479514503,0.00035581184149583464,0.0031430165098903016,-0.0016426669775318386,0.013758743766793695,0.013856456431546918
791,82.03582854569093,1.388785621209767,0.00028485387752756695,-3.948255912443319e-06,0.00028488123888252147,0.0036546401746932124,0.003611989178534437,0.005138371398831687
792,80.95252910798814,2.6350728553559963,0.000502213428879723,-2.0478735636529898e-05,0.0005026307857268588,0.006702267286568542,0.006653252249901221,0.009443842029673227
793,149.6143488349336,5.321455704774045,0.03770267354188078,0.0031576399048474963,0.037834670369574025,0.02515059961641742,0.007096616365619854,0.026132635246107875
794,148.84930636405971,6.451982861285182,0.043178709833709555,0.0021868031970924684,0.04323405013558757,0.02868090307880261,0.006804803034330738,0.02947710205823676
795,69.7186673535401,3.3586780564569025,0.0003646695479866194,4.210138425637979e-06,0.00036469385036538295,0.009217353859957221,0.006539025034705054,0.011301259247719598
796,69.88760759465471,4.573927968026189,0.0004991772701739439,-5.112074899463518e-06,0.0004992034458696057,0.011856095120494148,0.008737055552776285,0.014727631555633922
797,108.38356001223877,24.735092049402937,0.014223753620155277,-0.01067081682165023,0.017781493151254026,0.00950848978270413,0.0559973252569646,0.05679887158986589
798,107.8143004466138,23.35801813264427,0.014378884169817236,-0.010971734854650618,0.018086770736916415,0.008911405676307712,0.05485941802238053,0.05557849311453144
799,93.63589275275189,24.340595028809716,0.004156027041074158,-0.0019107388829751742,0.00457421947932681,0.00692172679180179,0.059749924888503544,0.06014951226703474
800,92.88759954287292,23.088505602487587,0.003943188114443686,-0.0018624622961700976,0.004360905675492781,0.008437088782802304,0.057723702759118506,0.05833704078329611
801,69.60000000020167,2.1359963201116017,0.00023056690364540045,7.612774697009824e-06,0.00023069254733349063,0.006193619859510131,0.004242669722219632,0.007507407897267704
802,91.64718130292475,2.144779182081852,0.0008370410590220986,-1.7040337761209693e-05,0.0008372144931854994,0.0038630586121535387,0.006454862356519007,0.007522530816323701
803,114.22570461311255,2.3332878168613553,0.0021230898442902157,2.0527512775171935e-06,0.0021230908366615072,-0.0026693822283037263,0.00693157767184318,0.007427810612931558
804,114.47775243609856,3.632653908849489,0.00346938238652943,-0.00013982910511373212,0.0034721990614879138,-0.0036565993589178936,0.010661742233307386,0.011271356010752616
805,113.18627671147667,3.481952390404813,0.003073812588189336,1.4116465217333203e-05,0.0030738450029078332,-0.003238551521122333,0.010561720741630927,0.011047088348481726
806,62.240223784409395,3.327711468746921,0.0002747518134150976,1.6638324664065704e-05,0.00027525514131894333,0.009096513637437523,0.005328410018286886,0.01054222527169036
807,62.386636570384944,4.528284941591256,0.0003745026735671852,1.607336360436788e-05,0.0003748474430038544,0.011694275622193046,0.007042717057400184,0.01365122506877731
808,66.46644037399582,15.626872427106445,0.0013890388882171374,-0.0001966834587950348,0.0014028946560391052,0.02017472072196092,0.01958115932480996,0.028114785375540595
809,65.5335519653059,14.473988991149783,0.0012566918853094723,-0.0001502117334235619,0.0012656374123187048,0.02048022223157828,0.018325622945643764,0.027482138908766517
810,62.09706078629189,2.137328411179409,0.00017597987007284335,1.3644650507521039e-05,0.00017650804842365468,0.0061664988386978285,0.0035199963970514534,0.0071004283365806095
811,64.61846216647032,13.975658723126275,0.0011792364875212735,-0.00012574956388539994,0.0011859222766770507,0.020469562105897156,0.017367519062855982,0.02684462127141761
812,64.35938720322403,15.092810415813817,0.001250505083322806,-0.00015132429136539217,0.0012596277245970002,0.020153800420379953,0.01760278541387465,0.026758806507604656
813,159.0964285714286,7.3,0.023560914730313152,0.02117431898246755,0.03167757072915114,0.015467737778114377,0.02143200590973647,0.026430697858503202
814,158.00444648861438,6.220457063857539,0.024051752132813048,0.016064964599302865,0.028923517563310505,0.015349939833139769,0.017168536295144227,0.023029965075933044
815,57.25459473832189,3.3070670769377104,0.0002314417241823484,1.7487903289622737e-05,0.00023210148309298978,0.008808676304468731,0.0045742529892337696,0.009925551301888625
816,57.38791221971461,4.49726976382828,0.0003137820425753012,1.8394054135949033e-05,0.0003143207143512568,0.011303867976121186,0.005990962233702915,0.012793320902222094
817,63.486049738735325,13.606255336585221,0.0011053062926760573,-0.00010525718074813934,0.0011103067480333247,0.02036073229456938,0.0163439620798149,0.026109088763063868
818,64.66021450081719,12.987433911921187,0.0011062249288112842,-0.00010279880110592884,0.0011109910830570816,0.02050719780959765,0.016808968031314295,0.026515779609125444
819,57.11856927768984,2.126889795200862,0.00014921764582559276,1.3687075976649566e-05,0.00014984405852259413,0.005985285948872074,0.003049187918393381,0.006717231189369742
820,112.88080693808091,21.338607021257488,0.018188431231566653,-0.007728941138419036,0.019762478634689915,0.007754681345175799,0.04917489919295486,0.04978258524225606
821,112.20411533879386,22.526642499027275,0.01738622458590812,-0.008226631169257693,0.019234299200819305,0.00857378911815607,0.05108620439220071,0.05180067701337811
822,86.78705492454739,8.045508280228848,0.0019262646475423847,-0.00037760780082277687,0.001962927187547669,0.013516578611828058,0.021975469579744375,0.025799596132885454
823,85.28519598362364,8.05956795552314,0.001775114596195615,-0.00033808089496296934,0.0018070225569056086,0.014203708550219657,0.021346144532410686,0.025639875642798068
824,86.01412715710558,7.065921718627894,0.0016690577029012318,-0.00028184879624804625,0.0016926879096751443,0.012812435517896147,0.01912934251109892,0.023023688861847986
825,84.35361950388995,17.91417183708371,0.0027527680912775576,-0.0010198777635010686,0.0029356230713154965,0.01651909561683653,0.04053289985019445,0.04376981254545284
826,83.9197629137204,16.513152635773995,0.002612006016501963,-0.0009023851836924704,0.00276348954222558,0.01744628681172713,0.03809554331069371,0.041900397893743016
827,146.2766113106157,7.150897120994672,0.0426721482176676,-0.001125078707795088,0.04268697735386433,0.02632628386274409,0.004879920943877458,0.026774742770758298
828,147.3461633809167,8.00405321899615,0.04323936002381104,-0.00015681153898190102,0.04323964436865209,0.0263583228656749,0.005599902567018926,0.026946615614048184
829,58.597337369850564,14.23236594030768,0.0009498808772449782,-9.493229840576195e-05,0.0009546129174887013,0.019269637418898953,0.012897803404788907,0.023187760972642767
830,59.66746541254716,13.190899484102086,0.0009305045724632977,-7.439096830674351e-05,0.0009334735001812956,0.019693921798308207,0.013486042746156002,0.02386888989352094
831,76.69467650105506,2.1028874201558603,0.00031634749237980427,-3.3040195008323666e-06,0.0003163647459497537,0.00583589592024347,0.004895528346588451,0.00761734067665123
832,38.68230436984655,5.511820764460017,0.0001519733499722488,-3.1357743406966823e-06,0.0001520056978619663,0.00873938502760839,0.0024131585161538296,0.009066431750411594
833,39.83789132636643,5.883364242719735,0.0001743557359059119,-4.4675892657647875e-06,0.00017441296395950525,0.009578778909883187,0.0027448328256999134,0.009964291878777072
834,38.76588000764373,6.78463859178464,0.00018240403406967302,-1.1025884943763461e-05,0.00018273697432015106,0.009854494330013081,0.002420927631397783,0.01014750950217467
835,82.75397724590812,16.357783141500118,0.0024965613484390706,-0.0008265883279001945,0.0026298415979561867,0.017957886978903128,0.03657299648178585,0.04074395386316574
836,82.16761094337784,17.685902201642044,0.0025470276973236297,-0.0008774682838793343,0.002693937764713182,0.017421930561696684,0.03758161508604991,0.041423440911790455
837,114.79693049455838,4.858468243839164,0.004835229009378484,-0.00040904041546106936,0.004852499730511667,-0.004316496695894272,0.014000245549430886,0.014650563783350643
838,86.73674548859725,6.273790500251707,0.0015825034477344162,-0.00023736188564581868,0.001600205557685841,0.011552595690720016,0.017303872460404556,0.020805923899677944
839,85.23488654767351,6.287850175545996,0.0014501258728687669,-0.00021286361022488135,0.0014656657066744016,0.012145220497304557,0.016847380032471368,0.020768740811292864
840,107.15713566152147,4.017607229719784,0.0028924183285881037,0.00038198260054874577,0.002917532261119726,-0.0008351452631447393,0.013360906787773276,0.013386982400904211
841,132.4211617750327,14.462802285744207,0.0250544441809378,-0.012534944302406807,0.028015174493123705,0.002684365590973948,0.008196995205029305,0.008625343414454773
842,132.56145216066201,15.681838314169536,0.02462899775787307,-0.012923903547500237,0.027813932002908288,0.002972500055046245,0.00822328696263892,0.008744038257416145
843,131.36786676289606,14.951072679952144,0.024316590855740873,-0.012748096409817241,0.027455610590906475,0.002155693535652141,0.009540182001649309,0.00978069973183135
844,62.33919218042078,15.405761813014553,0.0011808096401835638,-0.00014052613890586012,0.0011891421286230788,0.019694365193331533,0.0159642282758494,0.0253520138216225
845,62.253733266596996,13.992751878548525,0.0010824947333407595,-0.00010437872339333003,0.0010875154093656343,0.020121284645215207,0.015595898974397348,0.02545777210584975
846,82.38159184807995,19.929414396208124,0.002708334889344313,-0.0010270320664256,0.00289652770370078,0.015317234575291683,0.039902738850770954,0.04274162190216156
847,83.80299522546812,20.141960691155468,0.002846524613276457,-0.001125890881549907,0.0030610999087167853,0.014714708133469017,0.042060082309225415,0.044559770638009304
848,88.43751527301379,15.663945096931698,0.002983154367335327,-0.0011317214863294268,0.0031906117755019212,0.015398510833906786,0.04134221200000916,0.04411680664957116
849,90.23946002575613,18.978957413287247,0.00334207709986626,-0.001482782193606546,0.0036562442991582376,0.01297084043381489,0.0492578148224546,0.050936971078409395
850,88.96074900324743,19.096851174074402,0.003241901093751432,-0.0013927966166431636,0.00352842813686199,0.01362189536942518,0.04788253278559214,0.04978245654263029
851,132.37669171748135,13.440339471507059,0.025470254305955266,-0.012104918940281933,0.02820040632616539,0.002802210977148993,0.007960902305500497,0.008439689086582363
852,133.5702771152473,14.171105105724449,0.025855848215063877,-0.012254470161099517,0.02861288041861043,0.0034372009507175408,0.007000813740413147,0.007799086062069778
853,45.76267789444939,8.902978083820813,0.0003533608097773151,-2.176549984909753e-05,0.0003540305055643665,0.014194868930880577,0.0050429481734737555,0.015064050924144574
854,45.2062340706553,7.570256023612124,0.0002996726316783563,-1.0133310750619795e-05,0.0002998439096660134,0.013108245742448284,0.00467353900619718,0.013916467701498828
855,112.9294811618067,19.107716384544318,0.018252321390169544,-0.006646680274085841,0.01942487052198708,0.005966918191415132,0.04682260821216208,0.04720127914042869
856,114.19070872248378,19.05714147488088,0.018826510069534834,-0.006485537264187028,0.019912299591043094,0.005553733505065984,0.0451994118211601,0.045539332283468105
857,113.58043982451356,20.208760527030872,0.018709508883984177,-0.007058387474799614,0.019996663632323542,0.006780698888583354,0.047274250430557004,0.047758063520086894
858,52.301167287585585,9.881765180295902,0.0005330200272913588,-2.123864757092405e-05,0.0005334429956840026,0.016963017318566222,0.008171394119779612,0.018828585672077083
859,53.4550933250203,10.421870841857059,0.0005870308785291024,-2.637092401677982e-05,0.0005876229045741398,0.017553628953166436,0.008907443798282245,0.01968431976078929
860,52.349850736371565,11.182368201933855,0.0005920291994374084,-3.9162125033779366e-05,0.0005933230528334965,0.017454102216990133,0.008506937963813266,0.019416840054996262
861,105.3355548808656,1.0411686614075477,0.0007465447088434935,0.0001104113582222845,0.0007546652703859547,-2.620021817391512e-05,0.0034205638649893342,0.0034206642053705204
862,105.39500153395511,2.4970835158061826,0.0017630573669013762,0.00025229049610364467,0.0017810170615155368,-5.6001087377821526e-06,0.008301320468522057,0.00830132235745132
863,144.0561698614534,9.883998034727062,0.03842261604916175,-0.0044234356460550696,0.038676403749264135,0.018839934337468486,0.0038068738232623156,0.019220702748504383
864,144.05729379107714,8.506085859016071,0.040396991670600194,-0.003748521403860109,0.040570535475265034,0.021841583385467146,0.003974538217237545,0.02220026393592194
865,163.14679615127216,5.284022576625251,0.0023320219917625255,0.00327274142545742,0.004018602121132313,-0.002312128589929175,0.004286065753395987,0.0048699382191976295
866,164.16502851917156,4.7270200785782475,0.0004710091526651571,0.0013880000274369845,0.001465739983100488,-0.0034163852554505983,0.002542662692182218,0.004258734762799343
867,115.58571428594051,0.0,0.0,0.0,0.0,0.0,0.0,0.0
868,116.17287588326379,1.2419946676530156,0.0012257242942189167,-2.499180454266703e-05,0.0012259790519143303,-0.001780777373842048,0.003539220734391128,0.003961975701835116
869,114.93001874041117,1.2419946676530156,0.0011316108991474673,1.2326140916867832e-05,0.0011316780287781688,-0.0016746876109388024,0.0036436019381363032,0.0040100391117572085
870,135.31169124025791,12.674856654057976,0.028031382173636668,-0.01112920785442432,0.030159868269464565,0.005508330891972335,0.0054266371853074116,0.007732405858231828
871,135.87490774120081,11.490684341734665,0.029502899163464782,-0.010316165574466749,0.031254508974056586,0.0072177071516434585,0.004876501944578927,0.008710658284100415
872,136.44013367140818,12.643742560329628,0.028859276593649494,-0.010681893173592619,0.030772726354367924,0.0064927354047769475,0.004788180682155618,0.008067359374752826
873,34.7738721734284,5.097814475265639,0.00010404721155061677,-2.2887524812678097e-06,0.00010407238163595235,0.006526582127659216,0.0015679035026403203,0.006712272019418796
874,33.920430838708135,5.8768752120756655,0.00010713597373428717,-6.48610779883116e-06,0.00010733213154676436,0.0065964939329045446,0.001307391031006458,0.006724805091212874
875,33.5809384474806,4.942149551637517,9.13909229529955e-05,-2.435224432970973e-06,9.142336198280667e-05,0.005798273597055114,0.0014031840373084595,0.00596564348154193
876,37.31553113206342,5.321446473914392,0.000133136840450878,-2.7296298298058567e-06,0.00013316481954424116,0.007959158215107991,0.002074900165986322,0.008225169310836774
877,36.36182880788989,6.222817624614354,0.0001403910042043332,-8.146257182828744e-06,0.0001406271508905371,0.00822677114788968,0.0017706096812765018,0.008415154316064571
878,36.067066888829466,5.131168985003825,0.00011679804128356293,-2.099671047897623e-06,0.00011681691258626146,0.007199891457947267,0.0018061677213418493,0.007422983149909424
879,55.095547730625384,13.29018053196982,0.0007712167427409398,-7.315425736291405e-05,0.0007746785201967745,0.018431232969652045,0.0103616164750114,0.021144111349423417
880,53.90217099557239,12.855128236086845,0.0007111866549691717,-6.573518821531739e-05,0.0007142181551710534,0.01808453498297775,0.009566246584316535,0.02045882399510035
881,54.697153508859266,12.157526159377987,0.0007051801162589987,-5.185982027951469e-05,0.0007070844626538462,0.018353489693783698,0.010030281383003534,0.02091547581486139
882,38.38754245078612,4.420172124849487,0.00012252794204191397,1.3967645476851693e-06,0.00012253590303347138,0.0074371259377177135,0.0022130673540423384,0.007759414238652396
883,112.28918961370925,4.332053034123002,0.0036974645069085665,5.443558719125195e-05,0.003697865196704913,-0.0033463767071954392,0.01338417891213693,0.013796176362258895
884,112.03714179072324,3.032686942134869,0.002508897874642705,0.0001277457352538377,0.0025121479889254586,-0.0026353953640364334,0.00943660298552345,0.009797692821842029
885,115.48479094466404,21.314965046206297,0.019571754521636738,-0.007396341645980031,0.02092270166109689,0.0077303495896805605,0.04522132246933866,0.045877296243943884
886,116.10574636486248,20.044341001208778,0.01976465976987198,-0.007156672991279464,0.02102046013109382,0.0061633648280410396,0.04301651682640529,0.04345581417808143
887,116.7488699243359,21.20112043004764,0.02029333902084277,-0.00765658366732502,0.021689695296836422,0.007775033154025947,0.042604635012566214,0.04330826786076979
888,114.14203449875797,21.28803211159405,0.018903941489911247,-0.007410539870861306,0.020304558725360494,0.00769413367869007,0.04744764073162545,0.04806743496446378
889,97.60018851168815,1.042220669363171,0.0006061921264035265,3.9256343317380375e-05,0.0006074618955986302,0.001231256812044924,0.0033267425741827523,0.0035472819865478857
890,97.51833843113555,2.4982366199472734,0.0013846269518446828,4.875486614640376e-05,0.0013854850532386306,0.002794799872351263,0.008017078666976556,0.008490256573212921
891,96.56888127315,22.891158495390677,0.004281722966766167,-0.0024519053998407793,0.004934064415256578,0.006870235416590724,0.06155037405805186,0.06193261403626914
892,96.06770934410739,24.07331819563308,0.004570731822872224,-0.0023392885362068933,0.005134574982629607,0.006579896837303777,0.06238385393511264,0.06272989936375659
893,55.53148090778639,11.624398948944803,0.0007045532583261696,-4.1994897828276194e-05,0.000705803701649141,0.018519881151588303,0.010402652432830492,0.021241496545846995
894,54.338104172733395,11.189346653061829,0.0006479420688958563,-3.6265617057549973e-05,0.0006489561769685281,0.01807725374066311,0.009601473904170633,0.020468888683482258
895,141.79734716042913,10.57145992533,0.03549674416856887,-0.006506240762178544,0.03608808689061062,0.014824277137769161,0.0035370963829897527,0.015240414806688977
896,141.68492905202498,11.878186778750656,0.03343222534182748,-0.007197369766719927,0.03419818449663119,0.012383153456786873,0.003339808818393402,0.01282563107522398
897,140.7097349561622,11.068314333602082,0.03391107008867385,-0.0075180761033222035,0.034734451814506795,0.012731564511733521,0.003545958261353864,0.013216147506277922
898,106.18215445523418,3.4783338585506227,0.0024649780637027736,0.0003422816791243061,0.002488628859914638,-0.00032079790472406547,0.011598809786157412,0.011603245224984961
899,107.246090967758,2.6216106939842563,0.0018992293888791907,0.00027280418744214365,0.001918722073742936,-0.0007303589983839493,0.0086570442886642,0.008687798344944124
900,35.72757449760193,4.196443324565676,9.579131256694066e-05,1.3037633623901696e-06,9.58001845624654e-05,0.00613947032111635,0.0017209968935278357,0.006376121558706433
901,139.7474974360944,11.857445535472927,0.03210437756236616,-0.008532489059030573,0.03321888661905206,0.01048562878636116,0.003628350848472609,0.011095645133338472
902,139.85991554449856,10.55071868205227,0.0339445440760258,-0.007793989432140335,0.03482783863230064,0.012752889075710112,0.003645864174410294,0.013263804331925843
903,33.174544013952186,4.045099021324954,7.526828386841908e-05,1.08786915529259e-07,7.526836248444566e-05,0.004894931337428567,0.0013916908483552503,0.005088924858507538
904,32.32110267923192,4.8241597581349795,7.967075059394767e-05,-3.626304016818944e-06,7.975323555207908e-05,0.005073834270460916,0.0012743374161197987,0.005231417595090889
905,114.81963318421475,17.937490215209902,0.018496444594045078,-0.006284175434218775,0.019534823354937666,0.0040230830279746,0.04261994006046378,0.04280939719042424
906,115.47059184692161,19.038534357696456,0.019216999957085912,-0.006714387047145233,0.020356229532246674,0.0050580144083471595,0.043089989607575714,0.04338583540899069
907,49.39423005719436,6.447917453903678,0.00032119795281857627,4.227939459695542e-06,0.0003212257778680273,0.013188262666767406,0.005646665064459059,0.014346257300001048
908,50.024898410501095,7.4801586026124935,0.00037755229636471377,-1.4758342624445766e-06,0.0003775551808372372,0.014501365342995752,0.006344554463052864,0.0158285491484748
909,101.75609195310773,3.703124067064234,0.002358820251060539,0.00021015069873445082,0.0023681630630072504,0.0019596060234641118,0.0123089041639528,0.012463915014335239
910,101.32486308314746,2.4434108101345773,0.001584327651395581,0.00015220730266604318,0.0015916221819142601,0.0014886161972223668,0.00805602113601584,0.008192402256149702
911,54.289420723947416,9.888743631423875,0.0005817461959137446,-1.828329296785984e-05,0.0005820334313953637,0.017516777108249632,0.009120264587365834,0.01974884063441846
912,134.7013621140806,13.48827858207012,0.026987557153629195,-0.011692397035285063,0.029411568974659366,0.0044805842127376705,0.005964570776625294,0.00746000934562461
913,134.13613618387325,12.335220363475157,0.02739782969136203,-0.011277957570281683,0.02962825338682577,0.004779282647909656,0.0061380173398733594,0.007779254430419175
914,112.83731231286517,23.440257348214022,0.017471097534580288,-0.00788500505638761,0.01916800860293201,0.009488746983773532,0.05120290099438022,0.05207469048935744
915,111.59902603933371,23.549021241420625,0.016570629546210164,-0.008594063746432859,0.018666646598558746,0.009214932106172809,0.05263751449790802,0.05343802865225149
916,117.45451985399875,1.2970710944094745,0.001410396963209718,-7.906012850611001e-05,0.0014126110921802212,-0.0019209461528781457,0.003565399210873213,0.004049951315158329
917,113.63854301578928,1.0912931492083398,0.0009194818780272505,4.49215974050339e-05,0.0009205785539180997,-0.0013679708220825522,0.003289800544797103,0.0035628825120422552
918,87.69657192874146,19.25512609503633,0.0031385110374306663,-0.0013193608669689987,0.0034045505767080777,0.014135587622820257,0.04648156287732319,0.04858343879308029
919,50.55262949105332,8.563031264267138,0.00043537930426125124,-9.837613960583282e-06,0.0004354904329918726,0.015607002610294523,0.006970953986089699,0.017093060871415627
920,51.001450255946665,7.401133123321999,0.0003908108491709819,7.632327078491716e-07,0.0003908115944466212,0.0146650490549471,0.006643302906553306,0.01609960053206987
921,121.1914823544517,2.3106165632093294,0.003754706821804777,-0.0008961422099240461,0.003860167636012053,-0.0027424598870791376,0.0051431873090019686,0.005828675829698975
922,121.02641872177749,0.9339257038224975,0.0014158464865660259,-0.00026354678938104856,0.001440166026440847,-0.0013713113729243386,0.002191036650609818,0.0025847894470976017
923,69.14142436763314,14.019029257211411,0.0013855425864553045,-0.0002034768559230661,0.001400403902371595,0.02076718687124609,0.02090884786062917,0.0294695770143413
924,68.70914459409221,15.238019765392092,0.0014664649375637807,-0.00023135081321771925,0.0014846018361434298,0.020475211417698185,0.02138395139541845,0.02960587205067699
925,79.05513601512442,16.55976918000001,0.0022110924111394467,-0.0006485277490578031,0.0023042391134377596,0.0189398484346571,0.032724324592710255,0.0378100420361687
926,79.7382723362835,17.780775013915118,0.002358013821028005,-0.000751822055367387,0.002474967794355299,0.017997563943597316,0.0347312655744291,0.03911742727104376
927,94.26782770809942,3.639080037208618,0.001613927472665676,-5.990576757737128e-05,0.0016150388812700611,0.005183170189203306,0.01131610741849562,0.012446667839915127
928,93.84358824071226,2.333011283563108,0.0010490967609573204,-7.48344940869973e-06,0.0010491234512040007,0.003635143179096601,0.00720954314334753,0.008074142571711372
929,91.63714992142725,23.13779093696968,0.0037916847392525186,-0.0017487995099469428,0.004175544621707581,0.008787603142634829,0.0560134367136721,0.0566985631340777
930,92.20113148729745,22.021096105154598,0.0037703400442994656,-0.0017948996779226269,0.00417577883794806,0.00970511482599589,0.05573419931419284,0.05657287536425861
931,158.0565456915349,3.79233207059119,0.010921378353030663,0.005330422240139691,0.01215277360886076,0.004585820176685914,0.006839538135990208,0.008234623768367564
932,159.08179667704337,3.226102609116279,0.006160643954820444,0.0032066773474338684,0.006945236752524077,0.001040350772230917,0.0045345142263572905,0.0046523272668975175
933,98.27478572473481,25.04307675177417,0.005111599290510588,-0.0032153437971246777,0.006038781585755233,0.005379209910670203,0.06467828129728759,0.06490158681291325
934,97.16114778027037,24.67537296771031,0.00488372809762583,-0.0026865245054877827,0.005573886799184783,0.005900397871053045,0.06380203282985797,0.06407428570229247
935,98.30088910417817,24.038350552013256,0.004787188892261501,-0.0032099352214415462,0.0057637541252245385,0.00562976083939302,0.06376124630737434,0.06400930196290552
936,126.06756651216543,3.664237667319508,0.010463442834025954,-0.00256725751857984,0.010773785180132087,-0.0002941688268988142,0.005840205405852691,0.00584760929622269
937,125.14631663659907,4.054754739492378,0.010340419418374887,-0.0028547668130742667,0.010727253483764363,-0.0011552198202408742,0.006661170240508863,0.006760600698615343
938,51.36255301771787,9.563134162674672,0.0004967421710562539,-1.90590133273989e-05,0.0004971076648923195,0.01650998758682751,0.0076386835476298575,0.0181914588875667
939,52.46779560636661,8.802636802597874,0.00048595626995251787,-8.861808976000536e-06,0.00048603706439374715,0.01631651041063877,0.007849360721898208,0.018106379420606476
940,82.93941961512805,1.008216748869139,0.00021987242347281267,-1.1546531849226905e-06,0.00021987545526453223,0.0026425778103042873,0.0026695337640031194,0.0037562784775180425
941,82.94667673200567,2.397002370078906,0.0005168213547658961,-2.1566417078976407e-05,0.0005172711311175993,0.005907547859361786,0.006298017860313301,0.008635053600266495
942,108.69780107708954,7.150102770550468,0.005275243563326667,0.0003842534413102173,0.005289219730695462,-0.0018072747156085665,0.023495818573510473,0.02356522294265424
943,109.50447382400365,6.2180409106530385,0.004750421811637082,0.000316966072632409,0.004760984654425736,-0.0023462114179630374,0.020212745737634315,0.020348459358684488
944,117.96775613633751,20.84282028176745,0.020669814235815587,-0.008064448281967796,0.02218730597967356,0.007213052711519449,0.039674328290446696,0.04032468790601233
945,117.34680071613907,22.11344432676497,0.020869228402015758,-0.007791443752885053,0.022276249456537174,0.009498038924672625,0.04200219569786989,0.04306271225615912
946,150.27262659809776,4.273397896134746,0.029808647380754397,0.003161319226111215,0.029975813548918675,0.019291118637229165,0.006456989405050677,0.020343057057693837
947,150.74411829006982,5.277098373479992,0.03716213223160829,0.004418879251524486,0.037423930390047135,0.025117462162020904,0.007966346854213656,0.026350513992371982
948,87.272153106182,13.400149890178973,0.002683020184463234,-0.000871584009540273,0.002821038106074327,0.016174981361892493,0.03539009749040356,0.03891129684857391
949,87.8672410959608,14.545957196230134,0.002844558480297913,-0.001004737462236744,0.0030167880793746027,0.015874682919620617,0.03845871619879895,0.04160623041634817
950,86.61726857332582,14.537468627943701,0.002711855142843018,-0.0009232789222921676,0.002864716789512204,0.01659806158483816,0.03731254532115363,0.04083774830615938
951,113.84249121403266,23.237189091726748,0.018349191828663083,-0.007529746585478794,0.019834059705632776,0.009738225444751633,0.04962418166504668,0.05057066779011687
952,113.2374019145725,24.259567834120105,0.01752748797330991,-0.007684742140742655,0.01913813199934177,0.010607174315291406,0.051178363084332025,0.05226602141876399
953,108.17482180143189,2.249482124030019,0.0016523634161915383,0.00023150404657024408,0.0016685020176033856,-0.0009794904122318237,0.007360841424443678,0.007425724741966948
954,109.20199393218957,1.5494016024807917,0.001150357010013744,0.00015530336818573627,0.0011607929990560745,-0.000981025148025155,0.004999685734614213,0.005095023825848377
955,88.00759901429137,5.845835624301652,0.0016141082919213599,-0.00022513419460064125,0.0016297334087597792,0.0104903078628822,0.016533828852206667,0.019580961558925285
956,121.89724020731188,18.97507036231873,0.021325351156688682,-0.009992914006478816,0.023550561188578158,0.0041679692044941825,0.029222852656683458,0.029518588798989755
957,121.78660636874386,20.27624897361089,0.02197906772425917,-0.01011092853561431,0.024193186931032278,0.006640962032563039,0.030164640101905726,0.030887018133763624
958,120.84841338751093,19.43022166915977,0.021165019470619446,-0.00944911955472347,0.02317852259207126,0.004880775562154754,0.031956891519662224,0.03232746333518277
959,114.78515805823139,22.444811540432916,0.019159256967687877,-0.007422115192625787,0.020546652318236734,0.00909520724011807,0.04743581527975438,0.04829988991701405
960,137.16574469507486,13.552043956155664,0.028440197165050328,-0.010730876344568234,0.030397311096696543,0.006328155125937984,0.004421852102136015,0.007719995033100726
961,137.72896119601776,12.367871643832354,0.030052607984089513,-0.009945089906803097,0.031655395431107125,0.00792202064950076,0.004197054752616225,0.008965136907352553
962,126.7291719058658,3.087150101352246,0.009710945887893263,-0.0020648825154024725,0.009928051663846532,0.0002944675826804348,0.004925972622281267,0.0049347661983840975
963,126.69122799674713,4.372511300899159,0.012777098116965077,-0.003385308387284948,0.01321796312476224,0.00027013738444005633,0.006397908501183114,0.006403608935278861
964,27.640495575504588,4.450472933154812,4.542281517805943e-05,-5.2230774858500395e-06,4.5722124591091994e-05,0.002902396941950663,0.0012909092633577412,0.0031765318721630018
965,28.517734944614162,3.5104074426086918,4.215414289610161e-05,-2.4383630304330864e-06,4.222460630453689e-05,0.002713034564697614,0.0012183497925202912,0.0029740431681766506
966,28.869327716468277,4.46221994353788,5.224418718477713e-05,-5.224942345519071e-06,5.250481041878e-05,0.003338914260012355,0.0012435006338621735,0.0035629541481935296
967,88.24285714311702,0.0,0.0,0.0,0.0,0.0,0.0,0.0
968,88.6733876959014,0.9689072410793121,0.00031438098097155134,1.6750969727334728e-07,0.00031438102559813247,0.0021208436705654615,0.0028035093200194025,0.00351534384981231
969,87.430530553039,0.9689072410793121,0.0002876071556846805,-7.758752547022164e-07,0.0002876082022186483,0.0022259344748029393,0.0027547998934949504,0.0035417095786238638
970,99.19662491042774,25.507273430524442,0.005404014477850059,-0.0037871839215604178,0.006598949502196452,0.005015388793682331,0.06523066123838267,0.06542318618309899
971,98.05688358651996,26.144295846221496,0.005594459147778673,-0.003065748991577383,0.006379403579922047,0.005159826247500806,0.0653465129923,0.06554990897901561
972,59.01061117937188,11.961683937051498,0.0008326943903674347,-4.919394766829898e-05,0.0008341462654933996,0.019446637415181663,0.01258302200103648,0.02316255921603033
973,60.40631489563023,12.161808062256153,0.0008918511144687426,-5.653612438617293e-05,0.0008936412835918823,0.019767420846527856,0.013534074574055584,0.02395667133597324
974,89.97718076300325,1.1199883080884872,0.0003981211281671943,3.081320106425951e-07,0.00039812124740894644,0.002299217558289198,0.00329773660329956,0.00402013284420889
975,85.30496954392093,14.507643384627043,0.00257733497766624,-0.0008423561237296167,0.00271149763530906,0.017285428752888528,0.03603804125504338,0.0399690688491913
976,89.09239980586999,14.526626359166968,0.002978304370533886,-0.0010892331913462932,0.0031712341239132245,0.015100245465674785,0.03948064477940304,0.04226983233135703
977,29.143737787109206,5.503404493207787,6.115174071512006e-05,-9.357861963799909e-06,6.18635997418741e-05,0.0038777968984214086,0.001139223336125476,0.004041675221362988
978,30.020977156218777,4.563339002661667,6.0237713770791915e-05,-5.106730163304983e-06,6.045379105806899e-05,0.0038478314945287824,0.0012156408874963197,0.004035293047306533
979,79.2594748770724,3.5295470312034958,0.0006057170794087439,-3.342074879634317e-05,0.0006066383821829664,0.008878842517225448,0.008543938857580344,0.012322042673508385
980,78.85941235841095,2.2507382085236696,0.0003807609431564444,-9.14520906635215e-06,0.00038087075325135214,0.006034636338581922,0.005470328779322705,0.008145018888426206
981,83.68239057136816,3.3257815875897423,0.0007418574926160923,-4.956361386455295e-05,0.0007435113255155903,0.007718638692563775,0.008807479718261743,0.01171106665739439
982,84.90295906108717,2.71512385603798,0.0006606071279863998,-3.513309809274439e-05,0.0006615407108621767,0.00626768452527203,0.0073749464341172875,0.009678517666173564
983,84.73508183101254,4.024471945889444,0.0009475098385725907,-8.302032428839842e-05,0.0009511399836179782,0.008790392241974731,0.010826660179822008,0.01394587990831389
984,86.26317610568958,19.446407670329194,0.003020298405595836,-0.0012376041681295344,0.0032640261236418352,0.014592628186927649,0.04481419733254683,0.04713021408780532
985,100.96666666666204,28.6,0.012501063673508684,-0.005749184684642795,0.01375971356922991,0.010364347943144087,0.06534205558064803,0.06615892937307141
986,100.38810453913649,27.5289045606571,0.010050756636871137,-0.00510296659209283,0.011271999690100454,0.008350163356220457,0.06566274333010136,0.0661915484764508
987,101.60477120579853,27.5289045606571,0.012170273433805254,-0.006794317701874858,0.01393837538910457,0.010408213408043872,0.06445483325157982,0.06528978814360133
988,40.6546380210938,5.339627540336952,0.0001691137690184464,-1.0087547802856774e-06,0.0001691167775764167,0.009326804429367664,0.0028861079713907493,0.009763139868208254
989,40.738213658890984,6.612445367661575,0.0002046188616950384,-8.305828854825712e-06,0.00020478736619806143,0.010603639843672463,0.0030581661671517345,0.011035830654745917
990,34.30668228232797,6.666270067851894,0.00012171971388888654,-1.1390068518943568e-05,0.00012225147201591738,0.007262936259806675,0.0011609219612351799,0.007355133099685736
991,33.113748556380166,6.510605144223772,0.0001047935482689985,-1.1578857379334565e-05,0.00010543129372732695,0.006377846768221771,0.0009783534924439094,0.006452449531386827
992,75.46500621438108,16.53329139191288,0.00196065062166359,-0.00048739591620176274,0.002020323152211046,0.019584318294769316,0.028813628293316993,0.03483921208202438
993,75.45621800448143,17.78068777845001,0.002060635423743233,-0.0005411882621899964,0.002130517093270477,0.018707700209985006,0.029683189071602088,0.03508660372004037
994,145.2906867123153,6.6474909762412695,0.04069723938391982,-0.0016094660246879615,0.04072905196977582,0.02470391986403001,0.004587819016116512,0.025126315686408475
995,83.42197283648255,15.468255953087667,0.0024830019717585645,-0.0008046165672327861,0.002610116206612723,0.01799420395252128,0.035921747047251984,0.04017665101538068
996,116.73467082659347,18.924689741537797,0.01954008626971329,-0.007151999850621671,0.020807836823925986,0.004514287614014715,0.04055965136535979,0.040810098156480575
997,159.11554992747094,2.1096095443963914,0.0038375495993903507,0.0014630173569287112,0.004106970503236627,0.0002529367965484167,0.0025579673393398917,0.0025704423611856734
998,84.73600911022935,5.065424317305507,0.0011677045343810085,-0.00013354424727045713,0.001175316104540817,0.010534284285246739,0.01354443539994965,0.017158755074474535
999,85.74867304364126,20.735814993882137,0.0030471939910616114,-0.0012847991940715849,0.0033069775004146893,0.01346830408431394,0.045324069463971814,0.047282835021627986
1000,84.94096862258559,19.715071173533914,0.002919095260055602,-0.0011739021352781976,0.00314629359095584,0.01482135414062739,0.04328568057469544,0.04575284342394972
1001,101.61285267924268,25.38934525537018,0.009962057946044786,-0.007074127358971123,0.012218259958410518,0.008608852801246847,0.06305699036439802,0.06364193884828871
1002,100.22036806345778,25.43193172869566,0.00789938960868386,-0.005003408757624211,0.0093506393035799,0.0071300718987258324,0.0646118322394507,0.06500405210923332
1003,100.8070116644275,24.36346786275164,0.007783599522973313,-0.005957585177000579,0.009801899952317785,0.00703796591416668,0.06293097666123333,0.06332330367049453
1004,139.58663280287885,9.57475759207934,0.03501428325524834,-0.007389115195954814,0.035785458712413544,0.014359621273015447,0.003634910273085652,0.0148125384656993
1005,138.62439528281107,10.363888793950185,0.03312822615834384,-0.008437485983664424,0.034185823642599436,0.011762590879657846,0.003782160335636506,0.012355698321287712
1006,107.19861837919416,22.268248968131026,0.013979611015778735,-0.010140085789113601,0.017269941052680687,0.008312636640054962,0.05471786903056487,0.055345687448577555
1007,106.56325919600718,23.283948183741742,0.01312847365544484,-0.011146513446250936,0.01722212479716606,0.008457597199530594,0.055594375657990594,0.05623402488877428
1008,105.96805060230557,20.02978699159588,0.011454708010862511,-0.006812484877229144,0.013327426076200669,0.006037297574299249,0.05480596011133008,0.05513748476059951
1009,106.58278642496192,21.117209188365358,0.012929634807354254,-0.008601030570113955,0.015529107608603317,0.007272782310914875,0.05477426792371452,0.05525498881658395
1010,105.3328413059312,21.106756822459026,0.01106649752057363,-0.008103045184555874,0.013715929011037364,0.006565335462357821,0.05587248888145027,0.05625689863066642
1011,107.83382767556856,21.191279137267884,0.01455601302789626,-0.008993320764052008,0.01711015294009421,0.007813182026741439,0.05363570224342692,0.05420179303794799
1012,104.08415139380989,21.096448012764753,0.009106298192796436,-0.007282227538151501,0.01165999591310133,0.005784240677052298,0.057038570238023334,0.05733110791715077
1013,104.69888721646623,22.183870209534227,0.01070810539026832,-0.009221957597496881,0.014131808906828733,0.007059561512332784,0.056831479032264355,0.057268267109640336
1014,97.83452277386795,21.043522047143288,0.003935884550947746,-0.0026332257525920715,0.004735511066664634,0.006448337847987015,0.059733898109494254,0.06008094243898995
1015,98.46834564065671,19.96583412828368,0.0038411452615391426,-0.0026559223064483856,0.004669937924441258,0.006085806204936362,0.05813170224929887,0.05844939557912623
1016,99.0844563066043,21.055493939251225,0.00405353131018608,-0.0029922739843990694,0.005038335010732252,0.005447637973618022,0.060233127772944,0.060478975196372194
1017,96.58446174725333,21.03276622950385,0.0038651488701611086,-0.0023406984897436783,0.004518655243365667,0.00744682122984725,0.05896440041251069,0.059432782724992736
1018,97.20057241320092,22.12242604047139,0.004127760165467328,-0.002571539699682754,0.004863252040627067,0.006701503961834694,0.060999545009719824,0.061366559678242685
1019,110.36682654743852,19.04470567821333,0.01649269311908222,-0.006951964704693043,0.017898009374662866,0.006379717112339731,0.04936153028021006,0.04977209521446304
1020,109.11486190742208,19.042225168884226,0.01514688299141874,-0.006650027802328441,0.016542398076683788,0.006230494478683584,0.050827674521358966,0.051208120046513234
1021,109.74280417602704,17.908123851955942,0.014931886969419557,-0.005603936770063812,0.015948835562209385,0.004970460449302416,0.04887725298434491,0.04912933274911977
1022,108.47844000008493,20.109523176321915,0.014921409004379315,-0.007873305343939953,0.01687119983032877,0.007077992462661402,0.052269343458269016,0.05274639554377134
1023,99.70200501380381,22.142571196526013,0.004483421265714547,-0.003585186848261507,0.005740612422277671,0.005067111234237024,0.061819215566282545,0.062026534882182814
1024,100.33582788059257,21.06488327766641,0.0043266981400399895,-0.003653543554104712,0.005662923034684967,0.004565217543207431,0.06020352463251469,0.06037636614930226
1025,111.65699053993998,19.084969898989677,0.017523030062942077,-0.006889691488749563,0.018828819171602874,0.006274850942842223,0.0481003986800436,0.04850795921840073
1026,107.85441762867345,18.972941350064524,0.013400817125166756,-0.006262522183519283,0.014791926301913274,0.0057300712624246295,0.05203942573193257,0.05235394490563047
1027,100.352233992898,18.900395240678524,0.004227956314481379,-0.002363861803710468,0.00484390929149218,0.004702914264019713,0.05704388994716817,0.05723742467022214
1028,99.10224687776366,18.889822634028036,0.003973068676769563,-0.0025559901513572923,0.004724231192920487,0.005784949269299918,0.05630548864763198,0.056601887688459536
1029,99.73620169726863,17.812411854314938,0.004262962066170658,-0.0022421137173200788,0.0048166294749549575,0.005514071974453061,0.05436461724962338,0.054643541232587564
1030,97.85231334502734,18.8778507419201,0.003829906207397897,-0.0024140425475298773,0.004527226853024872,0.00694131680903661,0.0557085283692076,0.05613930897424925
1031,101.60243115782998,18.91056476712268,0.00487599205549648,-0.0027601282182220972,0.005602999759619009,0.003987548461137582,0.05699277515059485,0.057132100977438094
1032,100.96847633832502,19.987975546835777,0.004702805686386276,-0.003087380704507519,0.005625682264265592,0.004439011160761648,0.05887806119638278,0.059045159922980664
1033,109.12342726951778,16.820094105340754,0.0130070642255346,-0.00407466408636884,0.01363035609160399,0.003408796543175453,0.04830494700974053,0.0484250740782769
1034,110.37539190953422,16.822574614669858,0.014543227539733874,-0.004629468681233826,0.015262288411080386,0.003619581143261441,0.0467793595695121,0.046919184236156077
1035,107.88768635267387,14.632276940906213,0.009159342334091079,-0.001037846665059421,0.009217954094767883,0.0007377678613391479,0.04612306239895176,0.04612896255580459
1036,106.63772963952445,14.621956759353374,0.008057833246283834,-0.0005527490436100322,0.0080767696593458,0.0011092712261367658,0.047098740263244676,0.047111801250193354
1037,107.2716447165537,13.54461600051128,0.007993239098271985,-0.00019225973732914584,0.007995550955921787,0.0003276795762391328,0.04394292248440505,0.043944144210293995
1038,107.8723054058276,16.807630521187573,0.011361010626605068,-0.003334737670869314,0.011840314091752303,0.003143061522224216,0.049822714705906365,0.04992175614297462
1039,108.5048931393348,15.722081283901488,0.010944076209726986,-0.0024587108664967487,0.011216865123970306,0.001868359526048951,0.0474564008911489,0.04749316532786603
1040,106.00381397877277,15.699296730391573,0.008024897639796302,-0.0011371987888751014,0.008105072684105138,0.0018623073718183536,0.04986606121503022,0.04990082413997058
1041,105.3877723426526,14.61163578999664,0.007143358665197457,-0.00032404870317032444,0.00715070490103444,0.0016972982906496804,0.047670359102165605,0.047700565598500666
1042,102.88785280186408,14.59097898315695,0.005977451524049084,-0.0005324232247368547,0.006001116663804821,0.0035827606942264623,0.047698017189833436,0.04783238461579915
1043,104.1378141797142,14.601310782749058,0.006512430063876363,-0.00039475502731026353,0.006524383255792644,0.0025890175188589184,0.04779252384922441,0.04786259862974056
1044,103.50389530405081,15.678643961442729,0.006222700043188437,-0.0008217468704062349,0.006276723966092488,0.003076766307537836,0.05061654473587217,0.05070997034025704
1045,104.77172984046587,13.52397081171086,0.006754926454858969,-6.355053349743102e-05,0.00675522539082608,0.0020871201950816458,0.04468082854235379,0.04472954851035202
1046,102.86998877213091,16.75597631791983,0.005876172699415525,-0.001318282403187293,0.0060222316534578445,0.0035153431749993954,0.053147884505963576,0.053264014729433026
1047,104.11995014998104,16.76630811751194,0.006653687160941904,-0.001337946745315531,0.00678687367857864,0.002802669976666904,0.05306805664361163,0.053142013463244715
1048,109.13880821636404,14.644740525059394,0.01049718697240733,-0.001715841854177851,0.010636496020881438,0.000643972976303149,0.044815989306574,0.044820615778023
1049,106.61985309362146,16.78698304783478,0.009548453057304123,-0.002561861948595914,0.009886156605638215,0.002757010443184352,0.05117615727216321,0.05125036760579392
1050,107.23838722380445,17.884995869274043,0.011539140692196841,-0.004462598283453309,0.012372006763407196,0.004234631881236065,0.05173268427961446,0.05190570999363991
1051,106.03956347782479,11.369299733220053,0.006880428768891826,0.0003042761588829901,0.006887153550245477,0.0009377771665959132,0.03786812755633503,0.03787973746790029
1052,106.65560437214017,12.456958858235078,0.007354427451250119,0.00018013250034877148,0.007356633119395259,0.0005240270595940396,0.04109425482391359,0.04109759584077798
1053,105.40564710908889,12.446636693943418,0.006903718509945773,0.00016115732112347448,0.006905599246026341,0.0015542344026711497,0.041345450128997534,0.04137465275924221
1054,107.90556108528959,12.467279039787917,0.007935619161101868,2.4147153978937644e-05,0.007935655899488863,-0.00034918851995916975,0.0405500868743376,0.04055159032810918
1055,104.15568894615049,12.436311686695836,0.006477879756672046,1.089971350765051e-05,0.006477888926622317,0.002626354665916696,0.041344841143593714,0.04142817432641924
1056,96.62018651427138,16.704357101958948,0.0038986409672972467,-0.0019971638648429574,0.004380418347021534,0.008707308321142089,0.050194408686235474,0.050944046576221855
1057,97.87015952577919,16.71443129848354,0.00409200727818467,-0.0020709600386238317,0.004586218381879905,0.0075407914001262,0.050892271101473846,0.051447903677468994
1058,97.2362415706265,17.79176505113986,0.003870808110875217,-0.0021986476988417446,0.004451652180352757,0.007843519214205064,0.05305434995166793,0.05363100635320627
1059,100.49305664063675,5.849027596817927,0.003360955339406208,0.00010416099374822645,0.0033625690039167547,0.0037787364215682738,0.019378641050503048,0.019743621195412165
1060,99.17554269632237,5.667660556061606,0.003085656393559423,1.087539341382759e-05,0.0030856755586574636,0.004518470113354269,0.018572671688483824,0.01911441094602406
1061,101.73821332601625,5.868113762141515,0.0035424470430959368,0.00020886929953839028,0.003548599362766781,0.002955586293698961,0.019603626386334942,0.019825177372081913
1062,101.08029168431497,6.989267260611374,0.003981094124657955,9.662637357552017e-05,0.003982266576392952,0.0039038163520773643,0.023257332649433183,0.023582690772622563
1063,101.69233049066447,8.084226508364042,0.004568380568321776,8.881466356356173e-05,0.004569243817250717,0.0038622108812821016,0.026982918032819502,0.02725792615841032
1064,100.44717380528499,8.065140343040454,0.004306665657253083,-6.556894113368076e-05,0.004307164771564297,0.004834008178241101,0.026673786020530988,0.027108273566134312
1065,96.60234033351954,18.867776545395508,0.0037379647617550495,-0.002223665777913192,0.004349375823263007,0.008100533057654184,0.054987803098906884,0.05558126595771548
1066,98.50406941998537,15.637345956919308,0.004384353946404015,-0.0018542041024310497,0.004760318516740303,0.007206558238098649,0.04851244296056517,0.049044791809540765
1067,99.12012447634046,16.72475390610022,0.004329757718812324,-0.0020579571033684744,0.004793953414763191,0.006370478081748895,0.05152873528280682,0.05192103187375636
1068,102.94148778433066,8.096009403885903,0.004817533603483129,0.00024215378627337773,0.004823615705764263,0.0028608772371948683,0.02720124149387537,0.02735127341412876
1069,102.30836990530068,9.171882486314983,0.0051296854205262025,7.722436893592291e-05,0.005130266671111419,0.003704122555821983,0.030659066985055175,0.03088201600126924
1070,102.92360918200919,10.260999087592637,0.0056525345382389975,6.192887689849581e-05,0.005652873772850289,0.0034468149416132495,0.03429709530042914,0.03446986044776577
1071,101.67445188834299,10.249216192070776,0.005324132738539196,-0.00014608614110629258,0.005326136552718884,0.0045255186862581355,0.03401078960727384,0.03431055419386166
1072,101.03986758288295,11.327767168586506,0.0053906910442982825,-0.0004236482150840413,0.005407312432736026,0.005287941735293575,0.03723854959866292,0.03761212442827363
1073,100.42462830617444,10.238650567308852,0.004988932686963503,-0.0003526864371306594,0.0050013835163871204,0.005583641819105547,0.03364049876788611,0.034100736257685275
1074,99.19641628125125,8.056278787455678,0.004039214247134676,-0.00020766407300442042,0.004044548936713775,0.005784308041333378,0.026347979142584892,0.026975437427688223
1075,99.80845508760075,9.151238035208346,0.004532779277152184,-0.00027986786108054893,0.004541411013665915,0.005753682277884647,0.030015139445246086,0.030561633720604848
1076,99.17387078214071,10.229789011724076,0.004650030497889311,-0.0005370611812699202,0.004680942035929067,0.006616759735751456,0.03321152000843678,0.033864237340761986
1077,101.65577443102381,12.415666600839716,0.005709044482079173,-0.0004789576793511252,0.005729100222283432,0.004859770481480598,0.040795795483189866,0.041084234180996056
1078,100.40595084885527,12.40510097607779,0.005329082466668604,-0.0007460699783386994,0.005381053832580848,0.005963100525436285,0.04032337594655731,0.04076190888076582
1079,98.53997540276404,11.307082205644829,0.00465914870971711,-0.0008257859254441977,0.004731763845958538,0.007400521014987803,0.03627377309293439,0.03702099844265369
1080,97.92380218419035,10.219669673544324,0.00431349609046695,-0.0006783670900759476,0.004366512387635213,0.007620378336522394,0.0327393437970213,0.03361450279643144
1081,99.15599368140013,12.394778782315903,0.004945647204717394,-0.000975143886690265,0.0050408661828378635,0.007039548640721021,0.039778165792386515,0.040396258723694525
1082,97.90592508344977,12.384659444136151,0.004556548936914687,-0.0011373290394580309,0.0046963449147707295,0.008075897979107308,0.03919470420703506,0.04001805799943223
1083,90.9419378297323,15.627377347606014,0.0032448848901499884,-0.0013293839699700955,0.003506642224398884,0.013707121537453007,0.04355552067248116,0.045661455976495555
1084,91.55044352614834,16.70872680658222,0.003345275492382612,-0.0014677103010881896,0.003653086591891316,0.013023993079976742,0.04644540578903794,0.048236916512725825
1085,97.27198475494507,13.462033756086235,0.0043649530402297704,-0.001427123968244022,0.004592330330469236,0.00863890119304668,0.04199752818928652,0.042876835095808315
1086,96.65596647630898,12.37433717941516,0.004203238428162308,-0.0012064236205598655,0.004372947659900028,0.00910715558191429,0.03860437672619118,0.03966406667515175
1087,92.27215356419605,13.42074487886403,0.0033335420737172963,-0.0012144494107106316,0.003547871210799345,0.01276257445472038,0.03913343655475239,0.04116198687256377
1088,92.87165633432068,14.520603756395385,0.003457191850451796,-0.0013918423347361129,0.003726848611842717,0.012316240315422146,0.042390806875943286,0.044143745684986344
1089,91.62169890641697,14.510281557812139,0.0032846098418107973,-0.0012860974769995127,0.003527422363889085,0.01329882973756709,0.04146765056741282,0.04354796110003144
1090,90.34243505960767,14.527518470074657,0.003124872333864638,-0.0011837357739569532,0.003341565125131949,0.014242236844473411,0.040517308221754665,0.042947567752676566
1091,94.13815039152499,14.518723019876013,0.0036518773336744557,-0.0014965022596672931,0.003946609566880738,0.01127124046263962,0.04321486549010384,0.044660558224169256
1092,93.48769573374591,15.608259698824124,0.0035437160852453096,-0.001566179851332842,0.003874382921130448,0.011705562568381766,0.045524965088007865,0.04700577242538022
1093,109.24757974343939,8.221162883003533,0.006130783560349002,0.00025875764782491706,0.006136241731235291,-0.002097223612524648,0.026728773675816803,0.02681092480862919
1094,108.00757803155994,8.153894152745583,0.0058028951780786635,0.00042553348306250153,0.0058184767072641886,-0.0012043736410189652,0.026988920605483264,0.027015779672559154
1095,92.18301957849215,17.78417981607981,0.0034340442442666735,-0.001598076215945812,0.003787678373826473,0.012203045084476487,0.0492229010575578,0.05071299929856141
1096,92.85377772888542,16.685593444841082,0.0034709310167815085,-0.0015969774139979829,0.003820693521348657,0.012014026863192537,0.04752936152150787,0.049024249592540474
1097,94.12027178608972,16.68371270832171,0.003600139671257295,-0.0017332924023069282,0.003995661172378798,0.010956276512137337,0.04851880929670067,0.04974047497340591
1098,107.30739933614265,9.214632051165957,0.006274894834295372,0.00043766917701721026,0.006290139862513207,-0.0004865661194992082,0.03065334497794476,0.03065720641098167
1099,106.7576206697928,8.143571938712894,0.005547794412675276,0.0004895203365975986,0.005569349423878308,-0.00023501855178415226,0.027267374434068535,0.027268387232239774
1100,97.30774018799178,9.132054282548722,0.0039231985655557525,-0.0005388683745221126,0.003960033599584582,0.007690101375214737,0.029183131858740056,0.03017934466229657
1101,96.67384480861513,10.209347476469475,0.003988307372210486,-0.0007696370665701471,0.004061888342811409,0.008597083294906657,0.03223941717423739,0.0333659985751075
1102,105.45928115164152,5.951664127457089,0.004034243868356635,0.0004578995897605467,0.004060147241625109,0.00037642736317178727,0.02004099038323596,0.02004452526503685
1103,106.14158125974774,7.055915950460273,0.00479718501798328,0.0004943530513272494,0.004822589453407764,6.197568551661453e-05,0.023724288783984585,0.023724369734336295
1104,88.5401469678833,11.226360279709823,0.0026104296534292665,-0.0007423910407626908,0.0027139431521141983,0.01478633994226674,0.031048693842983064,0.03438978392260654
1105,87.95432538841895,10.154281856389414,0.0023972330478871096,-0.000609423660973712,0.0024734840780641226,0.014570946276633622,0.027977277448711896,0.03154426300991587
1106,89.20429574976268,10.163032371585782,0.0025620741505458944,-0.0006633016459655344,0.0026465435999499525,0.013840258678933652,0.0286867323154159,0.03185092418182124
1107,95.42386487735537,10.199065834584921,0.0036851238937210358,-0.0008136418158038129,0.0037738774644254435,0.009550470677460229,0.031715431816463295,0.03312219958676899
1108,96.03992687355392,11.286681225580523,0.003972866752430852,-0.0010017162488580034,0.004097207057959924,0.009413974301036902,0.03517293655092224,0.03641096507586396
1109,86.6741501788025,10.128382140818774,0.002241134645877916,-0.0005541534459075756,0.0023086295810643967,0.015253579161719353,0.027182981642589536,0.03117027699947818
1110,87.33829896068188,9.065054232694731,0.00215937622314415,-0.0004837626909379544,0.002212901266261969,0.014143251161906591,0.02486129473724872,0.028602718916933806
1111,90.42940989518551,10.158825571697815,0.002737988008953614,-0.0007129407568642818,0.002829286634466715,0.013068426999204205,0.029319116060866974,0.032099756242440804
1112,89.84358831572116,9.086747148377405,0.0024866868201062937,-0.0005700899031045948,0.0025511985102912235,0.012761492581805351,0.026117083997564444,0.02906815731090139
1113,91.04007472282213,11.245432991562698,0.0029687324602288463,-0.0008710396692906191,0.0030938782338505713,0.013161053944610908,0.03258317601734475,0.03514081245944988
1114,91.67936728878061,10.169147768354323,0.0029391331833086374,-0.0007608555556902186,0.0030360179587496905,0.012243925171158026,0.029970267700239323,0.03237484593972496
1115,116.03922234454089,11.451877247668628,0.01244401748909264,-0.0037551213876946066,0.012998250186281418,-0.003660517096858301,0.028868713342673297,0.029099862464929883
1116,115.42405349350007,10.363925594821342,0.010813490965522848,-0.002755576958792614,0.011159067668818618,-0.004259089119303953,0.027351305987204408,0.02768092807930863
1117,116.67401087325601,10.374247817191806,0.011736360548808732,-0.00345669390736032,0.012234822912523743,-0.004328887509130391,0.02583227819147475,0.02619247723351969
1118,112.90538958828974,12.508566538292344,0.011289966576867823,-0.002440444482524789,0.011550719223454365,-0.002346108368747971,0.03543337533750428,0.03551096045288504
1119,112.27147214477917,13.585900267398838,0.01216932170203354,-0.0027312814293287023,0.012472060332350078,-0.0010001136545205996,0.038659579139222,0.038672513320751827
1120,111.65543276303163,12.498244314044184,0.01033224173646222,-0.0016371726847439596,0.010461144951694512,-0.0020538968778173686,0.037051516334065275,0.03710840006033962
1121,112.8875113056321,14.673556035550018,0.0142666646618934,-0.003965465493975926,0.014807519615345158,0.00047538334695691915,0.03986369639139975,0.03986653081611519
1122,111.637554480374,14.663233811301858,0.0131312577985289,-0.0031221477020114685,0.013497323351116752,0.0005850297610660027,0.041729932546358574,0.041734033236016974
1123,114.13689655307658,5.9446728827372635,0.005724418292535508,-0.0005222023888860551,0.005748187551121958,-0.004456555975393649,0.017327185898306934,0.017891122444282346
1124,113.57708631547914,7.1677320773039455,0.006691816911937518,-0.0006813407293860215,0.006726413514824468,-0.004419684441985193,0.021051568944170655,0.021510512908294314
1125,112.87851429686522,6.0043776769596295,0.005362328256509662,-0.0002451486290437166,0.0053679290402243555,-0.004042654868486727,0.01815177383318853,0.01859650374874071
1126,78.51089709736846,15.467751116092156,0.002078214691365987,-0.0005637214064396177,0.0021533132906030386,0.01952524864880502,0.030874941708464648,0.03653077278540316
1127,77.84885119120133,16.500407384824737,0.002118082377635607,-0.0005875071973256369,0.0021980531534428215,0.019225614841472977,0.031342390346914814,0.036769140575910186
1128,114.1963273856297,8.187135197865363,0.007944621132349172,-0.0012150547232460717,0.008036999621565975,-0.0045780225625260355,0.023319324541061306,0.023764452184604243
1129,115.44715529695284,8.19716172371305,0.008635945797332137,-0.0017274804953166362,0.008807028368079554,-0.004852391595847959,0.022249161361391243,0.022772151533939015
1130,114.80801411089205,9.276269638496833,0.009338664278171403,-0.0019156418317800073,0.009533117754861736,-0.004531223332873346,0.025490540659735828,0.02589014577050545
1131,79.11993330697487,14.41338121130416,0.0020283032259887958,-0.000532183986171538,0.002096958218871798,0.019595325836161637,0.0300306904741442,0.03585832072168465
1132,77.91364848305179,14.354019416128885,0.0019336940130297124,-0.00047968752337163847,0.001992303354438116,0.019890042496913316,0.028825933592120337,0.03502211070147471
1133,118.57489433385334,7.142542314340824,0.009455822623915363,-0.002533112786073604,0.009789241129010931,-0.004937833839660415,0.017023759787454493,0.017725422430200307
1134,119.19093371643295,8.230198270567206,0.011235695161079275,-0.0035160363690893356,0.011772992716444667,-0.004766568350676584,0.01856582156824845,0.019167939491393202
1135,117.94097633647505,8.219876047499582,0.01028558834738368,-0.002868318779992804,0.010678041968239979,-0.004944085038953378,0.019881813780562734,0.020487325254346326
1136,112.93794512941834,8.246839992087729,0.007401437877947614,-0.0007623947666173117,0.007440600005462136,-0.004145823068514997,0.024497420820053566,0.024845753676437852
1137,120.44089109639071,8.240520493634417,0.012249982320199564,-0.00423174733328534,0.01296031451539543,-0.004456321350577688,0.0171549900271545,0.017724347175887323
1138,119.80697309901242,9.317854226793175,0.012988569714551056,-0.004579139721963946,0.013772126336300467,-0.0044158790700475625,0.019848286457276872,0.020333579695946423
1139,122.94080585630607,8.261164939767468,0.014340493153145804,-0.005881774754711749,0.015499839294024507,-0.003565470817838142,0.014055019965654123,0.014500212701467225
1140,123.55912992710401,7.184279778096224,0.013625274868423777,-0.005395755872925103,0.01465477044106479,-0.0031394515775075293,0.011788214588537353,0.012199104860313292
1141,124.1751693096831,8.271935734320849,0.01549878615111254,-0.006489484375113949,0.016802552770718085,-0.0028981710014405852,0.01271271320026115,0.01303888308351928
1142,111.03939283177597,11.41058837978865,0.008994984446798249,-0.0008634246045658026,0.009036329301542302,-0.002469594279780553,0.034937280976997685,0.03502445571272178
1143,110.4054753882654,12.487922108895141,0.009459419488787358,-0.0009220213497152423,0.009504248546528064,-0.0016124964854470642,0.03848577560699022,0.03851954139118459
1144,120.42301248159315,10.405510183023353,0.01467886446810025,-0.0056485691443406445,0.015728172031461672,-0.003902168558803685,0.020927212490174346,0.021287910702326454
1145,119.17305510163538,10.395187959956141,0.013685197343949879,-0.004915365692073962,0.014541163854027317,-0.004136233932142679,0.02260131106502227,0.022976677153133056
1146,80.40667803059544,12.218350816977985,0.0019055557978494807,-0.00045620846577244757,0.0019594052829775216,0.018964454008344837,0.027424582201070823,0.033343038624845174
1147,79.77276321482734,13.295302124230354,0.0019694645603830913,-0.0004951407628421816,0.0020307523309436087,0.019403172201500427,0.02882672640389241,0.034748571864839956
1148,79.15659950842632,12.222698204088518,0.0018098016060327793,-0.00041122234076178916,0.0018559325598578285,0.019335505798614223,0.02647032056948486,0.0327801716825818
1149,96.07566136193536,6.956742394679893,0.003054404381738076,-0.0003015633518442505,0.003069255053324226,0.007330218255984587,0.022049326689992727,0.02323585391506831
1150,95.4596219540633,5.869086451748671,0.0025904913790394182,-0.00020598187905779188,0.0025986677585597058,0.006865057867861872,0.01849682745246874,0.019729714780895677
1151,96.70957933590302,5.879408647746836,0.0027910590340344994,-0.0001563429009565978,0.002795434426729613,0.006152575620186042,0.018796063713294935,0.01977741635998874
1152,134.7826993558994,9.42773883767157,0.029693445065170316,-0.00903773474421942,0.031038384770235034,0.008519098721973484,0.005040076350349049,0.009898354037519472
1153,135.37767987165094,10.472938715138037,0.0299518900262842,-0.009834537729469475,0.0315251304279456,0.008060827607071185,0.004871954381009392,0.009418751573407038
1154,134.15148479429902,10.476598557996546,0.028656333180304673,-0.010105350256923563,0.030385910141967704,0.006681052468584293,0.005540727443734716,0.008679638396484689
1155,80.370011829144,14.409033824193624,0.0021259753097808837,-0.000586243567573089,0.0022053236810769404,0.019244632491949274,0.03119727717423045,0.0366555041274288
1156,78.54053451654909,11.138140534566482,0.0016441981752859866,-0.00033295531711063095,0.0016775717221049027,0.0190253415759916,0.02409919597508015,0.030703987831037092
1157,77.90661970078096,12.21509184181885,0.0017190448183847552,-0.00036868703475488964,0.001758136859636311,0.019649681189437974,0.02550220664406134,0.03219429319868598
1158,117.92309772167573,10.384865736882528,0.012699917913063258,-0.004173622435496953,0.013368135218968596,-0.004281505957217546,0.024250737885532423,0.02462579097723537
1159,117.30792887063492,9.296914084035242,0.01103357265481425,-0.003172497013209987,0.011480612476165681,-0.004746503413129592,0.022823132971941364,0.02331147128144785
1160,114.17322558217693,10.353899068973655,0.009979172410006221,-0.002079437556180638,0.01019352453956353,-0.004028677023665172,0.02879023103193091,0.029070735137470553
1161,97.92078456874216,5.666102303756743,0.00289656023071203,-7.255469332982699e-05,0.0028974687838985796,0.005279627719459232,0.018348053492564607,0.019092551841545295
1162,97.3047451608701,4.57844636082552,0.002349560631305098,-2.9262941197799337e-05,0.002349742853996232,0.004789075053870415,0.01472791499703471,0.01548698550498075
1163,124.74899628895747,5.03185516921245,0.011805793059043942,-0.0037471725909392537,0.012386204106959344,-0.0016734609297996625,0.008096210573888651,0.008267351277181366
1164,125.41155799176391,6.072324719758013,0.014164305803559301,-0.004879862803567672,0.014981342392402192,-0.0014265795430094142,0.008994607026024413,0.009107034904135412
1165,124.1309316776746,6.154581022104042,0.012868729908650931,-0.0046792765555112945,0.013693058042116254,-0.002494561707345697,0.009926146586737423,0.010234804549826755
1166,73.57640171639096,6.7741882643526505,0.000855529126129774,-6.827561529857237e-05,0.0008582491743664968,0.01549615573890459,0.01370233855919519,0.020685379490722258
1167,73.02994219130272,5.664421861795767,0.0007038387322520143,-3.892808543035802e-05,0.0007049144322918888,0.013746082857451951,0.011508329717103217,0.017927533204584935
1168,74.27991285031368,5.673136069427716,0.000745697879934764,-4.9055413865215316e-05,0.0007473096826407973,0.013646046640947715,0.011899537956670677,0.018105623228963055
1169,127.95851399093712,6.137464142653561,0.017190580406520526,-0.005349618567030763,0.018003734988211964,0.0009212240390180371,0.00756050476237859,0.007616422125382367
1170,126.67710929830255,6.082198371338814,0.015622419267789452,-0.005120832631083519,0.01644028316709201,-0.00029266642240214497,0.008232764172352712,0.008237964527258909
1171,127.31102729568136,5.004864638181169,0.014739007099044965,-0.004123884572004683,0.015305056492183102,0.0007631512122569378,0.006786191995996477,0.006828967826787286
1172,68.5408419496739,11.059622697898863,0.001100368290177886,-0.0001093763198294322,0.0011057909175646338,0.02013264837487238,0.017535643141371224,0.02669873238503602
1173,69.15688133827976,12.147280773159622,0.001223781113161758,-0.0001484505020767652,0.0012327521099143473,0.02058712003528172,0.019125443418906242,0.02810003731878095
1174,67.90692390440802,12.136965078753445,0.0011688522813911757,-0.0001267289341796812,0.0011757022915992272,0.020567314779632508,0.01828239595181865,0.027518365485318434
1175,70.40724239056968,12.108720644514111,0.001277613626039887,-0.0001712225534259308,0.0012890359732158308,0.020557337171449634,0.01992787106703637,0.028630825291023135
1176,69.7733243453038,13.186063025368695,0.00134419787565122,-0.00019142529397081878,0.001357759762283839,0.020778686036683414,0.020640103844344518,0.029287671128247594
1177,120.45814979354427,6.150598997514272,0.009531180410967992,-0.002833837537276169,0.009943542387604904,-0.004432421115879577,0.013311754677485235,0.014030294706172255
1178,119.20881233123211,6.065208581183268,0.00850642602387211,-0.0021803686729451417,0.008781417382721837,-0.004743365312733665,0.014242244118556173,0.015011363429835174
1179,119.84211041096512,5.062943041289091,0.0075203933958622945,-0.0018657066671462334,0.007748366163028379,-0.004388441037682744,0.01168462250563785,0.012481539081398436
1180,72.9424910194812,7.8506408023894885,0.0009558413392327485,-8.869100847478073e-05,0.0009599472697864856,0.017038901969966973,0.015311799408882712,0.02290797637243424
1181,74.19246167849215,7.859355010021438,0.0010095922016519938,-0.00010544046103150778,0.0010150832992710781,0.016915327399132787,0.015869139686276536,0.023193919362677996
1182,122.89656822429757,6.14381022755066,0.011579423106444092,-0.004290112835726914,0.012348607517502537,-0.0033531760333074985,0.010819737886187269,0.011327423247859326
1183,116.08020276279296,7.12012368717739,0.00785105400847972,-0.0015068321368804998,0.007994347511385863,-0.00498416942391189,0.019098767081531874,0.01973841049529733
1184,116.69188948805531,8.20925812780886,0.009418872840871353,-0.0022749218541076085,0.009689707685725118,-0.004971485672771744,0.02111029623621244,0.02168779096577657
1185,113.53930758566358,11.431232805117927,0.010573486560152452,-0.0022341805716440434,0.010806950581197095,-0.0033491387361652223,0.032128086385405374,0.03230217740435082
1186,114.1553469674111,12.518888758472581,0.012290510942547617,-0.0032352788002533456,0.012709196990536083,-0.002525696636883932,0.033734952284080126,0.033829368145307265
1187,93.57574660171764,6.936098002877712,0.002613245945221077,-0.0003643678797417263,0.002638525785737536,0.008849837234380407,0.0213013948421138,0.02306662180065946
1188,92.99999176196818,5.793747531175722,0.002201237406834495,-0.0002467129511956076,0.0022150199551099078,0.008118682968234908,0.01770065811371324,0.01947373386891353
1189,94.24994914034619,5.804069726979739,0.002384791724370894,-0.00023053231045175478,0.0023959083277099993,0.00747313700514165,0.01802455765222233,0.019512366726153543
1190,136.66261434946807,8.35839698325998,0.03196481340426448,-0.0074938185605783,0.03283148812631426,0.012014648435759306,0.004284116927975793,0.012755604058117447
1191,137.83372340343809,8.340321337842077,0.03357032390575655,-0.007129821836297871,0.03431910556169493,0.013776979896018626,0.003963505044181732,0.014335778572876863
1192,137.18000348722134,9.406003349395156,0.03264685292010054,-0.008375439705006283,0.03370407981000035,0.011714316857076423,0.004088721272213238,0.01240737123930101
1193,115.387425732275,14.694200669905264,0.016067817947802144,-0.005403336297340899,0.016952015123455805,2.4757467870704236e-05,0.03606316013893428,0.03606316863697134
1194,116.64702183073109,14.684686358613739,0.016653231761735953,-0.005905598036709611,0.017669358117409915,-0.0003962316624629633,0.03419121723018282,0.034193513057477566
1195,116.01310383333026,15.762020091694502,0.017334029936743333,-0.006046075646523177,0.018358203195612436,0.0009926576644215222,0.03710886349834856,0.0371221378610904
1196,66.54175572217717,12.203072150977464,0.001118573622050402,-0.00010804936260385334,0.0011237800553071113,0.02052733321681624,0.017449294367028304,0.0269415902073618
1197,139.19036857516255,6.222912437135898,0.03211208110539053,-0.0041405384854518714,0.03237792167308902,0.015506945659196861,0.00420961179721042,0.01606817336104193
1198,139.8420484079345,5.153030417099969,0.029398227387123332,-0.0027785129353901762,0.029529238182471607,0.01486942570866289,0.004194415726783548,0.015449690747537118
1199,140.44032595512041,6.233234660202735,0.03388381949402741,-0.0037333869603061957,0.03408887504302857,0.017441610802863224,0.004130740875576654,0.01792408456741138
1200,117.95885495127419,6.054886358115644,0.0076869296182256325,-0.0016831246830528563,0.007869040326129752,-0.00490934482780221,0.015188210758154233,0.015961936369763546
1201,124.80680261884302,9.359143119059338,0.017240744088178567,-0.007557732007719907,0.01882452044049405,-0.0025193641178012337,0.013449947179192288,0.01368386914147921
1202,125.42512668964096,8.282257957388094,0.016795950831903633,-0.006872578343992286,0.01814762511851168,-0.002030118130272679,0.011576587280014823,0.011753244346760722
1203,76.0405929767819,11.120738970640403,0.001479402365098876,-0.0002627797517206498,0.0015025593351926287,0.01955502414250358,0.02237632238965917,0.029716977856098694
1204,76.65663228065918,12.208407306029226,0.0016344001883586076,-0.0003292865735960021,0.0016672413212421432,0.019915164388654545,0.024547133234104866,0.03160973778189294
1205,75.40667054853736,12.198612104372817,0.0015549217779059002,-0.0002927944178931134,0.0015822484970937443,0.02013218635320208,0.023600531156052346,0.03102079944501517
1206,94.88386711431383,4.726735980046682,0.002100015870291529,-0.00012094645077866876,0.002103495828242178,0.006109061401378273,0.014806876633366868,0.01601762238416038
1207,114.77138634985656,13.60654471423575,0.014295751615255387,-0.0044003626482163535,0.014957663777505318,-0.0012339721814382029,0.03496438598328876,0.034986154040319475
1208,114.13746835245573,14.683878447316513,0.015259764858533642,-0.004737884499384145,0.015978359523657077,0.00030105118467972647,0.03795838898109325,0.037959582793489426
1209,116.74023670427476,6.033919048279291,0.006972825200892263,-0.0012689320040068222,0.007087346450752284,-0.004920327950006541,0.015987088856674537,0.016727122802407554
1210,115.4955025131723,6.02182264418348,0.006356427280062894,-0.0008977386990538586,0.006419509524761738,-0.004780486691452059,0.016750484549791705,0.017419293489116052
1211,142.92320673152454,6.241356413223688,0.03708954236309839,-0.0027130804654207094,0.037188640178365186,0.021104078315153787,0.004180782323188715,0.02151420605939321
1212,144.2661854839128,6.453490893919386,0.03918243275886156,-0.0021393658203147257,0.039240794118058295,0.02318802522017813,0.004367048397367938,0.023595669630603215
1213,143.5974716676294,7.510850220842572,0.040314467365398,-0.0033998587227152734,0.0404575743006197,0.022695886506355064,0.004054781177859551,0.023055249179084445
1214,141.67324935156674,6.23103419015684,0.03551640515448071,-0.0032513731582587044,0.03566491921358394,0.01929262682317396,0.004124759389083752,0.019728636287287722
1215,142.34196316785017,5.1736748632336536,0.032312169905311015,-0.001974693395390058,0.03237245338239726,0.018109072728898966,0.004223502004346811,0.018595066127370285
1216,66.04138217085341,10.983882709792047,0.000998618432135126,-7.499559050919754e-05,0.0010014305325861802,0.020015401757587613,0.015986650156486315,0.02561619196413716
1217,65.29225337722843,12.137647857276823,0.0010646789931451003,-9.094680128052894e-05,0.001068556352799245,0.02042027964112512,0.016582889453591838,0.026305513552329605
1218,76.67451156477765,10.043330868398396,0.001396093265327563,-0.00023126585099485036,0.001415118475368529,0.018724837149788225,0.020964955070875545,0.028109586752741837
1219,75.42454983265583,10.033535666741987,0.0013228261253037457,-0.00020298979931390997,0.0013383100598933055,0.018939233571462915,0.020206847303475765,0.027694967886249908
1220,125.40349169551364,12.610922801361504,0.020261752961135922,-0.009953186855218725,0.022574422730891684,-0.001447752282924028,0.01646688892936815,0.016530408878332657
1221,124.76937336678328,13.682668979817802,0.0203379813150422,-0.010091507456938226,0.02270400860474743,-0.0012040642110580022,0.018734977967114607,0.018773629645133103
1222,124.1548056753133,12.595878986898594,0.019360129309833857,-0.009218470095233492,0.021442826254722165,-0.0019239600155481831,0.018468180082586848,0.01856812585330802
1223,113.50355068805055,15.761211991219533,0.016171273951776,-0.005062334072607283,0.016945126953967316,0.0019455793725920364,0.040864948805400994,0.04091123708668683
1224,125.42284200142227,10.446799075284439,0.018843317773282457,-0.008613318895345905,0.020718587961003166,-0.0019864125821072373,0.013996964545592487,0.014137215123104232
1225,126.67279938138002,10.457121298351431,0.020119081274025646,-0.00910153009246937,0.02208201261966343,-0.0010821584518301702,0.012497283830115074,0.012544049188572371
1226,126.0388813840014,11.534455031509289,0.020220828492979626,-0.009641600381184005,0.02240183838110043,-0.0013790737592401132,0.014350037793805188,0.014416151675015837
1227,79.80854019431126,4.655119081370129,0.000814201931111298,-6.779834135869754e-05,0.0008170198282271717,0.011013770509426117,0.011276571248119769,0.015762747220844017
1228,80.41103787064657,3.618146518459092,0.0006617897187387416,-4.14373126097405e-05,0.0006630857280206082,0.00889154295171507,0.008964563910486863,0.012626279822948543
1229,122.27990892407271,5.131222464589286,0.009429523148766245,-0.0032096341019758716,0.009960806085939277,-0.003512733134909924,0.009708635477655707,0.010324577323798257
1230,121.61078756941774,3.9508575881968793,0.006931591754389888,-0.0020575054703712158,0.007230511255100386,-0.0034527805271689447,0.008117275257476509,0.00882110259403196
1231,122.79924862021316,3.933746595166071,0.007808103841724269,-0.0024311019973642664,0.008177820157275275,-0.0028682734937453148,0.007406088065373407,0.007942111385959554
1232,121.03905186417238,11.493166139248121,0.016245039912383463,-0.0066731557162279884,0.01756224157014013,-0.003269068975696593,0.02183905151498021,0.022082368148407937
1233,121.67296986154942,10.415832406085155,0.015673084852492625,-0.006414790126382564,0.016935026458762,-0.003589336174007581,0.019192782610893057,0.0195255278678718
1234,112.89667185050193,16.853493455923683,0.016959556720045073,-0.005437948704661362,0.017810049136792242,0.00358970322768222,0.04361050717238328,0.043757997041630296
1235,112.2672594379102,17.933350846839687,0.01737944812432323,-0.006076772564457905,0.018411202619769047,0.005007330885124003,0.045958495370853766,0.04623047327624825
1236,111.62418122863521,16.83074697036904,0.015899139072570515,-0.005119533229578501,0.016703060909237472,0.003722421859370332,0.045177597882166035,0.04533069351887098
1237,91.10807937798918,6.921744752561684,0.0022343379067967135,-0.0003605704132813997,0.0022632447734795805,0.010227361734765369,0.02051319304736502,0.022921387764535714
1238,91.69724584224181,8.004158077781568,0.0025631389926375446,-0.0004882964869910326,0.0026092364696950698,0.010836693719723707,0.02384031662207116,0.026187680833088325
1239,90.47953599689137,8.000127023269556,0.0023794105311046414,-0.0004668650283484203,0.002424779872529967,0.011547510515090693,0.023371394527411358,0.0260685074611502
1240,81.04168039579193,6.852307453030546,0.0012379816043792471,-0.0001720595509713197,0.0012498811710966234,0.01424466372141502,0.016695089912159036,0.02194621770855451
1241,80.39315930289564,5.783136208230194,0.0010280243725378953,-0.00011468955551460899,0.0010344021484297449,0.012831017182666252,0.014033479731851196,0.019015087570825304
1242,81.6086242807817,5.812889813426077,0.001103107731904071,-0.0001314799543916841,0.0011109156793354675,0.012581667762470912,0.014488658325020045,0.019189048536714177
1243,127.30671737875863,9.379787565193784,0.01992606212550964,-0.008356055503302725,0.02160721211549388,-0.0005751184362287401,0.010888283200535717,0.010903461481142514
1244,126.6906779961796,8.292131608968894,0.01817681890801667,-0.0071948899241721645,0.01954899451725808,-0.001015515939124214,0.010486998187223928,0.010536052562580223
1245,127.94063537613735,8.302453832036095,0.019631858684284825,-0.007481821464316026,0.02100922482681428,0.00014177157767783152,0.009442716654025567,0.009443780863004448
1246,89.25442185146854,8.004333823157523,0.002212342069177295,-0.0004394281207035977,0.002255560795969989,0.01223127853195236,0.02290095299232199,0.02596262356701919
1247,112.92326820305556,10.343576848793418,0.009210584823420478,-0.0014318226307698948,0.009321211768617237,-0.0036652519964066148,0.030136377797251437,0.030358447571241717
1248,120.38737916725125,14.720484190782305,0.01845530486209057,-0.007831352040271536,0.02004815084568572,-0.0010318295548652004,0.027971493467495903,0.027990518377344484
1249,121.63748233494867,14.713152419944873,0.019088233934013356,-0.008582494306861685,0.020928924560209304,-0.001035030724859904,0.025665999543877147,0.025686860866748703
1250,121.00368825282467,15.775480782088978,0.01940480076533317,-0.008568064826036228,0.021212214113699543,-4.555008985388659e-05,0.028229316878483915,0.028229353627678803
1251,77.27269727253642,13.292964975551264,0.0017862350919760628,-0.0004017929661261849,0.0018308668415357823,0.02002561710918404,0.026713141450931902,0.03338588424440995
1252,124.1728846214644,10.436476852217194,0.017685408757887374,-0.008020256471234015,0.01941901637050473,-0.002700426462151552,0.015598461986040561,0.015830487023697052
1253,56.07687289729804,6.644874417001796,0.0004348948574704331,1.1746441179464752e-05,0.00043505346330607566,0.014717360145753899,0.007768164263720334,0.016641666553803044
1254,55.460902298613874,5.5488862856946595,0.0003584160545910507,1.566833058067152e-05,0.00035875836543807627,0.012977937341384194,0.006633081875881154,0.014574794434537911
1255,56.710874360881164,5.557430567198944,0.00037570653178393976,1.6398763217217413e-05,0.0003760642464528779,0.013145043724638853,0.0069521744491987765,0.014870269133232243
1256,123.53896662408616,11.51381058537611,0.01813513710058083,-0.00824799147006625,0.01992266450420598,-0.002584394495956356,0.018025101925887247,0.01820943146694464
1257,122.9048482953558,12.585556763832408,0.018475982639422503,-0.008425140560269717,0.020306278042825664,-0.0022998541497031948,0.02053124081428918,0.020659650976825355
1258,59.19293012270467,7.740694932196306,0.0005630228398738786,4.457777364418409e-06,0.0005630404869977628,0.016558295485474918,0.009759631490457577,0.01922049833416996
1259,57.942975073920536,7.73009041766971,0.0005372168089472114,5.268011603434374e-06,0.0005372426376989065,0.016374137079863876,0.009296041777050143,0.0188289340598674
1260,58.57680000834946,6.664023213032676,0.0004777647365233652,1.2045758139497684e-05,0.0004779165656831701,0.015074769439404936,0.008549084285499354,0.017330190875226647
1261,74.17459111312122,10.023375658521134,0.001254743779581756,-0.00017695734664766635,0.0012671605482067743,0.019111295432697177,0.019460290215063583,0.02727534616407886
1262,73.54067291592924,11.10073643673526,0.0013358724939619808,-0.0002029072974555436,0.0013511945424271499,0.01990342265314823,0.020701077315350955,0.02871725675140284
1263,72.9246327843904,10.013168326272403,0.001191432350341911,-0.00015292473134494915,0.0012012064847053462,0.01924372089170382,0.018726509592155865,0.026851498194009654
1264,91.54919731071023,18.849923209046626,0.0034347609745410384,-0.0015910749210989068,0.0037853800808875186,0.012199735937687514,0.05053095702625289,0.05198279691338588
1265,90.90897196071128,20.021567444512925,0.003468841850404287,-0.0015911891938320648,0.003816378759201473,0.011914452904444577,0.051610236162804746,0.05296763790082305
1266,127.92275676133777,10.46744352141863,0.02148943669802541,-0.009515686888936684,0.023502003884067476,-7.776007417564096e-06,0.011074487718387944,0.011074490448369025
1267,128.57455337351607,7.225120098878532,0.01921793074423288,-0.006490234960847421,0.020284279921583055,0.0010617602247733407,0.008149949032260118,0.008218820110170824
1268,129.20847137089487,6.147786365720886,0.018684888049834893,-0.005431318455278861,0.019458269748297653,0.002197953556235914,0.006958387244932002,0.007297270235218268
1269,56.693023414291204,7.719075496378572,0.0005120430808497126,5.260096284651223e-06,0.0005120700979934183,0.01616763039981519,0.00883602069098477,0.018424644756318623
1270,55.44305135202391,7.710531214874289,0.00048755794373969014,4.548834999011369e-06,0.0004875791632171365,0.015941832376692396,0.00838121770971948,0.018010742067562716
1271,54.11665535563253,7.87879897785831,0.00047173231487323067,1.8610066153251103e-06,0.0004717359857391411,0.015865292197348113,0.008011088348419865,0.017773154841879465
1272,52.89885931646511,7.845149986127719,0.00044685973910805685,4.295437434871446e-07,0.000446859945557384,0.015567939862324718,0.007546847049307937,0.01730074136973924
1273,53.609104795863324,6.6026811437669215,0.0003930033502240887,9.590366039752302e-06,0.00039312034850428967,0.014257449178709474,0.006991013065906951,0.015879204034559325
1274,89.77216088255466,13.409530569373093,0.002981467648352512,-0.0010348781468027968,0.0031559661146632503,0.014589076460433599,0.03736011200580716,0.04010759430650054
1275,79.80834760713554,8.986240931043131,0.0014656750701823942,-0.00025501194266724903,0.0014876943578091201,0.017064074807814612,0.02073474153589871,0.02685353152952543
1276,79.19230298363593,7.899216770220801,0.001276312838087431,-0.00018840155431714951,0.0012901432503159913,0.016059215434762006,0.018189163686106832,0.02426404904339104
1277,80.44226004140549,7.909578008656993,0.001358598509056997,-0.00021366563278099843,0.0013752973901827923,0.015743643266948097,0.01878341144906564,0.024508750457373593
1278,65.4427217871552,7.791729074962049,0.0007081632206734564,-1.6930370129396684e-05,0.0007083655726722756,0.01714702400682072,0.01216179085186893,0.021022121420424936
1279,64.8088408841676,8.864573743776052,0.0007824787565167239,-2.7274520561905685e-05,0.0007829539602504353,0.01832559591074821,0.013148574204186995,0.022554655153361206
1280,64.19275698584819,7.782305533754446,0.000676224333010695,-9.970181942832614e-06,0.0006762978286847686,0.017075384841774524,0.0116687570929333,0.020681601958953383
1281,62.94279095370986,7.773031039003127,0.0006460648636091131,-4.458390959333203e-06,0.0006460802467497424,0.016980963408661138,0.011183338284226026,0.020332736497228405
1282,62.30891602383164,8.845152399306096,0.0007140413606786071,-1.3728183270571924e-05,0.0007141733177427361,0.01810963269899388,0.012028888195115913,0.02174058296603537
1283,61.692830894680895,7.7630332357407745,0.0006173058141637558,-2.7692336070112716e-07,0.0006173058762776563,0.016863083057356402,0.010703521714919088,0.019973205734209142
1284,82.90654074476544,12.245297704182283,0.002121532854010646,-0.0005583890867615622,0.002193786685815412,0.018070043778194204,0.02940986293469324,0.03451762622173342
1285,82.27275928758897,13.306100066806385,0.002178123107718706,-0.0006021414602454919,0.002259821809463031,0.018565974270536766,0.030984127868160998,0.03612079152461618
1286,81.65662319417291,12.230152374495717,0.002009875898502912,-0.0005053812281016578,0.002072440907022545,0.018545517403029545,0.02841320684941733,0.033930024155809965
1287,62.92536907420974,9.882718460242735,0.0008098824688022102,-3.048132342037945e-05,0.0008104558744007109,0.01906370458317462,0.01328164037048045,0.023234173180152744
1288,61.67540901518078,9.872720656980384,0.0007734563985764831,-2.4451628317721972e-05,0.0007738428022707786,0.018913712542437674,0.012657498627260611,0.022758312627193352
1289,80.42440949454978,10.071174533157738,0.0016523479484468681,-0.0003306911949720187,0.0016851143608576232,0.01780619608289763,0.02328924531179142,0.029316370275588303
1290,79.1744524367802,10.060813294721545,0.0015601217595282886,-0.0002949182114317607,0.0015877520763607118,0.018159428922611992,0.022505906027924287,0.028918517682155767
1291,120.40513386679568,12.57049987241226,0.0167887679128893,-0.006887692224874498,0.018146708578071612,-0.002715255128807173,0.024569213179428232,0.024718795413019294
1292,121.65509124675195,12.580822095474062,0.017622686123743687,-0.007639709117415557,0.01920740017843932,-0.0025609618647772885,0.022582939189869377,0.022727685058671985
1293,122.30688785892767,9.338498672926239,0.015050003093069746,-0.006144413288929907,0.016255965297901794,-0.003681267256985879,0.016604388201762216,0.017007569966699436
1294,121.69084847634859,8.250842716701614,0.013294806705794686,-0.005030307728370473,0.014214636160892302,-0.004046013730015233,0.0156398011617799,0.016154677572872932
1295,66.67484510063836,9.96165214423817,0.0009338570828515587,-6.149971625985467e-05,0.0009358799422426285,0.01938129632491124,0.015261402280471152,0.024668705819324777
1296,65.42534275568963,9.89622785053753,0.0008870768598733016,-4.8324272042354443e-05,0.0008883921378485407,0.019273954035831133,0.014548708158990077,0.024148503333970735
1297,63.57667185669745,6.700186370189125,0.0005727024103262916,2.8537456560927873e-06,0.0005727095203135825,0.015558216606538543,0.010160026862565672,0.018581825793608866
1298,60.44285551096813,7.754891161801508,0.0005898882671186607,2.6214862262937256e-06,0.0005898940920828849,0.016725272097705152,0.010231697558382833,0.01960669175736926
1299,61.07673044084635,6.682769801498539,0.0005232528626208967,9.366716097126371e-06,0.0005233366923992691,0.01535588366131682,0.009345365568959253,0.017976067997128458
1300,77.92447262913485,10.053206932451875,0.0014751175000426026,-0.0002618708059182041,0.0014981815503883993,0.018466246393379186,0.02173336831863965,0.028519143646586573
1301,79.24159630932148,5.694536720974597,0.0009539008597880157,-9.77948584117319e-05,0.0009589007689203749,0.012935252663150086,0.013471680307097222,0.01867637362434588
1302,122.9229272415069,10.426154629151007,0.016671760978761854,-0.007221062521620754,0.018168416498806995,-0.003190652623808698,0.01739920106213158,0.017689331863196475
1303,134.1904222759261,8.354064947372395,0.028303231790829324,-0.007901052845735465,0.029385363123101204,0.008208117285369299,0.005309346637793231,0.009775599781631025
1304,135.416617353278,8.350405104513888,0.030112718725984356,-0.007748221979546601,0.031093580895653977,0.010072398254605996,0.004740204000165768,0.011132059133986733
1305,81.65772501929155,7.939331613852877,0.0014488315935457623,-0.00024115144059387388,0.001468763767171853,0.01541666584498773,0.01940664795544639,0.02478490610518109
1306,72.30859322008341,8.925531527377501,0.0010477695847556506,-0.00010962366689113676,0.0010534887047717633,0.018319390955905655,0.016745838817730535,0.024819814719387587
1307,71.69253325798222,7.840364781708713,0.0009061216333712471,-7.32490208907948e-05,0.0009090774628846746,0.01712775765470719,0.01476141024485368,0.022611044086800855
1308,74.80850970111698,8.945967556279129,0.0011657386067388774,-0.000150425017212201,0.0011754038391313813,0.018061266591080684,0.01803732768222053,0.02552556641467308
1309,81.0404594877719,11.157548454353883,0.0018348102478519535,-0.000414795564815875,0.001881112438482471,0.018298842599329537,0.025859199201401343,0.03167879138813211
1310,115.40530434723038,12.529210981061333,0.013326326670303867,-0.004053778429334743,0.013929253464482287,-0.0025939104047211954,0.03193413391022438,0.03203930835370613
1311,116.65526172698632,12.539533203431796,0.01430494718404661,-0.004837124844378168,0.015100638751339743,-0.002638749732218261,0.03009777343996537,0.030213225021383714
1312,117.9052191068874,12.549855426303068,0.015179788992747214,-0.005493588617097481,0.016143280638031183,-0.002703574580507042,0.028329035386244785,0.0284577504632301
1313,117.27130110957691,13.62718915969577,0.015946912246434485,-0.005735423891873246,0.016946949501752597,-0.0016167728638775067,0.03127284664193692,0.03131461147106054
1314,132.92300794856436,10.457671099703536,0.027317896610219515,-0.010226041850351137,0.029169151635448292,0.005327002512520565,0.006349583946721088,0.008288194741007148
1315,133.5179884643159,11.502870977170005,0.027443642588569815,-0.010922163166443996,0.029537216638735427,0.0049690670383397,0.006286581250087443,0.00801328466020427
1316,57.309153528646405,8.795747215542203,0.000591342257959912,-4.057091244745556e-06,0.0005913561752772142,0.017369485419293482,0.009861132070701708,0.019973506188120067
1317,122.2709302979791,13.662890496996546,0.018790094225936388,-0.00854053511193019,0.02063997047036842,-0.0017787619933801388,0.023110857726222143,0.0231792091985636
1318,67.30876309135388,8.88431636910908,0.0008589638605365074,-4.783113145765997e-05,0.0008602945605107012,0.018438121351535428,0.014303282912272185,0.02333555701161736
1319,66.69272365794981,7.796663718647179,0.0007417631286926046,-2.526417935838735e-05,0.0007421932483164303,0.017189251575347283,0.012656808765595166,0.021346315322542803
1320,67.94268106382911,7.806982802772604,0.0007782760117355722,-3.5146926783105045e-05,0.0007790692247196814,0.017213530782474694,0.013167543175258634,0.021672328792068103
1321,121.60641932330051,16.94859603455958,0.020273449166719387,-0.009289527360016588,0.022300404922064795,0.0012507017265743874,0.028304348407244124,0.028331967696711768
1322,120.35631615560311,16.95592780539701,0.019783303298858815,-0.008531339054401187,0.021544438620576516,0.0013068847508777535,0.030922707780900036,0.030950311860383772
1323,86.04021453908823,11.207855119997589,0.0023115748042337736,-0.0006194581004182048,0.002393137357892802,0.016191367121852387,0.02938982672446441,0.033554765446485314
1324,85.42418811135116,10.11862749630291,0.002103720103653322,-0.0005035615195640637,0.0021631487416497305,0.015874444539016142,0.02642738102718019,0.030828630481713956
1325,119.15517648684704,12.56017764937668,0.01598291513113321,-0.006176058236982755,0.017134680371562506,-0.0027541886439137915,0.02648345468634523,0.026626282639714557
1326,119.77121586942661,13.64783360560262,0.0173227972538507,-0.007035820001345011,0.018697113889297026,-0.0019225632821670627,0.027375383814217065,0.027442811236271597
1327,95.47750052181652,3.70409676197755,0.0017648368474933382,-3.934174821166601e-05,0.001765275296213759,0.004785445646879993,0.011677167240973022,0.012619695908099218
1328,95.4417433962561,8.0340761420778,0.003241407390917294,-0.00046790245383293615,0.0032750045160573663,0.008455952616928442,0.025201638154720228,0.02658243217505105
1329,96.69170077809582,8.044398338075966,0.0035005230372608252,-0.0004130911378030914,0.0035248128776610545,0.007598490016736894,0.025615196059259323,0.02671844530822751
1330,132.94046489596843,8.343742724305187,0.02642159263057433,-0.007951523841707265,0.027592159910765572,0.0063373628386892145,0.005987208369513513,0.00871830441136186
1331,133.57438289334704,7.266408991147507,0.025939591150562526,-0.006572224046282671,0.026759232387586866,0.007288596003960094,0.005557991818735684,0.009165964475497156
1332,59.809030576539215,8.820958366438543,0.0006508227818742413,-6.39452942278232e-06,0.000650854195202785,0.017788847231790094,0.010933214374496774,0.020880092490088948
1333,87.90615111767828,12.31312411148943,0.0026513657273244395,-0.0008130902670093502,0.0027732392616462054,0.015568008832990036,0.03331299331039488,0.0367711629177331
1334,86.6561785950433,12.304635543202998,0.0025059063122687686,-0.0007432188920605768,0.002613798149701734,0.016289350117218052,0.03238497704372476,0.036250926406974644
1335,94.1917860169527,8.023753946221191,0.0029968144790008438,-0.0004952320668566846,0.003037458118491882,0.009282645431259189,0.02476734883277071,0.026449746206847164
1336,92.94182863857469,8.013431750417176,0.0027703520717753654,-0.0004997886303814325,0.002815073582812465,0.010078480951265189,0.024312476873934768,0.02631866846994027
1337,77.30842948500879,8.96600362855346,0.001303640083340496,-0.00019852741725763848,0.001318670012662381,0.017648356404845696,0.019370390714872454,0.02620451335627653
1338,69.17475994038942,9.98228692276977,0.0010264390150945858,-9.22319980453449e-05,0.0010305744966627982,0.01942363117611396,0.0166083371764287,0.02555610126430966
1339,67.92480250651766,9.971971228363596,0.0009786415087002856,-7.582487546288898e-05,0.0009815745587015456,0.0194182753518874,0.01592832781810361,0.02511535476004054
1340,84.15646465490917,12.25967293598734,0.0022407691475091543,-0.0006151853274757204,0.0023236822845583496,0.017536246166231874,0.030401091421675085,0.035096243235305524
1341,83.54032856149311,11.183725243676669,0.002055848212632265,-0.0005099412311480906,0.002118148231972472,0.01736040367752039,0.02764121471542588,0.03264077766829001
1342,71.04075698537203,11.080233748395784,0.001210351108568139,-0.00015193289024594404,0.0012198497485963625,0.02009015459103096,0.0190867531371321,0.027711341663826824
1343,71.65719999239607,12.119016000604859,0.001339542385551215,-0.00019766315177948259,0.0013540474601208183,0.020506226355306325,0.020800998976294897,0.02920936284390471
1344,60.460744170029585,5.588679473533105,0.00043082252345903044,1.5505655123946053e-05,0.0004311014637651206,0.013558965971987923,0.007933778507182599,0.01570956395418278
1345,61.71071955374235,5.596821547472372,0.0004504387469533057,1.3909234618307318e-05,0.00045065344952028414,0.013661402491654739,0.008266079785640963,0.015967529334921307
1346,82.23730826458947,4.689424123033466,0.0009393624103376658,-9.021360551661014e-05,0.0009436843924616406,0.010571041797570922,0.011959044850813696,0.015961380843453523
1347,82.88582935748575,5.758595367833818,0.0011745650578701416,-0.00014597812384397008,0.0011836015747752682,0.012151092382802434,0.014759925540525071,0.019118170625278028
1348,141.0215695187948,7.300916210192769,0.03706656150074749,-0.00465443009682536,0.037357645817354845,0.01910567304799176,0.003888198680110473,0.019497303187691665
1349,115.42651202176339,16.84520875050575,0.017965595006556343,-0.006169027170613387,0.018995249410612338,0.0024696423245639046,0.039897809074392644,0.03997417043727068
1350,116.68610812021947,16.83569443921423,0.018369146856569867,-0.006626714768138501,0.019527900677146416,0.0019504111298574295,0.03779397362179569,0.037844267012329104
1351,54.7328058726257,8.953000057235085,0.0005428009627270747,-7.169243397859253e-06,0.0005428483058722177,0.016983886065594544,0.008873392903887424,0.019162189006370234
1352,85.40621652759194,12.294880898687133,0.002370175549859438,-0.0006780303624992923,0.0024652499487115725,0.016946860920901304,0.03142884541347806,0.035706699918876185
1353,84.77242871086426,13.356453359192745,0.00241674765228235,-0.0007272980001509846,0.0025238129082473353,0.01749790417017308,0.03321863106262841,0.0375453605659019
1354,71.67467502289142,10.002892305591626,0.0011324871144607618,-0.00013084826372675629,0.0011400211982853519,0.01933840708853845,0.018006715441623165,0.026423773192290768
1355,70.42471742106504,9.992596949500882,0.001077606118010773,-0.00011058796066794828,0.0010832657303814905,0.019397925487034687,0.01730034753875825,0.025991951411203595
1356,82.86743573593466,7.972993140710598,0.0015472990348866927,-0.00027097143577155714,0.0015708468487937932,0.015051494057131267,0.020038429145615867,0.02506164631415353
1357,82.26801538154824,9.030263696337045,0.0016568918143869474,-0.00032126234043033876,0.0016877499743626866,0.016328363881274212,0.022143392077503828,0.02751263854553684
1358,121.07480909376912,7.163186760475646,0.011419046658957304,-0.003889577416284648,0.012063309623677722,-0.004288994038358848,0.014510171444502517,0.015130781381340951
1359,66.07663975963041,6.714395508625573,0.0006278641416546694,-8.066206900102452e-06,0.0006279159530299498,0.015675654852439734,0.010994251901351,0.019146794246640283
1360,65.4606003462449,5.626740434031276,0.0005166677397878058,4.1648399596931314e-06,0.0005166845258272496,0.013877844336928152,0.00929877785557781,0.016705143909807933
1361,66.71060221703952,5.631675077716405,0.0005414033935949754,-7.846002682817746e-07,0.0005414039621149229,0.013906185670157662,0.009646573558435354,0.01692449057759797
1362,84.05521767123817,14.472435421927248,0.0024537954164213296,-0.0007703936751762,0.0025718900366076733,0.01787331361597165,0.03479580058344552,0.03911781023853183
1363,81.67435465812724,10.08297609067547,0.0017521459299281068,-0.0003694353253557185,0.001790669656688334,0.01740333600677782,0.024078631199768885,0.029709536930408273
1364,121.70810717350214,6.160921220581469,0.01054434898868229,-0.00362262082000866,0.011149290434852143,-0.003965576748088288,0.012030857776418576,0.01266757031878607
1365,55.6158167203388,9.720475868439856,0.000605465194474547,-1.4860669892840557e-05,0.0006056475387795818,0.01773829618732904,0.009666684230160483,0.020201285494617544
1366,68.57657554466091,6.732493936663053,0.0006917112169939413,-2.363928872635589e-05,0.0006921150364547264,0.01571279091007198,0.011861581648734838,0.019687278059529807
1367,69.192614978065,7.8201465871249525,0.0008178379798201643,-4.649571117036654e-05,0.0008191586002683276,0.017215394990696326,0.013691691922803,0.021996187224031374
1368,127.90369631400152,12.566620724285473,0.022216422572633156,-0.01102487633073883,0.02480155902426074,-9.686253765011851e-05,0.012753352225344823,0.012753720058669463
1369,128.5386694497266,11.535620510893402,0.02262001114508349,-0.010548852865030307,0.024958830120255224,0.0004538591540206166,0.011138010409201192,0.011147253653127413
1370,129.15352699976899,12.557463980602595,0.023257827584502185,-0.011379730253971772,0.025892562727617197,0.0007476195822501384,0.011116847058071491,0.011141957797098166
1371,129.1905927560951,8.31277605510342,0.021186487579269293,-0.007667963703135923,0.022531420800720535,0.0014607336309394384,0.00850174507044084,0.008626320883396505
1372,130.4405501360529,8.323098278170717,0.022845947933751855,-0.007829700024508028,0.024150394188614845,0.0029441878037134613,0.007589640980241716,0.008140693584240813
1373,129.8066321386742,9.400432011328279,0.023011211350233467,-0.008919406214224004,0.02467937711976239,0.002038880554003593,0.00857020993645399,0.008809400221830582
1374,126.65344907547139,12.621245024428497,0.021230831287518057,-0.010570211371769389,0.023716609487929308,-0.0008233135530924703,0.014572558619713547,0.014595797680554953
1375,127.26830662551376,13.64308849413769,0.021934411194975835,-0.011327226764553987,0.024686523867201503,-0.0002624126366274765,0.01458173089261409,0.014584091888646268
1376,91.58469555575857,20.981457339954495,0.0036031256331167452,-0.0016872232022838475,0.0039785972983386875,0.01084431659397498,0.0537374198563436,0.05482070316228453
1377,109.15551844335643,12.477601178351861,0.008643363958468327,-0.00034126607918843945,0.008650098441945843,-0.001058349129969471,0.03968059639640495,0.03969470787466879
1378,109.77155837461208,13.565257112607398,0.009970879119899263,-0.0011946034121821988,0.010042186402175596,-0.0005560163609514331,0.04180853699992766,0.041812234098024065
1379,118.53913710425647,11.472521693112705,0.014410391137052586,-0.005219500811533841,0.01532653129199318,-0.003564119742371953,0.025431397807995765,0.025679932710318716
1380,114.14662889732554,16.863815867690175,0.017569132071615767,-0.005819922985956225,0.01850799571299765,0.003109533973265773,0.041841900856759345,0.04195728624253209
1381,89.156121479022,12.321874626685798,0.002808904354102533,-0.0008865479048889395,0.0029454899181900348,0.014787715207558231,0.03420956803272045,0.03726890213093455
1382,74.76046742848007,13.298434327067142,0.0016250188074855738,-0.00032175860638156075,0.0016565671509064885,0.020454225320000827,0.024653435078704523,0.032033844518278815
1383,74.14442812460278,12.210765991678318,0.0014818319182726726,-0.00025974960859996956,0.0015044253697606626,0.020312495979866597,0.022692434397230843,0.030455608215971035
1384,119.13742178730263,14.710161967746727,0.017832711145306653,-0.00711895678849697,0.019201175290810488,-0.0009306325741616182,0.030172360266093566,0.030186709012660396
1385,69.80867797790881,8.904945479965614,0.0009464560818265681,-7.541895068269511e-05,0.0009494562301383767,0.018439982730236316,0.015501442844155064,0.02408999155960873
1386,91.75953721224553,5.791312941369371,0.0020328316972989015,-0.00025120398595046426,0.0020482939613494285,0.008737368880048443,0.017389767597282623,0.01946138823500368
1387,90.54182736689509,5.787281886857361,0.0018792346373229518,-0.0002463827722189462,0.0018953172010406647,0.009311394310926153,0.01706463403852284,0.019439747912003907
1388,110.42335344815862,10.322932419980042,0.00794289445356089,-0.0003281882788593402,0.007949671681697867,-0.0024888801310838874,0.0324211481941191,0.03251654001476689
1389,111.67331082292486,10.333254625129083,0.008529772774622343,-0.0008375376829307894,0.008570793017977836,-0.0031520176170876622,0.0313592614265438,0.03151727291941276
1390,112.30722881943821,9.25592088898481,0.007976601624108882,-0.0007999731977522233,0.008016615906157558,-0.003723601021691692,0.027809345241476085,0.02805752817566708
1391,64.17537795438263,9.886804309329928,0.0008473536604392679,-3.835966857976839e-05,0.0008482214864252,0.019180181571439355,0.013908711614649152,0.02369243811626102
1392,63.54187094573177,10.914372567004214,0.0009076194861173531,-5.0994389726663925e-05,0.0009090509113154901,0.01977755447791937,0.014506903976435863,0.024527574770217275
1393,67.96055959722165,5.641997273620263,0.0005686679374501402,-6.672558471212072e-06,0.0005687070828821709,0.013924692207668544,0.010008313074644396,0.017148276405470116
1394,136.07033726949476,7.284723092960807,0.02978625757804874,-0.006257759744512737,0.030436502715093766,0.011184277360177651,0.004652219565498277,0.012113265742770912
1395,131.69050751601068,8.333420501237939,0.024598550008654227,-0.00790686690201982,0.025838096035399348,0.0045780738935464575,0.006768586157648925,0.008171445352462945
1396,132.30654689858974,9.421076457462826,0.026375218909583026,-0.009184721803519763,0.027928682158964775,0.005181388060359511,0.006579124982718504,0.00837446522294211
1397,90.40615673275968,12.322766737593486,0.0029798748274569957,-0.0009625852723334823,0.0031314891655289476,0.01394573497746459,0.035044817065674735,0.03771767128586131
1398,75.44242039802674,7.86951501824229,0.0010681231649069672,-0.00012375631690055423,0.001075268674045546,0.016758817175237882,0.01643843298519481,0.02347509386822104
1399,89.19479073159607,5.778761451659687,0.0017226816817585578,-0.0002339737411751957,0.0017384981703257585,0.009905359628075478,0.01667918066704316,0.019398742667641473
1400,69.21049351145753,5.655161057972611,0.0005985230892606684,-1.3460167875820893e-05,0.0005986744227853561,0.013928518080543005,0.010381216652500032,0.017371622696402238
1401,78.58149104350056,6.805954107175417,0.0010857136425188284,-0.00013141735349694487,0.0010936382557096488,0.014773455684634887,0.01564593327499617,0.0215186017415515
1402,77.99687193491616,5.677936980315351,0.0008925348782874327,-8.373776674887765e-05,0.0008964544174355168,0.013141398099269806,0.013048304324809773,0.01851903317552894
1403,131.6730505686066,10.447348876636285,0.025848726553469537,-0.01020206319390341,0.027789184188249206,0.0038941063974071467,0.007341067159745885,0.008309953771124529
1404,97.94165815367104,8.054720535150814,0.003769141471997435,-0.0003264245716279716,0.0037832499833996554,0.00671082865312045,0.026008226006056675,0.02686006405788462
1405,131.0744681334316,7.245764545013078,0.02239222548593292,-0.006636431208831588,0.023354956249207953,0.003885619192108513,0.006738779981096889,0.007778765463729717
1406,132.9583435107679,6.178753034922606,0.02332476338149003,-0.005320220182375292,0.02392382347350547,0.006471565808908928,0.0055219258012327585,0.008507222142001412
1407,134.20830089072555,6.189075257989813,0.0249945069251351,-0.0051919625899584584,0.02552806009014697,0.008108148354592285,0.005142701157297425,0.009601533467803248
1408,117.89697921063217,14.695008581485009,0.017233752284094437,-0.006475062289546276,0.01841001492240119,-0.0007223548499144423,0.03223840849340086,0.032246500255323454
1409,98.58037687135528,6.9686228429829224,0.0035232774572305334,-0.00014308673415756304,0.0035261817670280034,0.005675820091406044,0.022695389522088903,0.023394350584475546
1410,109.80731406860866,9.23527646525956,0.006976611255466112,4.3741874295761575e-05,0.006976748380260201,-0.0023364889914384533,0.029601205031258314,0.029693273987718257
1411,110.49753711413824,8.231485083064447,0.006484357126033796,-6.0660063171003725e-06,0.006484359963356284,-0.0029118025414397123,0.026117300544557943,0.026279116837806808
1412,102.30996513996463,4.825990444726387,0.0030482274497839234,0.00025953067385899427,0.0030592559154621088,0.002148398253411711,0.016140405685665306,0.016282761152615347
1413,102.91507881073431,3.801240413442553,0.002499172112116652,0.0002673165464473715,0.0025134278151532734,0.0014115921664648024,0.012699983375657253,0.012778191193842554
1414,144.61642177621042,5.377997168622385,0.035561694386744884,-0.0011042065168230192,0.035578833309821124,0.02143401888518163,0.004527551582113106,0.02190698265163456
1415,61.02066136400691,10.921439616561294,0.0008285134247783404,-3.7476319795224744e-05,0.0008293605787492728,0.01945588346113965,0.013119356595401865,0.023465909714536142
1416,60.404208313628814,9.883873555624653,0.0007391630324983176,-2.037812139977133e-05,0.000739443883228398,0.018750040462483596,0.012045003468013665,0.022285558684700578
1417,59.154282925365344,9.869677326019453,0.000704673678448401,-1.7602278234181326e-05,0.0007048934907466759,0.018540659189543267,0.011431127701765494,0.021781338887149837
1418,76.66366106293002,14.347334880339261,0.001846366279380108,-0.0004317799538574676,0.0018961809951017596,0.02014264688300545,0.027674386187268623,0.03422861192475578
1419,75.955632176521,15.60804148285084,0.001913274999031954,-0.0004646077296064544,0.0019688782502559135,0.019954678847298547,0.028465829153212975,0.034763380694039725
1420,75.31468096600562,14.54698704227322,0.0017770288820782888,-0.0003938435425333549,0.0018201495498270561,0.020331895905806276,0.026694461653388544,0.033555629543919656
1421,74.05243854207106,14.55914092957872,0.0017003540876875112,-0.00035376764009985295,0.0017367658353092531,0.020483615733585463,0.02556934147713099,0.03276232191245488
1422,126.05904468701968,7.204924224230406,0.01630699862806171,-0.0060706505472939406,0.017400316155833685,-0.0012719004411603611,0.00985151781568212,0.00993328415001434
1423,72.89446979587196,12.200558659429586,0.001411645655253993,-0.0002286526118434383,0.0014300438709705032,0.020441109534106747,0.02177723058971854,0.029867820997574006
1424,72.2609552010696,13.229045555547915,0.0014751633352614452,-0.0002510522307554604,0.0014963736459410676,0.02069514903554298,0.022581595343023945,0.03063033858512531
1425,94.80782543311317,9.111409889617264,0.0033573463864098015,-0.0006452087061808403,0.0034187818053907017,0.009511834473346314,0.02824213898314228,0.02980089611725567
1426,118.51314250845681,15.767659166664693,0.018322349705142304,-0.00715864816252085,0.019671165248461808,0.00023881709458702105,0.03291616938384722,0.03291703571877012
1427,70.44257245874061,7.830456613856063,0.0008602641615728171,-5.9208780588579986e-05,0.0008622993142670175,0.017186303340550678,0.014221918650713204,0.022307666678093595
1428,92.31328525747688,9.091814021125048,0.0028764668455828757,-0.0006351178385885252,0.0029457488322378843,0.011212336552691783,0.027208742282138976,0.029428424143108402
1429,111.68798774928764,8.236517768423393,0.006889706996497429,-0.00034125930960452865,0.006898153406091907,-0.003576581199207963,0.025379973140765358,0.02563074266775153
1430,104.14715757593831,5.976552325866367,0.003900434881013843,0.00039376307510825706,0.003920260402109557,0.0013137908002319892,0.0201403872000816,0.02018319208737768
1431,104.78107557329443,4.899218592695428,0.003313637855017241,0.00039584471893846916,0.003337197757957226,0.0006338645081515031,0.0164755082338625,0.01648769710356074
1432,82.88406537477036,10.11663761753319,0.001859483213229797,-0.00041114258817035853,0.0019043938794511056,0.01697931934623655,0.024890867699713968,0.030130592100158716
1433,84.13398928491411,10.131012849338246,0.001976424178244073,-0.00045613569466311033,0.002028376765863176,0.016472782938932853,0.025683204187008528,0.030511957575101105
1434,84.7679249246284,9.05153987015943,0.0018828842000671205,-0.00039735880007997146,0.0019243562369954776,0.015360024309801832,0.023516154233051097,0.028088073211068612
1435,138.55249019401663,7.297915825972781,0.03361141873801286,-0.005648620431854128,0.034082757845649785,0.0152407564126661,0.004068373708256859,0.015774419820083988
1436,139.06987933176993,8.345522192107959,0.03523457831563791,-0.0066516907344381,0.03585694491597731,0.01562292208682492,0.00375150818272687,0.016067031716408248
1437,94.17390749805196,10.188743638728312,0.003409985872207413,-0.000819166714248659,0.0035069983966901233,0.010480876550396197,0.03116467376862995,0.03287986715863944
1438,122.88723938355253,14.71788708830322,0.019751059703926883,-0.009362450133661578,0.021857717903143135,-0.0009180370395750273,0.02333313874436503,0.023351191739819623
1439,71.0764702581384,6.755565888868051,0.0007670256469010268,-4.3799576340830846e-05,0.0007682751758917992,0.01566181413277635,0.012768823917927878,0.020207307741920495
1440,109.17339607745977,10.312610219919126,0.007442496529074407,7.17423957971473e-05,0.007442842303625632,-0.0016904973126150007,0.03329243556658067,0.03333532731381056
1441,91.65611412635478,12.333088934249995,0.0031695047718934347,-0.0010391076751224129,0.003335491756780934,0.013054337475166362,0.03585846407817797,0.03816078056017084
1442,76.08156952224857,6.786128419250385,0.0009600512475778956,-9.720829757315448e-05,0.0009649600256450755,0.015197478950196804,0.01465570036253813,0.021112861472528426
1443,76.69761754487341,7.8727409655080764,0.0011311294555318256,-0.00014340177717370964,0.001140183281261527,0.016556027242364643,0.017004946305225595,0.02373331491582088
1444,137.95421264683074,6.217711582870017,0.030318144611206452,-0.004470180092393941,0.030645919838119755,0.013580270417519087,0.004369060761353633,0.014265778511856408
1445,95.96850438592843,19.93517569950279,0.0037287497703481455,-0.0021780705710580054,0.004318282790922833,0.00831502642299963,0.056625551278695015,0.057232794113439026
1446,95.33455402526138,21.01407969283089,0.0038156945111977557,-0.0021046719184434973,0.004357656306670974,0.00841373710700499,0.05794041665573387,0.05854812425984146
1447,92.92395008511349,10.178421440989931,0.003161048571807004,-0.0007983140569253182,0.00326029652130104,0.011381132575174068,0.030581938907847883,0.03263104604601312
1448,108.53947809894291,11.389944036075661,0.0077897124832996545,9.045166127805669e-05,0.0077902376135457144,-0.00099241731447792,0.03697249136279847,0.03698580822015767
1449,92.8525315134473,18.826789847305488,0.0035226390079174073,-0.0017196644985439241,0.003919978516223483,0.011275701109173732,0.05184807103820607,0.053060002882456436
1450,102.89720018364285,5.966230108519834,0.003743774217667209,0.00030385554954443265,0.003756084874954062,0.002193727401487783,0.020044786826144176,0.020164471696962494
1451,77.94757860923062,7.882617029561556,0.0012003095909942536,-0.0001649427551296685,0.0012115895454742742,0.016323406620033266,0.017588654187276776,0.023996132184219914
1452,140.30539959345742,8.532352080210044,0.036691902843910926,-0.006192691060462063,0.03721082042736125,0.017114978412248103,0.0036584620441998637,0.01750162365555178
1453,129.17258744710523,10.458286777735754,0.022894732446363864,-0.009851499705261862,0.024924301800318516,0.0011805898541018024,0.009706780362507772,0.009778311582761854
1454,125.38417647577876,14.735292656517991,0.021100697200437064,-0.010859742144624335,0.02373127518259949,-0.00039872201288951303,0.018710695584591513,0.018714943454438086
1455,124.13549045557843,14.720248842055081,0.0204201969400111,-0.01013299682714071,0.0227960976434056,-0.0007063568241183413,0.020993517982960327,0.02100539781255897
1456,141.53832298990375,8.53015161016415,0.0380590808591203,-0.005496071113850283,0.03845387410300237,0.01876646166477323,0.0036561889687822067,0.019119304411794064
1457,131.03900587703765,11.50520364304376,0.025105622566381568,-0.010997484753788499,0.027408702182982286,0.002662127196755036,0.008391495731316565,0.008803642531384777
1458,130.422544827063,10.468609000803049,0.024390860146977195,-0.010096222203898367,0.02639787418524247,0.002516139161882553,0.00846908353875763,0.008834949477411543
1459,136.7042552668732,6.207389359803296,0.028504031628020888,-0.004766546190812186,0.028899823211230226,0.011678672928502217,0.004566075542261878,0.012539555304259105
1460,137.34213364801911,5.132385970966412,0.02642867277267845,-0.003434596191452256,0.026650913596416418,0.011705428487252674,0.004319817184329116,0.012477094075793914
1461,111.12825342411837,7.222404186167365,0.005893043707664582,-3.0002219016635016e-05,0.005893120079685382,-0.0033253062943197614,0.022689767833238485,0.022932143952916973
1462,135.45825827068313,6.199397481057202,0.026715341538895546,-0.004974857004779668,0.027174596147097444,0.00983750361498173,0.004856809760651196,0.010971101969535026
1463,134.842218888104,5.111741524832301,0.02357629567087487,-0.0039397763148806535,0.02390321223124222,0.008791994841045786,0.004607739747791745,0.009926249990220659
1464,123.502042492548,15.770510765003408,0.020553154682170185,-0.010110940629955122,0.022905529633948467,8.30321599765288e-05,0.023267841658552245,0.02326798980975902
1465,131.70838613081025,6.168430811855778,0.02174109951996562,-0.005420246501543254,0.02240657226071273,0.004964221385974462,0.005934293632998207,0.007736881470696657
1466,132.34230412818874,5.091097078698084,0.02076869692892104,-0.004269931024816311,0.021203091356735298,0.006064352920845669,0.005083785456631368,0.007913359016095883
1467,129.84238936827353,5.070452632563587,0.017864444170571193,-0.004353915732360946,0.01838735836731191,0.0033925500125984494,0.0058165333571002144,0.006733606454363161
1468,130.45842875085248,6.158108588788557,0.020189643555042727,-0.005461735092081134,0.020915359358513276,0.003534344937606664,0.0064087006130460955,0.0073186773180434215
1469,72.67279854398052,14.289198394510407,0.0015950311816564505,-0.0003023119323946634,0.0016234275391666141,0.020643852233438807,0.02407785324409003,0.03171611028925195
1470,71.43552874050462,14.207655735685677,0.0015192092698393979,-0.0002655890897065173,0.0015422497755347845,0.020720468718734845,0.022949449015270424,0.0309194927841413
1471,93.5399895293557,11.266077385957587,0.0034120705650588865,-0.000978656334942176,0.0035496469913026173,0.011350957568291603,0.03396000948472798,0.03580679379559095
1472,103.57540576198994,7.018675643281496,0.004398510040734092,0.000347794126178557,0.00441223881183271,0.002031982405730646,0.02364632760330074,0.02373347344195159
1473,95.35243261152759,18.84909000872255,0.0036660724624530535,-0.0020340934804894406,0.004192567660435099,0.009225937353724869,0.054088389328365745,0.05486958884657078
1474,107.92343871939293,10.30228808135518,0.00702824244229905,0.0003107713065020126,0.007035109852211171,-0.0007652705367164631,0.033916545078191626,0.033925177509268406
1475,94.10247522258285,18.83876780858425,0.003597778930859859,-0.001865197497304372,0.004052526981932336,0.010288347658395501,0.05304339279759008,0.05403194996499241
1476,93.46865295480093,19.904511201551067,0.003623891308541403,-0.0018270066122942838,0.00405839147661841,0.010313033178835508,0.05434512489689713,0.055315018335051744
1477,92.90607155425849,12.343411132833241,0.003381222023842388,-0.0011122133125187495,0.0035594495118010513,0.012114318850024557,0.03662005131439712,0.038571814573197596
1478,131.758543997924,12.607990085201905,0.025368684636441166,-0.011708734642533433,0.027940376287954115,0.0026637269274205587,0.008239716017048657,0.0086595820445027
1479,130.5080382563804,12.62925020936867,0.024346308166126616,-0.011661470673899403,0.026995048056971845,0.0016960923145263145,0.009555710751538644,0.009705067599273406
1480,129.87306512065533,13.660250422760742,0.023692878867022323,-0.012087557054616815,0.02659814926937605,0.0011379495583710882,0.01090278552859947,0.010962009919719785
1481,104.19144517662613,8.106331621232435,0.005055765755636787,0.000374905176762468,0.005069647055509181,0.0018422993906253337,0.027327054259883982,0.027389084715764813
1482,94.73631117017396,17.77136865447697,0.0036327783483373413,-0.0018889302208449556,0.004094525113779369,0.010119814854606373,0.05139068377916488,0.05237760047941899
1483,95.40598654504922,12.364055537530607,0.0038924748969964944,-0.001210458112305455,0.004076342682527312,0.010130278994353557,0.037987712088538565,0.039315249232646864
1484,106.67348135762577,10.291965867322492,0.0066529904558033336,0.0003995095982393237,0.006664974862975523,0.00023126297915000444,0.03430126902306234,0.034302048614594745
1485,94.15602896719696,12.353733330571622,0.0036198993601267784,-0.0011723676298221264,0.003805012120467031,0.011136821456029407,0.03732989828797874,0.038955745382861236
1486,105.44140256433045,8.116653848880649,0.005288876117780753,0.00046525308560981405,0.005309300426883099,0.000821598571850048,0.027342279334260835,0.027354620512922735
1487,104.80748458667118,9.193987609485056,0.005696745405897817,0.0003836138116515104,0.005709646904678754,0.0015879082695576235,0.03094487161552948,0.03098558587430826
1488,94.77206856995201,13.44138928440626,0.0037748822781255246,-0.001378056229685478,0.004018553867485305,0.01074785265776338,0.040682531021913174,0.04207831587768122
1489,95.37022917503445,16.694034908460008,0.003738897998637374,-0.0018727378137474993,0.004181686880106439,0.009853201251197981,0.04941023126089078,0.05038309764346886
1490,105.4235240945745,10.28164370303083,0.006308727879622478,0.0003650167777303733,0.0063192788122657315,0.001281682380978969,0.03447073124558226,0.03449455061790011
1491,96.00414713018714,15.61670115580369,0.003908543654938422,-0.0017965432553740841,0.004301660280750853,0.00950886622117494,0.047160114134348285,0.04810919768585794
1492,95.38810796937723,14.529045226834999,0.003871027135164921,-0.0015879363913612922,0.004184064180219115,0.010198677352756232,0.04398151640057582,0.045148497257824015
1493,104.17356670687019,10.271321475382619,0.005978931413919751,0.0002423826200943389,0.005983842426641951,0.002360548129314961,0.03445928412311216,0.034540041252844246
1494,103.5396486899125,11.348655181138412,0.006116077961554545,3.9431134412925596e-05,0.006116205069009238,0.003093208905664385,0.03786363880548526,0.037989776057859706
1495,96.63806530861416,14.539367420333939,0.004124774863077156,-0.0016505722390813653,0.00444276449831625,0.009102493526163238,0.04467477099901265,0.045592658972778345
1496,97.88802391575497,14.549689685054929,0.0044188692268739855,-0.001650977157415098,0.004717216426932342,0.007992081823635339,0.04531733898702017,0.04601667724575712
1497,102.90573142128949,12.425989298905854,0.0060925196420909405,-0.000214224114900307,0.0060962847342187635,0.0037440655379195743,0.04114958354435465,0.041319562589965296
1498,102.27181468726181,13.50332310639714,0.005906456706512145,-0.000517918935908827,0.0059291205798225445,0.004285009692681023,0.0442982025323145,0.04450496664036863
1499,99.13798886631625,14.560012292671605,0.004755213324720518,-0.0015442936345505566,0.004999689649699562,0.006880730386637139,0.045943806836019355,0.04645619266835209
1500,99.771900529541,13.482678214569113,0.0051395173223376805,-0.0011000051240345424,0.00525591567469564,0.00652549159706386,0.04326338151097207,0.04375273957533712
1501,100.38794603377139,14.570334486433492,0.005212034725656411,-0.0011957033068574537,0.005347430446436694,0.005852571896825391,0.046680590196395234,0.047046042329735895
1502,101.63789581159841,14.58065628509081,0.005621083872325821,-0.0008530211561747405,0.005685440087856272,0.004752349984526266,0.047272421545607284,0.047510700575354836
1503,101.00398414837368,15.657990363193303,0.005195877705329001,-0.0013175257853375935,0.005360318957278979,0.005075405282658682,0.049897497337785625,0.05015495966858675
1504,100.3701115914748,16.735326512750706,0.0045815498320317125,-0.0019567870439988304,0.004981928783006788,0.005178192183332606,0.05209433240983985,0.05235105675642487
1505,101.62006136930182,16.745648311408026,0.005070579660986744,-0.0014051125714833398,0.005261665082172465,0.00419555000168328,0.05294117678129388,0.05310716372397264
1506,106.6019653164673,18.95229387671173,0.011554817660882252,-0.005634644967885651,0.012855467128438216,0.00519326839067628,0.05337413059854823,0.05362618626872957
1507,105.36989579674962,16.776662078478044,0.007933705751184149,-0.0018793760677545696,0.00815326568624015,0.0026022657723172,0.0522840554407654,0.052348774966400155
1508,104.73598926482973,17.853994434955148,0.007795372312615642,-0.002712421513534933,0.0082537906418434,0.0033121822011456447,0.05439512298435814,0.05449587099420499
1509,105.35202019743657,18.9418415108054,0.0095871654627462,-0.004735853375518913,0.010693084157738938,0.0045718797455370315,0.05478443996447492,0.054974875594482324
1510,102.23611621523204,17.833312467477235,0.005342505911409607,-0.0020541120665264635,0.005723787714031349,0.0037441899054612465,0.05519106816798142,0.05531792624069462
1511,110.38876516127301,14.655061455602674,0.011836575489303416,-0.0024041799148109087,0.012078269759231186,0.0006049094529971058,0.0433552392814753,0.04335945904413827
1512,111.00480432212595,15.742717223753854,0.013934935343149518,-0.003791743067633406,0.014441597505425207,0.002145115255826122,0.04440715288732678,0.04445893326452169
1513,102.85235856065907,18.92089277363449,0.00571634908487682,-0.0027560595180555064,0.00634606263184003,0.003450322475787012,0.05713404485678952,0.05723813245454955
1514,104.102074550668,18.931487549839296,0.007555868934503486,-0.003679920039489141,0.008404342142751483,0.00391012717985283,0.05613410394055837,0.05627012279862231
1515,103.46838949326592,20.00873984948474,0.007180669523094991,-0.00485244018824274,0.008666498172871122,0.004330165038408343,0.05740518487205971,0.05756826885928746
1516,101.58602504552455,21.075052804110566,0.005118650183858323,-0.0037362428377863827,0.006337198927572251,0.004177861149508429,0.06051958586721179,0.06066362004796114
1517,100.18395181821735,23.279007435509158,0.005047534072149584,-0.004213631664117118,0.006575126767626717,0.004969733073537968,0.06309017930862418,0.06328561425803314
1518,98.93258024422906,23.269618097093975,0.00467018884491067,-0.0034060671595187372,0.005780307720379608,0.0054701642181121495,0.06314318795054588,0.06337968823788168
1519,102.83443540380097,21.08585323655994,0.007091129028846176,-0.005726966717580495,0.009114946993154684,0.004960289520462586,0.058685830400630995,0.05889508605935164
1520,47.76793849991958,5.4457952188112575,0.00025535370484199363,6.548940777464048e-06,0.0002554376698958843,0.011485417851033368,0.004674540363403638,0.012400248014532846
1521,46.57873754686386,5.435834623729231,0.00024054031252155293,4.990773119207652e-06,0.00024059208167413523,0.011195513919774948,0.004378761929140058,0.01202135965521209
1522,105.30872488032509,23.2684868732413,0.011987122642023491,-0.010731092660627668,0.016088737020844405,0.008193895510742715,0.05669519963605007,0.057284252508106814
1523,105.92440694774471,24.358256037754543,0.012801226035672396,-0.011107204424541772,0.016948196899521116,0.009075831231232345,0.05730996958562466,0.05802416157466678
1524,101.57643643400226,23.23642096218368,0.007226423773190219,-0.007122461491248951,0.010146460380056337,0.006151143566180826,0.06062911577521911,0.06094034990756691
1525,102.20178694606852,22.162760967390575,0.007108101067289289,-0.006492101469781214,0.009626654781217332,0.005583573643075223,0.059761758370623905,0.06002202977387953
1526,48.467710887632244,4.315885609464176,0.0002126914754630102,1.05492761373218e-05,0.0002129529313290938,0.009846800864650618,0.0041126076263008375,0.010671130622197067
1527,49.01451332670695,5.447664836792921,0.00027071682375210196,8.264013471063587e-06,0.00027084292972325594,0.011754635621395355,0.004978564615243677,0.012765483313213526
1528,102.82484679227866,23.24722139463306,0.009197391365980696,-0.008738056078605175,0.01268643495911539,0.00720727300367792,0.05918684244388146,0.059624048022810336
1529,104.06003496820378,23.258178063547028,0.010505110035308332,-0.00982916259108401,0.014386444108809555,0.007611937873569752,0.05799044951727806,0.05848789475957449
1530,75.5195475736389,5.665532062033877,0.0007890296602495808,-5.949323282655638e-05,0.0007912693912351999,0.0134911505114471,0.012260625223470432,0.018230032172020946
1531,76.77474472048559,5.668758009299664,0.0008386315425121249,-7.127559809358967e-05,0.0008416549619528568,0.013324136993850747,0.012651777760295559,0.018373897439759788
1532,33.994645409321876,3.1595647843093344,6.527077625050146e-05,2.5818985808000067e-06,6.532182202468455e-05,0.0043579409099429155,0.0013795030513556947,0.004571069638854101
1533,32.7348096410732,3.0415749908067973,5.696475908324814e-05,1.73601229260283e-06,5.699120560308029e-05,0.003794180751169927,0.0012627311289939752,0.003998787000663925
1534,49.091741232597386,3.236897990618511,0.00016648964357036423,1.1733290131099312e-05,0.0001669025809072091,0.007915573214805677,0.0033652859188580886,0.008601246923243955
1535,47.845166405810026,3.235028372636848,0.00015739810477040893,1.0634954861069831e-05,0.00015775698288891563,0.007752591206781369,0.0031934642955770724,0.008384562279963658
1536,149.76540162478062,3.2368979906037754,0.023572431916263036,0.00198749495376577,0.02365607073539688,0.014986137526788713,0.004816471281170159,0.015741115385326476
1537,150.89517107991685,3.192540659309723,0.02237537917841973,0.0024753783072943587,0.022511887773847016,0.014178928808113006,0.005069023212711483,0.015057789295794544
1538,103.43468445613752,24.331838058340132,0.010673030328769234,-0.00949757774499117,0.014286971667256131,0.008384432116457785,0.0597489827447658,0.060334398488340046
1539,101.1014031284835,1.1042237922443774,0.0007355107345360376,7.802321854876305e-05,0.000739637521526896,0.0007369851073550709,0.003604359348295164,0.003678933725973588
1540,63.38571428589321,0.0,0.0,0.0,0.0,0.0,0.0,0.0
1541,64.00714285732472,1.076345858993453,9.43152006833035e-05,7.874564259103515e-06,9.464336132134448e-05,0.0032698240439417068,0.0019107904526054905,0.0037871980978168534
1542,62.76428571446169,1.076345858993453,9.058844681464773e-05,8.072116511576083e-06,9.094737907860083e-05,0.0032601297176469437,0.0018529147536678727,0.003749898513326036
1543,16.15714285717185,0.0,0.0,0.0,0.0,0.0,0.0,0.0
1544,16.77857142860278,1.0763458589922956,3.685208948281274e-06,1.257400746342098e-07,3.687353462696706e-06,0.000236769983646445,0.0005757485527373992,0.0006225322651358303
1545,15.535714285740918,1.0763458589922956,3.1741812223362847e-06,1.0862230207677836e-07,3.1760392372797806e-06,0.00020431945131484228,0.0005752215291840775,0.0006104311966327301
1546,23.614285714337925,0.0,0.0,0.0,0.0,0.0,0.0,0.0
1547,24.23571428576885,1.0763458589922315,8.96211871378701e-06,2.900816789651244e-07,8.96681209909534e-06,0.0005717968028215191,0.0005730833904349343,0.0008095530594774567
1548,22.992857142907013,1.0763458589922315,7.723689648947711e-06,2.3104002708884997e-07,7.727144445872564e-06,0.000492183213367373,0.0005735764505982189,0.0007558004102945989
1549,31.071428571504015,0.0,0.0,0.0,0.0,0.0,0.0,0.0
1550,31.659373035481163,0.9729983443791715,1.8116806798495078e-05,1.543371085175875e-06,1.8182427859902384e-05,0.0012455041761912115,0.0005591314656083443,0.001365250397818321
1551,30.41651589261937,0.9729983443791715,1.6197030107446614e-05,1.1845208352130734e-06,1.6240285524293777e-05,0.0010900173970427606,0.0005422377724334965,0.0012174398250876777
1552,38.52857142867015,0.0,0.0,0.0,0.0,0.0,0.0,0.0
1553,39.1500000001012,1.0603978931643816,3.327197474952987e-05,3.4052342668344185e-06,3.344577587895633e-05,0.0022714468915034907,0.0008260702065448037,0.0024169946146116762
1554,37.907142857239435,1.0603978931643816,3.069496443254289e-05,3.172456053434047e-06,3.08584724010448e-05,0.0021452873982603184,0.0007800817847260008,0.002282714527047968
1555,53.4428571430024,0.0,0.0,0.0,0.0,0.0,0.0,0.0
1556,53.92998493188309,1.064372876887828,6.763573849550685e-05,7.323418419407382e-06,6.8031063340053e-05,0.003068757876858845,0.0014402917333291802,0.003389943241984972
1557,52.687127789021396,1.064372876887828,6.474222849182226e-05,7.016574577285614e-06,6.512133651028619e-05,0.0030333960145631027,0.0013866981282478644,0.0033353295309539424
1558,45.98571428583628,0.0,0.0,0.0,0.0,0.0,0.0,0.0
1559,46.60577821970884,1.0770263539172371,5.1046007856609364e-05,5.327713358304771e-06,5.13232836802682e-05,0.0028306206220381053,0.0011426098076412637,0.0030525350576898207
1560,45.3629210768471,1.0770263539172371,4.8082913502862836e-05,4.968479538212318e-06,4.833893213389621e-05,0.0027657761601149185,0.0010905187733090851,0.0029730033573475115
1561,48.47142857155927,0.0,0.0,0.0,0.0,0.0,0.0,0.0
1562,49.09174123259785,1.0780203768955916,5.70305617645238e-05,6.070272248560123e-06,5.7352708570291636e-05,0.0029443258394657354,0.001249040752974741,0.003198305403106044
1563,47.84888408973659,1.0780203768955916,5.40625126794138e-05,5.701667763138667e-06,5.4362342595706747e-05,0.002891632060083299,0.001196216103686389,0.003129292082503682
1564,33.55714285722699,0.0,0.0,0.0,0.0,0.0,0.0,0.0
1565,34.17745551826553,1.0780203768955892,2.4233072801101325e-05,2.439635504746288e-06,2.4355566895054926e-05,0.0017199534945754752,0.0006682379469461542,0.0018452051314802917
1566,32.93459837540435,1.0780203768955892,2.213773469909733e-05,2.069005495539567e-06,2.2234209708199456e-05,0.0015488320033086014,0.0006363997395745309,0.0016744805770756094
1567,18.64285714289481,0.0,0.0,0.0,0.0,0.0,0.0,0.0
1568,19.26428571432536,1.0763458589922192,4.9533993328807055e-06,1.5861410614409617e-07,4.955938194292874e-06,0.00031689844759558904,0.0005759553770737827,0.0006573805765830761
1569,18.021428571464263,1.0763458589922192,4.273169598527609e-06,1.3658237923843323e-07,4.275351817581688e-06,0.0002739741033914165,0.0005756607153603068,0.0006375320137359933
1570,41.014285714393125,0.0,0.0,0.0,0.0,0.0,0.0,0.0
1571,41.63571428582362,1.0747217929752433,3.925303244986522e-05,3.976270256241909e-06,3.945391338841872e-05,0.002516578380051898,0.0009345992601021018,0.0026845190481589124
1572,40.392857142962406,1.0747217929752433,3.643770067765636e-05,3.6930273973633833e-06,3.662437005645497e-05,0.002414911741759907,0.000884988153768096,0.0025719647650774167
1573,50.957142857280616,0.0,0.0,0.0,0.0,0.0,0.0,0.0
1574,51.561417161612766,1.0696933345520694,6.241980896612995e-05,6.74199033950674e-06,6.278285582152312e-05,0.0030124498688121424,0.001345029065179991,0.0032990843272467673
1575,50.31856001875268,1.0696933345520694,5.9494569313502804e-05,6.39254439630057e-06,5.983701531374926e-05,0.0029695868192695053,0.0012919703558141957,0.0032384615602909102
1576,36.04285714294828,0.0,0.0,0.0,0.0,0.0,0.0,0.0
1577,36.66409972931308,1.059047022135302,2.8230406626641395e-05,2.9511187408844813e-06,2.838423788175962e-05,0.0020040061828011098,0.0007351255865764735,0.002134584364400826
1578,35.421242586452976,1.059047022135302,2.5964282712721137e-05,2.702798922337834e-06,2.6104580034942148e-05,0.0018523094330367084,0.0006950893790941702,0.001978433592680404
1579,26.100000000060888,0.0,0.0,0.0,0.0,0.0,0.0,0.0
1580,26.721428571491447,1.0763458589920953,1.2015748627087607e-05,4.831969059704194e-07,1.2025460253948583e-05,0.0007745185223668769,0.0005720237455555763,0.0009628551848376791
1581,25.47857142863032,1.0763458589920953,1.038715719686202e-05,3.565141723582696e-07,1.0393273641515207e-05,0.0006650640124224999,0.0005712912719836078,0.0008767461765323894
1582,21.128571428616,0.0,0.0,0.0,0.0,0.0,0.0,0.0
1583,21.750000000046043,1.0763458589923653,6.658795259442815e-06,2.0492543411313065e-07,6.661947818823303e-06,0.0004245175029955837,0.0005751101583658776,0.000714819420976536
1584,20.507142857185954,1.0763458589923653,5.741530505864469e-06,1.726018583359786e-07,5.744124298034761e-06,0.00036658484932103823,0.0005752653478267633,0.0006821397746517757
1585,8.700000000015066,0.0,0.0,0.0,0.0,0.0,0.0,0.0
1586,9.321428571445118,1.076345858990576,1.4226880820654338e-06,6.250059091181536e-08,1.4240602875985794e-06,9.207330125725617e-05,0.0005734968391874647,0.0005808408709469593
1587,8.078571428585015,1.076345858990576,1.1812339185024754e-06,5.49762382980945e-08,1.1825125610318572e-06,7.648291231370852e-05,0.0005731136887398902,0.0005781945486573098
1588,13.671428571449894,0.0,0.0,0.0,0.0,0.0,0.0,0.0
1589,14.292857142879939,1.0763458589905823,2.7288693173087763e-06,9.939932823731867e-08,2.730679032292755e-06,0.0001759361179096343,0.0005750340929240175,0.0006013465935798259
1590,13.05000000001985,1.0763458589905823,2.3387868159961765e-06,8.601702557852767e-08,2.3403680692076855e-06,0.00015098394520052054,0.0005744813109324268,0.0005939906803300481
1591,6.214285714294888,0.0,0.0,0.0,0.0,0.0,0.0,0.0
1592,6.823781450272619,0.9674039312505368,8.668879210845058e-07,5.224022954925368e-08,8.684605398667086e-07,5.615017942243683e-05,0.0005194853350594473,0.0005225111060934476
1593,5.580924307412544,0.9674039312505368,6.867700151024479e-07,4.759399047947887e-08,6.884172002307737e-07,4.449487504229858e-05,0.0005192381072745707,0.0005211410614709883
1594,70.84285714306196,0.0,0.0,0.0,0.0,0.0,0.0,0.0
1595,71.46428571449215,1.0763458589919914,0.00012541544108006855,5.0526885579728815e-06,0.00012551718019049033,0.00324704757657475,0.002271108987592968,0.003962480788352861
1596,70.22142857163176,1.0763458589919914,0.00011889100306420285,5.670650738822824e-06,0.00011902616052538199,0.003261493940443145,0.0022096822123266542,0.0039395479693767116
1597,90.72857142883976,0.0,0.0,0.0,0.0,0.0,0.0,0.0
1598,91.22003790586356,1.1199883080884872,0.00043491386836065236,2.9557877531003417e-06,0.0004349239123957985,0.002161797721874309,0.003350076789610131,0.00398702694831443
1599,83.27142857167362,0.0,0.0,0.0,0.0,0.0,0.0,0.0
1600,84.18227675798835,1.008216748869139,0.00023864941840229508,-1.298506823334779e-06,0.00023865295100568932,0.002561763900860033,0.00272497764115534,0.0037400718480459887
1601,75.81428571450746,0.0,0.0,0.0,0.0,0.0,0.0,0.0
1602,76.29482184803183,1.0984364457784204,0.00016185489198233816,2.2066953345198332e-06,0.0001618699340918929,0.0031981304908674495,0.002565347093320912,0.004099883455151637
1603,75.05196470517154,1.0984364457784204,0.0001518080708531721,2.99717605896504e-06,0.0001518376548833989,0.003235822702525237,0.0025009195205840987,0.004089638982919682
1604,58.41428571444678,0.0,0.0,0.0,0.0,0.0,0.0,0.0
1605,59.035714285876836,1.076345858991807,8.06277338223282e-05,8.200696851812158e-06,8.104370975084698e-05,0.00321265108580226,0.0016822805329306822,0.0036264576090978893
1606,57.79285714301672,1.076345858991807,7.757559149340967e-05,8.090740064990076e-06,7.799636190458893e-05,0.0031903797202058994,0.0016265167751228636,0.0035810724062572586
1607,43.50000000011444,0.0,0.0,0.0,0.0,0.0,0.0,0.0
1608,44.1214285715445,1.0763458589917945,4.511057248141222e-05,4.617858076146175e-06,4.5346315868129506e-05,0.0026918096155339015,0.0010380779490170664,0.002885038099317971
1609,42.878571428684396,1.0763458589917945,4.2189370778546956e-05,4.2881289376939604e-06,4.240673362186718e-05,0.002611015146580212,0.0009868474149921601,0.0027912842772007287
1610,28.585714285782117,0.0,0.0,0.0,0.0,0.0,0.0,0.0
1611,29.20714285721217,1.0763458589917945,1.5816154389046563e-05,9.129638967668883e-07,1.5842482215074652e-05,0.0010447646096225691,0.0005798406139029219,0.0011948841898071615
1612,27.964285714352066,1.0763458589917945,1.3831699939495425e-05,6.515236740695123e-07,1.3847036011873111e-05,0.0009007499097328159,0.0005731175989597631,0.0010676208044624646
1613,11.185714285732487,0.0,0.0,0.0,0.0,0.0,0.0,0.0
1614,11.807142857161148,1.0763458589893824,1.9957964940904875e-06,7.840628444016013e-08,1.9973360236233644e-06,0.00012897718927644443,0.0005742158841639469,0.0005885227242680057
1615,10.56428571430383,1.0763458589893824,1.692418750951554e-06,6.822074508958624e-08,1.69379316878803e-06,0.00010946030728942292,0.0005737347107534346,0.000584083108123512
1616,118.07142857164861,0.0,0.0,0.0,0.0,0.0,0.0,0.0
1617,118.69737699685423,1.2970710944094745,0.0015586285544514147,-0.00013829811411556836,0.0015647521653984792,-0.001951432544263798,0.0034276136503349,0.003944188675858955
1618,125.52857142877042,0.0,0.0,0.0,0.0,0.0,0.0,0.0
1619,126.43846949645499,1.1894382338862974,0.003892199371503171,-0.0005236215412828776,0.0039272631011972115,-6.295958389274364e-05,0.0022385459052609016,0.002239431106143767
1620,142.9285714287023,0.0,0.0,0.0,0.0,0.0,0.0,0.0
1621,143.70000832453314,0.9803131953966089,0.011746754790175416,-0.00016039089739222515,0.011747849732630877,0.008447288336201671,0.0011638351686853701,0.008527085817253026
1622,142.45715118167954,0.9803131953966089,0.011424753365445716,-0.00018544479771545445,0.011426258321701944,0.008078343276942923,0.0012038030857501824,0.008167543814966075
1623,167.78571428574583,0.0,0.0,0.0,0.0,0.0,0.0,0.0
1624,168.4071428571734,1.0763458589874502,-7.056862066667498e-05,3.206701937582038e-05,7.751273414379284e-05,-0.0007368725965989752,0.0006089273780129387,0.0009559151506866226
1625,167.1642857143179,1.0763458589874502,-5.212654291567086e-05,5.416321019651382e-05,7.517200153734777e-05,-0.0008270498975754999,0.0006314089446656577,0.0010405233243341758
1626,177.7285714285897,0.0,0.0,0.0,0.0,0.0,0.0,0.0
1627,178.35000000001727,1.0763458589877826,-2.9310092979058374e-05,8.841028842862654e-07,2.9323423885198847e-05,-0.00023250559994761002,0.0005771789584974472,0.0006222494709834601
1628,177.10714285716182,1.0763458589877826,-3.48568883729344e-05,1.4013329090660528e-06,3.4885045520469666e-05,-0.00027167525046483293,0.0005785000962345376,0.0006391164237120644
1629,182.7000000000116,0.0,0.0,0.0,0.0,0.0,0.0,0.0
1630,183.32142857143958,1.0763458589877948,-1.3771185234533347e-05,4.5158702900488516e-07,1.3778587504116476e-05,-0.0001166775744243269,0.0005747610465802207,0.000586484370669445
1631,182.0785714285841,1.0763458589877948,-1.6826075834697765e-05,4.933286954951285e-07,1.6833306306153852e-05,-0.00014071195668415883,0.0005753440328899753,0.000592301115089264
1632,172.75714285716776,0.0,0.0,0.0,0.0,0.0,0.0,0.0
1633,173.37857142859536,1.0763458589877948,-5.457471376556786e-05,5.425278826246508e-06,5.484371461650078e-05,-0.0004238339167675167,0.0005836345419862019,0.0007212936070713076
1634,172.13571428573988,1.0763458589877948,-6.147680625771075e-05,7.848436163740169e-06,6.197576669847988e-05,-0.0004889339465828668,0.0005866224820613429,0.0007636637614689518
1635,180.21428571430064,0.0,0.0,0.0,0.0,0.0,0.0,0.0
1636,180.8357142857285,1.0763458589876833,-2.0367092735779617e-05,5.14815879510889e-07,2.0373598157852317e-05,-0.00016765356740695947,0.0005757175846183946,0.000599631933691926
1637,179.59285714287302,1.0763458589876833,-2.4510583571908212e-05,6.64812081286376e-07,2.4519597919601394e-05,-0.00019806955336085035,0.0005765551672345674,0.0006096289107591985
1638,165.30000000003565,0.0,0.0,0.0,0.0,0.0,0.0,0.0
1639,165.89596942013486,0.9528564868778097,7.364985265898537e-06,9.250689916555393e-05,9.279961961771646e-05,-0.0007989415302289499,0.0006121300965642338,0.0010064843882764969
1640,164.65311227728017,0.9528564868778097,0.00014265943230556987,0.0001591460078588168,0.00021372684773595022,-0.0007986709876738199,0.0006822831583015948,0.0010504216556478042
1641,135.47142857159153,0.0,0.0,0.0,0.0,0.0,0.0,0.0
1642,136.1980830615624,0.9983691156486372,0.008590295887651561,-0.0004168069860789672,0.008600401822068986,0.005051284303079063,0.0013415252963614396,0.005226391033142333
1643,134.95522591870872,0.9983691156486372,0.007809877891532228,-0.0004230110921584892,0.007821325403327303,0.004265561317125837,0.001405576890539524,0.004491175764249164
1644,150.38571428581307,0.0,0.0,0.0,0.0,0.0,0.0,0.0
1645,151.0082587676332,1.0780203768893761,0.010564747506772179,0.00047986281578819053,0.010575639848435892,0.007464152348863938,0.0015223223776872972,0.0076178104274560775
1646,149.7654016247796,1.0780203768893761,0.011462906006527274,0.00036365808231210634,0.011468673040736229,0.00824486973872559,0.0014729272394922793,0.008375403970041762
1647,157.84285714292383,0.0,0.0,0.0,0.0,0.0,0.0,0.0
1648,158.54495634580928,1.2218750067336497,0.0032212245971519372,0.0005806047967803423,0.003273131502909867,0.0009172977012589754,0.0013501425582166638,0.0016322744867952933
1649,157.30209920295562,1.2218750067336497,0.004486201576105835,0.0006414622822777331,0.004531829480578394,0.0019479871971631244,0.0014644673184631895,0.002437071736153495
1650,175.24285714287873,0.0,0.0,0.0,0.0,0.0,0.0,0.0
1651,175.86428571430653,1.0763458589874622,-4.10061462239249e-05,2.1952955207612266e-06,4.1064867594592155e-05,-0.00031610734125267763,0.0005796141788591731,0.000660209396728364
1652,174.62142857145105,1.0763458589874622,-4.77567849526364e-05,3.51880371514344e-06,4.788624529651564e-05,-0.0003666827940404911,0.000581739596092267,0.0006876606932978903
1653,170.2714285714568,0.0,0.0,0.0,0.0,0.0,0.0,0.0
1654,170.8928571428849,1.076345858987407,-6.800349221654733e-05,1.182817116097783e-05,6.902449265774722e-05,-0.0005629943440389185,0.0005898917832829193,0.0008154354342340751
1655,169.65000000002942,1.076345858987407,-7.2758605349887e-05,1.8449129400442356e-05,7.506120854406004e-05,-0.0006466883273129489,0.0005967305672575366,0.0008799392948279564
1656,128.01428571448017,0.0,0.0,0.0,0.0,0.0,0.0,0.0
1657,128.79862731207692,0.9975530459017682,0.004339123435125223,-0.00042149396444800355,0.004359546919958427,0.0008935872208067613,0.0017616652286822554,0.001975338578354925
1658,127.55577016922264,0.9975530459017682,0.003760570595229597,-0.000416803231317955,0.003783598305230429,0.00036291539106010455,0.001837886303072744,0.0018733749342004944
1659,185.18571428572258,0.0,0.0,0.0,0.0,0.0,0.0,0.0
1660,185.81907569260187,0.9674039312497261,-7.854019636183436e-06,4.736224676438004e-07,7.868287150797941e-06,-6.771942952060153e-05,0.0005207566397261703,0.0005251413133181278
1661,184.5762185497464,0.9674039312497261,-9.997495831418695e-06,4.934130384466247e-07,1.0009664296355962e-05,-8.554509962864711e-05,0.0005211227868599367,0.000528097456020328
1662,98.18571428599114,0.0,0.0,0.0,0.0,0.0,0.0,0.0
1663,98.84304565454113,1.042220669363171,0.000642137676552722,5.0817777380759847e-05,0.0006441453579328572,0.0010500661523838624,0.0033573459034185256,0.003517728022400738
1664,113.1000000002351,0.0,0.0,0.0,0.0,0.0,0.0,0.0
1665,112.39568587293647,1.0912931492083398,0.0008708812372872185,6.89766440795491e-05,0.0008736085547242503,-0.0012170360222374735,0.0033632802431326297,0.003576706679792165
1666,105.64285714311322,0.0,0.0,0.0,0.0,0.0,0.0,0.0
1667,106.57841202371836,1.0411686614075477,0.0007527830881598756,0.00011430728916262246,0.0007614121972855613,-0.00024591535110303486,0.0034086066424051874,0.00341746596216508
1668,147.90000000010855,0.0,0.0,0.0,0.0,0.0,0.0,0.0
1669,148.60004161817983,1.032141946240109,0.011668928154194068,0.00022295217133318267,0.011671057875721685,0.008487070223070351,0.0013496960023755044,0.008593720979305521
1670,147.35718447532895,1.032141946240109,0.01210486601889673,0.0001555528248284128,0.012105865438569556,0.008835943697769792,0.001348080636500763,0.008938188990654987
1671,155.35714285721934,0.0,0.0,0.0,0.0,0.0,0.0,0.0
1672,155.97953872514722,1.0619943022725022,0.005293976602881874,0.0007078130207457116,0.0053410848658486864,0.002862350215032437,0.0014956373468523777,0.0032295479291683934
1673,154.73668158229637,1.0619943022725022,0.006764737601781182,0.0006193949273323959,0.006793035028391751,0.004152330078318129,0.0014624401638883813,0.004402337596352569
1674,140.4428571429978,0.0,0.0,0.0,0.0,0.0,0.0,0.0
1675,141.1742695207464,1.0022963475626445,0.011236783304810868,-0.00028842976193098953,0.01124048445427704,0.007776973652129633,0.001200312177389082,0.007869057663348708
1676,139.93141237789553,1.0022963475626445,0.010671241929193078,-0.0003043760743654012,0.0106755819094799,0.007177931244888564,0.0012521615264105635,0.007286330039503448
1677,130.5000000001853,0.0,0.0,0.0,0.0,0.0,0.0,0.0
1678,131.22189709784175,0.9943818858433434,0.005580677501367797,-0.00042326844435938715,0.005596705955315424,0.002081879010646474,0.0016124645685345771,0.0026332987296829318
1679,129.9790399549909,0.9943818858433434,0.004913721958583859,-0.00042279749280998264,0.0049318780607589645,0.0014430309876997658,0.0016845884527925176,0.0022181471291922114
1680,137.95714285729605,0.0,0.0,0.0,0.0,0.0,0.0,0.0
1681,138.7220445179725,0.975002368005106,0.009861806993223619,-0.00036280532494451347,0.009868478346503192,0.006433972100859421,0.0012176907287370182,0.0065481881238621635
1682,137.47918737512163,0.975002368005106,0.009138010365169376,-0.0003734053315808483,0.009145636389863527,0.005690812454603091,0.0012744145661434325,0.005831764645445168
1683,162.81428571433008,0.0,0.0,0.0,0.0,0.0,0.0,0.0
1684,163.28295937778546,1.1934288902030454,0.0004735475364555427,0.0003573568886438192,0.0005932547641142922,-0.0008999574658716536,0.0009942005979488937,0.0013410288100335751
1685,162.04010223493458,1.1934288902030454,0.0009367652314075728,0.00034404933086795616,0.0009979474138674701,-0.0006495459025017676,0.0009988974881886537,0.0011915141926835942
1686,145.4142857144068,0.0,0.0,0.0,0.0,0.0,0.0,0.0
1687,146.15160284754865,1.006845193160663,0.012104841915169758,-6.5350871814177155e-06,0.012104843679230853,0.00883972617234783,0.0012218536730855,0.008923770794934378
1688,144.9087457046978,1.006845193160663,0.012100584627284729,-3.996081490871469e-05,0.012100650610145211,0.008770912401840442,0.0012539306544761559,0.008860092914128691
1689,132.985714285887,0.0,0.0,0.0,0.0,0.0,0.0,0.0
1690,133.74427242393864,0.9697263707573298,0.00689916653018948,-0.00041051654409240084,0.00691136908609722,0.0034542204065034833,0.0014340310126039727,0.0037400646467427626
1691,132.50141528108776,0.9697263707573298,0.006159318441647086,-0.00041734189728728625,0.0061734413356607865,0.0027243705145201702,0.0014965421437218916,0.0031083489328456375
1692,160.32857142862838,0.0,0.0,0.0,0.0,0.0,0.0,0.0
1693,160.89916501029,0.8877345376627418,0.0011938343696342576,0.00027197682149889923,0.0012244230860093538,-0.00016710803545273148,0.0008020570609937523,0.0008192805530481039
1694,159.65630786743915,0.8877345376627418,0.0017969273213700233,0.0002839707827703462,0.0018192270896601255,0.0002516431395690219,0.0008415945614442747,0.0008784108808210058
1695,152.87142857151758,0.0,0.0,0.0,0.0,0.0,0.0,0.0
1696,153.4731695885249,1.065916387156315,0.008144543479986794,0.000646551717648601,0.008170166315381209,0.005355100873231878,0.0015529182172939488,0.00557572061280802
1697,152.23031244567403,1.065916387156315,0.009437810046261604,0.0005379593587873581,0.009453129573904262,0.006500050790995865,0.001506082041739646,0.006672251748995733
1698,127.96627294626785,14.734699049689034,0.022508449178227502,-0.012030588466996481,0.02552186010601655,0.00047814056387083387,0.014294078676728827,0.014302073402669015
1699,126.71602570773771,14.789323349832058,0.021834353342133628,-0.011546857621403419,0.024699573008416645,4.2874210218712266e-05,0.01640535884714717,0.016405414871364023
1700,57.786019159173435,11.901300466100901,0.0007895378536074658,-4.655252893174741e-05,0.000790909072036113,0.019158832512716512,0.011822379228358527,0.02251287440264895
1701,58.52486864225651,10.872209044254967,0.0007507972562950591,-3.064885122583001e-05,0.0007514225656324486,0.018992272445261544,0.011738439465873527,0.022327054748197715
1702,119.01180911317454,3.0937567113118893,0.004151665424455582,-0.0006493211473498065,0.004202135617637253,-0.003631677646281979,0.007812262432695766,0.008615133594078143
1703,119.26796144789883,4.285461929381459,0.006025683994222144,-0.0012294432028433205,0.006149829118540008,-0.004241089285724605,0.01041226015898744,0.011242864401384783
1704,42.25714285725368,2.151067651967038,7.994636724063288e-05,6.195376345889881e-06,8.01860606529673e-05,0.004829341536944604,0.0017664719177514579,0.005142272135609218
1705,42.94247917067236,3.1846862647411633,0.00012084820794914033,6.717711131882029e-06,0.00012103477602478586,0.00686741614159279,0.0024912637278408797,0.0073053267841668
1706,41.69962202781157,3.1830621987246124,0.00011237928947391632,5.9013977037516145e-06,0.00011253413347744817,0.006611445049418258,0.0023221493491837465,0.007007394896920802
1707,34.79869810463033,2.137067399030891,4.860843206574983e-05,3.585760381447626e-06,4.8740510311277784e-05,0.0033496649190789016,0.0011656076019423414,0.0035466739562319003
1708,35.23843247750932,3.1405914295490476,7.144734320038357e-05,3.287789729252429e-06,7.152295024463947e-05,0.0047662332272617545,0.0014951522632027005,0.004995243684427633
1709,49.696015536930005,2.147713711447661,0.00011495723244567702,1.0324045130897803e-05,0.00011541989083097519,0.0056073720771328125,0.0024150246433487783,0.006105322730158549
1710,50.31856001875222,3.2285709482749887,0.00017495532990675564,1.279516456612409e-05,0.0001754225860573715,0.008041049959011845,0.003524981078541445,0.008779748062866018
1711,149.22258609999997,2.110162323129485,0.0182451602257346,0.0008918505018028381,0.018266944708415084,0.012197426624741691,0.002966739259326058,0.012553037803606903
1712,148.60004161818085,3.1910195599545084,0.024015392391780483,0.0013158254621739394,0.02405141302248359,0.015259887142361938,0.004328359600125851,0.015861867873161243
1713,102.80346578128984,25.40214150383182,0.010993245080336857,-0.008673391026195729,0.01400282647502436,0.009126441824002358,0.061632062345866254,0.062304117435139424
1714,104.03865395721496,25.41309817274579,0.011992952460966936,-0.00991526106632976,0.015560954686152378,0.009602468528047676,0.06027202492810234,0.06103215866054498
1715,71.75358434133558,5.674332798921629,0.0006669239191773209,-2.9821425936367907e-05,0.0006675903170476007,0.013854773483974554,0.011148776826035078,0.01778341848489714
1716,70.50362354209398,5.664424631068979,0.0006317531495360074,-2.1331086389997643e-05,0.0006321131680286706,0.013901813810376034,0.010767139112732643,0.017583848039928546
1717,25.153571428608874,4.387868562038245,3.38636328037871e-05,-4.346138040655094e-06,3.414139045994107e-05,0.0021661771146973823,0.0014053742583191426,0.0025821309219682793
1718,26.07302283042501,3.474683928362816,3.171552813155919e-05,-2.476553359096644e-06,3.181207382746644e-05,0.002029803784372831,0.0012767517093416785,0.0023979571160388097
1719,26.369451401834336,4.411845065901053,3.906186275344026e-05,-4.8326283299273375e-06,3.93596674064177e-05,0.0024972800137629293,0.0013501018171742409,0.002838869913165618
1720,166.24642857144966,4.387868562042185,-0.00017358281984135868,0.0003972824377622531,0.0004335485332674948,-0.0030969177813886667,0.0016900594614716689,0.003528059059595121
1721,165.13461011300873,4.561443613994467,-3.6676052989579114e-05,0.0007274371285209401,0.0007283611115467966,-0.0034428621210658024,0.0019521442374474348,0.003957798214723553
1722,165.43103868444678,3.6242824764582804,-5.383383028572048e-05,0.0005037847950947894,0.0005066529394486237,-0.0028557321020241996,0.0017288309426209863,0.0033382723475916883
1723,45.3362438568969,5.429610519862758,0.0002254629189532044,3.422242009234222e-06,0.0002254888901105085,0.010874357188869048,0.004071399244795044,0.011611543225670979
1724,45.97864237087792,4.307791887616039,0.00018848980689652184,7.792015416905378e-06,0.00018865079593827688,0.00937131415045312,0.0036394178060565937,0.010053203015632613
1725,106.48489798699296,25.41036064257608,0.013301022465759569,-0.011016791396312633,0.01727098408616338,0.009897282619333432,0.05798761420932616,0.058826181288067686
1726,105.23036367131087,25.394899332075642,0.012733230054761811,-0.010693884052125815,0.01662811786546512,0.00983484894649375,0.059062198525082835,0.05987543359689887
1727,151.7840288241754,5.123807400816034,0.035355632528684816,0.005658391911926762,0.035805560329819644,0.023984421683788785,0.008824361887883195,0.025556248672959088
1728,151.12575106101127,6.171865209455332,0.04228210326154493,0.005548556974773754,0.04264460974991165,0.029135681617006748,0.009166551016898481,0.030543634374988637
1729,52.048544950493465,2.1340662114398974,0.00012541581940102558,1.161303223679548e-05,0.00012595233333989296,0.00574007168190669,0.002607477158715083,0.00630455074106379
1730,37.28552830074414,2.1194449152996837,5.748406332562947e-05,4.38139162450859e-06,5.765079469523636e-05,0.0038962601136093454,0.0013338055448181,0.004118237499743139
1731,22.37142857147697,2.152691717984597,1.3717271368106484e-05,-2.9118169645581506e-07,1.3720361531921265e-05,0.0008757317302435276,0.0010125923228733085,0.001338749145918415
1732,17.40000000003333,2.152691717984515,7.622424892507343e-06,-1.424098816030962e-07,7.623755099443698e-06,0.0004897817342611938,0.0010352267991536634,0.0011452426262158783
1733,32.27968569651971,2.051018721274761,3.8525916370267185e-05,2.22090882308492e-06,3.858987779417392e-05,0.002613824815329339,0.0010055363799354984,0.0028005684381220254
1734,47.22609088074742,2.1550467308128285,0.00010351039015392416,8.881615558777099e-06,0.00010389073088948557,0.005413803999163184,0.00220495466679692,0.005845605086215181
1735,29.795087321189317,2.049344203370966,3.058828280943539e-05,7.604806840956389e-07,3.059773481976866e-05,0.0020162015955822424,0.000943640703455742,0.002226101222147553
1736,24.85714285719941,2.152691717984327,1.839473186398058e-05,-3.3030185953251956e-07,1.8397697129427722e-05,0.0011756522372740842,0.000991706734462738,0.001538063857642558
1737,39.7714285715317,2.1351196861396247,6.826963243692849e-05,5.154740083663161e-06,6.846396174925493e-05,0.004405841589417294,0.00154234166633973,0.004668003633971028
1738,19.885714285755405,2.1526917179845846,1.0227674265780276e-05,-2.0887907269418683e-07,1.0229807004724659e-05,0.0006547608360410991,0.0010267852356601053,0.00121778473983821
1739,44.741492505417064,2.153372212909032,9.162515042202089e-05,7.463089177576923e-06,9.192859125392068e-05,0.0051518716018462375,0.0019854827280252033,0.005521224743224651
1740,27.3428571429215,2.15269171798389,2.452972261111604e-05,-1.3161343070574992e-07,2.4530075692370778e-05,0.0015822841530474454,0.0009704814023085457,0.0018561943037332684
1741,14.914285714310871,2.152691717982878,5.6573840994502745e-06,-9.961527397542164e-08,5.658261044837185e-06,0.0003646769867038753,0.0010400077231622175,0.0011020913613981728
1742,7.44521002170267,2.043749790241113,1.9542364016496684e-06,-2.918025796682832e-08,1.954454246327515e-06,0.0001265575678675042,0.0010022686696300614,0.0010102273526818363
1743,9.942857142873779,2.1526917179799585,2.985411436443833e-06,-5.618617741219644e-08,2.9859401084720077e-06,0.0001931641683970835,0.0010444980557613537,0.0010622092940855794
1744,12.42857142859119,2.1526917179799647,4.154607961812432e-06,-7.295901954760985e-08,4.155248528654886e-06,0.00026841890372311027,0.0010427979879307446,0.0010767898362764787
1745,178.97142857144513,2.1526917179754657,-5.041476314200037e-05,-1.641557103489389e-06,5.044148146504041e-05,-0.00041165261786989347,0.0010393668716011687,0.0011179183206214741
1746,169.02857142860148,2.1526917179748573,-0.00012592301964796685,4.8893915849786344e-05,0.00013508227820253934,-0.0013100209934408483,0.001051100130086147,0.0016795733049566079
1747,181.4571428571565,2.152691717975478,-3.519600978995604e-05,-1.3621237590695918e-06,3.522235776136662e-05,-0.0002951169673535991,0.0010417921422125151,0.0010827857091759785
1748,174.0000000000232,2.152691717975257,-9.365531498592948e-05,4.5624681522496744e-06,9.376638065295024e-05,-0.0007534989967429273,0.0010358123658336374,0.0012808856292840806
1749,176.4857142857341,2.1526917179752445,-7.029393205997849e-05,-4.803645552233727e-07,7.029557336389529e-05,-0.0005612423313468133,0.001036961876165723,0.001179102577012171
1750,171.5142857143125,2.152691717975202,-0.00011581836978723139,1.532655269030203e-05,0.00011682807024658278,-0.000999103081071788,0.0010356062433054787,0.0014389882757619766
1751,183.9547899783189,2.043749790237521,-2.2562052723935303e-05,-6.83385968304538e-07,2.257239994992362e-05,-0.00019284501335727663,0.0010008794297842929,0.0010192883949805861
1752,166.51739799156243,2.0292023458652597,-5.317892772401076e-05,0.00016246788902580592,0.00017094973915855253,-0.0015694126789852394,0.0011023004764788807,0.0019178431889508574
1753,127.22281109405174,2.1869912797880655,0.007529905430511009,-0.0012562474111508905,0.007633978867567194,0.0005140157860844896,0.0036726430010071993,0.0037084388684716406
1754,163.87892879788467,2.146285377080855,0.0003407747089110018,0.0005722681590159962,0.0006660467311359883,-0.0018445630793097567,0.001530492285875687,0.002396835328235479
1755,129.52052440973335,1.9919349317451116,0.008834860808495174,-0.0011657032325897768,0.008911432518509819,0.0022250477202431862,0.003054412557631619,0.0037789249039346003
1756,144.437325457675,1.987158388557272,0.019198582499767157,-0.00011581067035075878,0.019198931796111283,0.012902125000967416,0.0023741467170952887,0.013118742400660315
1757,141.94570641657725,1.9826095429592534,0.018690353686485313,-0.0005038842843895553,0.01869714470976705,0.012214977958850142,0.0022547864403071214,0.01242134245669878
1758,156.68163792803267,2.283869309006152,0.008155477773728098,0.002107263227488335,0.008423323336290587,0.0035023814775937837,0.003469384409842181,0.004929838151283264
1759,136.96298472223884,1.973371483653743,0.015678269898077933,-0.0010455632449429969,0.015713094841442038,0.009014007205996344,0.0022603036023824546,0.009293077976897489
1760,151.60999978464054,2.1439367640456912,0.016045861356790824,0.0015243240228591842,0.01611810256847929,0.010349175417546527,0.0033525716576450313,0.010878656559648994
1761,134.47092691390947,1.968095486405967,0.013416609478614528,-0.001159693995728303,0.013466636553548829,0.006743104543707136,0.0024253429282115437,0.007166013341237202
1762,146.85164446561993,2.038987139400772,0.019149829924133256,0.00034247103036343595,0.019152892014781153,0.012960363321519432,0.0026207968725815703,0.013222692376105539
1763,139.4534568957211,1.9772987155677506,0.017478667242755395,-0.0008086023615213752,0.017497361125667736,0.010883625465425557,0.0022206821993068096,0.011107868053860642
1764,131.98045523589337,1.9641082566006731,0.011006736348796599,-0.0011831484487821182,0.011070143870057688,0.004380541827262027,0.0026871383537083286,0.005139052367155101
1765,154.0955654564528,2.127910689428817,0.012309403343910105,0.0019869511386392145,0.012468736323718012,0.00721836507780103,0.003535467726965853,0.00803768165859003
1766,46.60206053578227,3.2340343496584936,0.00014842877685105997,9.563529244002169e-06,0.00014873655532216229,0.007576334272084612,0.0030229454627123376,0.008157146576646578
1767,31.459584301150013,2.9365529582903798,4.933254738250133e-05,7.148438487213885e-07,4.933772626474383e-05,0.0032605699189008513,0.0011788046759278422,0.0034671164762710882
1768,152.11722475795767,3.180436669576662,0.020812353868920674,0.0031194304542876802,0.02104483119258301,0.012994995306325809,0.005487390938786344,0.014106075369375576
1769,73.32857142878477,0.0,0.0,0.0,0.0,0.0,0.0,0.0
1770,73.90420042316441,1.0860078639667068,0.00014174743219987854,3.6998373047863637e-06,0.0001417957098481511,0.003230015602069938,0.0024144479673108873,0.0040326864217872065
1771,72.661343280302,1.0860078639667068,0.0001336480919589128,4.401900962300402e-06,0.00013372056392470052,0.003255309555544935,0.00235153643844521,0.0040158142292389155
1772,41.069637014899754,4.413613613446925,0.00014636216898080735,2.96254882311465e-06,0.00014639214871124662,0.00831691151372716,0.0027377805779295293,0.008755938534506484
1773,40.384300701481074,3.3799950006727997,0.000109630210693221,4.9026633480772885e-06,0.00010973977949925272,0.006624883507124535,0.002229844960553907,0.006990085123307036
1774,126.08214279653286,15.826903212069338,0.021762321986227663,-0.011585568659374322,0.024654088086833073,0.000625633451770892,0.018300417630349453,0.018311108722881303
1775,105.30604622771857,3.89308005154171,0.0027005316008468817,0.0003574452606964773,0.002724084808071693,0.0001595379323847657,0.013038064809265044,0.013039040851322813
1776,39.14144355861987,3.3656711008619378,0.0001006959524565438,4.3125171617635906e-06,0.00010078825648556995,0.0062761886409632515,0.002046750872089192,0.006601494754171514
1777,57.92969090516691,9.809293855068855,0.0006688882766009048,-1.5581620928308362e-05,0.0006690697373853356,0.01828155984646753,0.010806340984602042,0.021236582490962705
1778,56.67973924553757,9.798278933777716,0.0006363852128477392,-1.5261666663663403e-05,0.0006365681877070319,0.01802203954755634,0.010207679538749001,0.020712089006652126
1779,56.23635409685929,10.734022507966507,0.0006776514476007529,-2.7852830133916716e-05,0.0006782236095727314,0.018425999064915998,0.010455567102003672,0.02118575759714027
1780,61.67751559718221,12.150655163611882,0.0009348004277558476,-6.187206360615568e-05,0.0009368457674491569,0.01998942482610985,0.01431284243380628,0.024585250932493294
1781,70.93544515159672,16.058142836021613,0.0016510300332597504,-0.0003189643700231028,0.0016815583368024814,0.020143910263392153,0.0238987807202851,0.03125586090025144
1782,71.1262874812897,17.279897962092694,0.0017625830372711912,-0.00036960979964562306,0.0018009193117045014,0.019359522571559363,0.024666970033309133,0.03135682580911032
1783,44.118074340512706,3.2271297508665775,0.00013054824668881637,7.547708703294591e-06,0.00013076625183966177,0.007161213724695959,0.0026778747541325444,0.007645521251660623
1784,43.5605535110706,4.259124297624152,0.00016410202712043367,5.4784613394647625e-06,0.00016419344945424455,0.008761611878363447,0.0031574279464317246,0.009313173140449367
1785,45.35956684581531,3.2278102457920204,0.0001393206835701051,8.526228314981009e-06,0.00013958133628720043,0.0073729939948507656,0.0028482846208771665,0.007904034775330308
1786,85.8959516546444,2.4437133265922992,0.0006377909721708352,-2.95000868311366e-05,0.0006384728493097132,0.0055406278564537744,0.006757878919332025,0.008738849153753813
1787,86.84865704719031,1.7057134605027704,0.0004801061384429022,-1.2067972687851059e-05,0.00048025778508562454,0.003874447642170146,0.004800746131317896,0.0061691577990258565
1788,64.25258887334004,5.631649764308009,0.0004952095612825169,8.073772159255849e-06,0.0004952753732849055,0.013850652168748818,0.008980608116534299,0.01650732830116455
1789,63.002622841201706,5.622375269556691,0.00047317195944658955,1.1345043995726056e-05,0.00047330794756668724,0.013779722440370887,0.008636276601391074,0.016262411385443303
1790,68.97857142877149,1.05965046111961,0.00011118420780308232,6.19228756713392e-06,0.00011135651076660525,0.0032232161649513587,0.002115971925033663,0.003855704816701404
1791,81.3335566846853,19.274255243144907,0.0025832925321678073,-0.0009245304577831957,0.0027437486900448384,0.01628120824683,0.03800062113534108,0.04134156441946018
1792,82.13148972700435,18.624283732160862,0.0026082477664899004,-0.0009323089581455037,0.0027698657737944467,0.01670044859204503,0.03850259945610737,0.041968501856189465
1793,105.83333333334073,28.6,0.013998482706011688,-0.010413721102274554,0.017447151780920194,0.012758089923369183,0.06011709001660283,0.061455946584176066
1794,105.20376068862029,27.523501968448592,0.013661924468595342,-0.010376877001945131,0.017155983110830515,0.011763189857814813,0.06047560852696883,0.06160902419563373
1795,106.42042735527954,27.523501968448592,0.013646743914531856,-0.010696019553378715,0.017338928852586945,0.011712711582137776,0.059377294498131505,0.060521489691878726
1796,65.205440005019,1.0702220511372744,9.766441296145574e-05,7.561384565351571e-06,9.795668479308036e-05,0.003257778985584113,0.001956323747517672,0.003800042963443314
1797,103.40000000000278,28.6,0.014342928435543191,-0.008883299546121864,0.016871058263583892,0.012635722608659571,0.06254790854534338,0.06381145938810388
1798,102.7953843078457,27.54170080911874,0.013090338596250351,-0.008377323922796862,0.015541445256859037,0.011276312517370145,0.06303966455301216,0.06404025711180192
1799,104.01205097452439,27.54170080911874,0.013527007516475228,-0.009618095018250231,0.01659782166824512,0.011672296884133874,0.0616683862190294,0.06276330435382395
1800,191.4,3.650000000005786,0.0,-3.3698111015157463e-06,3.3698111015157463e-06,0.0,0.0015352121062674542,0.0015352121062674542
1801,190.28099538821738,4.281751552215442,-5.571869204766639e-06,-5.239123195840297e-06,7.648146069226102e-06,-4.828225385587383e-05,0.0016839812250244877,0.0016846732449565338
1802,190.28099538821738,3.0650848855487167,-4.2675372910961205e-06,-1.985507805097402e-06,4.706815884969234e-06,-3.7051397984292726e-05,0.0013667533263693073,0.0013672554484199931
1803,0.0,3.650000000005786,0.0,-2.963458497394977e-07,2.963458497394977e-07,0.0,0.0015452587231122709,0.0015452587231122709
1804,1.1190046117830408,3.065084885549557,3.7592932717557325e-07,-1.7382526601624683e-07,4.141715612355563e-07,2.4367628723186187e-05,0.0013726678116641857,0.0013728840819634174
1805,1.1190046117830408,4.281751552216282,4.896919834341781e-07,-4.595690994263062e-07,6.71566821535434e-07,3.174696977638465e-05,0.0016995574971730096,0.0016998539808721711
1806,26.72104417368845,5.363657566830241,4.58117773360139e-05,-7.919943955851856e-06,4.6491337418365925e-05,0.002926177163086458,0.0013128236501292944,0.0032071823655831474
1807,164.98041840617444,5.490606164162152,0.00047382022316291416,0.0012954723889375922,0.0013794036082227078,-0.0033896054205386173,0.002418465582109902,0.0041639405229655915
1808,68.3571428573413,0.0,0.0,0.0,0.0,0.0,0.0,0.0
1809,67.73571428591123,1.05965046111961,0.00010595331608887447,6.690300766667638e-06,0.00010616433164946417,0.003228358933068653,0.0020566057407471064,0.003827783767873797
1810,58.00388281839878,5.593257895135416,0.00039584565682221004,1.659894950319137e-05,0.00039619352487088474,0.013345945062583757,0.00731313682768121,0.015218285707460318
1811,59.253837867182895,5.603862409662012,0.0004142920148634717,1.6307770861515386e-05,0.0004146128519114027,0.013484467453384929,0.007642094671759128,0.015499434617866764
1812,80.87906521737833,22.533282608691476,0.002761057275810809,-0.0009608421794676126,0.0029234662601357103,0.0118019659430652,0.03877323359621362,0.04052961933731699
1813,80.65356853330557,21.37056251881037,0.002649945132157449,-0.0009582452824682041,0.002817879206924514,0.013730673581055735,0.03815645220927413,0.04055177236802508
1814,62.389673912978964,16.588586956500997,0.0012606998418823075,-0.00017465061090145338,0.0012727399291333347,0.01902098776541105,0.015987005631259227,0.024847179409861215
1815,63.494779136946654,15.77730529127675,0.001259553819353526,-0.00016061067775800878,0.0012697525797012352,0.019718968880170232,0.016995648037804876,0.026032475601103763
1816,69.32319565213311,18.817847826073837,0.0017989354753083012,-0.00036267463195659546,0.0018351298953991119,0.017901263695464027,0.022962644543192946,0.029115945567876843
1817,69.09556345769252,17.647390722603326,0.0016856893848563523,-0.00031841989358906094,0.0017154999069806608,0.01902839446329104,0.022632627808875296,0.029568828813222897
1818,70.25115041421853,18.018934200865566,0.0017776150645571163,-0.0003656709416457464,0.001814836233742452,0.018731620031806447,0.023933777600885057,0.030392421740700427
1819,67.01202173908126,18.074760869549404,0.001611658240230275,-0.0002823797568686609,0.0016362092196266808,0.018498567130992887,0.020452806161524874,0.027577423117121736
1820,66.75741926424371,16.68291078083139,0.0014862430573734757,-0.00023343256348490159,0.0015044630893730792,0.019604522844246134,0.020117893364763148,0.02809033551573476
1821,67.91300622076957,17.054454259093582,0.0015751019351014396,-0.0002693014138631601,0.0015979578709931612,0.019435441343617195,0.02131683864383807,0.028846906073071554
1822,73.94554347822817,20.30402173911992,0.002134707311422075,-0.0005666751355692915,0.002208641214573191,0.015985839813779178,0.028614376809087162,0.032776968052646856
1823,73.68951609075148,19.117482339358933,0.002047167231778925,-0.0005310511697644007,0.0021149252988646016,0.017520743629904734,0.028122445499746112,0.03313379540938583
1824,74.84510304727397,19.489025817620046,0.002146621547340303,-0.0005884175670580567,0.0022258075614770023,0.017012071893500423,0.029647830306577746,0.03418193136727732
1825,41.58910869563546,9.900804347820714,0.00029811009962533996,-3.8323786829297076e-05,0.0003005633779015127,0.01257331215235393,0.002977561152771347,0.012921069959528275
1826,41.29437638839998,8.763889580291652,0.000266869687074546,-2.6076785599321367e-05,0.0002681406881218497,0.012148582822120224,0.003121201709394096,0.012543124200000541
1827,42.44996334491961,9.135433058551843,0.00029677008237291927,-2.87674390693389e-05,0.00029816110970788494,0.012838746467236884,0.003570548301548599,0.013325998124856507
1828,36.96676086955664,8.414630434779848,0.0001885018328255366,-2.559198608529864e-05,0.00019023115078865678,0.009699217800168169,0.0014064423634085178,0.009800658450159826
1829,36.71073348208041,7.228091035022283,0.00016343698489460802,-1.539041832263749e-05,0.00016416002256209062,0.009052699378876492,0.0016705952242676923,0.009205555629491186
1830,37.86632043860007,7.599634513282487,0.0001869224777341725,-1.792933819654897e-05,0.00018778038728911077,0.009885547902857136,0.001984556785773457,0.0100827834934428
1831,39.27793478259606,9.157717391300288,0.0002400520101398483,-3.176554315161852e-05,0.00024214462063795506,0.011201457512267206,0.0021257190066669915,0.011401374114308886
1832,39.02190739511995,7.971177991542206,0.0002118324304336422,-2.0441858427036434e-05,0.00021281646590284048,0.010675580463528461,0.0023382040716872104,0.01092864202516146
1833,40.17749435163972,8.34272146980244,0.00023826160634822166,-2.2955196510338017e-05,0.0002393648556210021,0.011428352245030436,0.0027280872592463923,0.011749455099303741
1834,50.83380434778298,12.873152173899184,0.0006129047785262687,-7.079840545031867e-05,0.0006169802928413858,0.016910089339401895,0.007513685519291054,0.018504231720051435
1835,50.437071045100495,11.571935618005972,0.0005547198900320953,-4.872750973449499e-05,0.000556855929843748,0.01682249388295338,0.007451434989979142,0.018398918007640815
1836,51.59265800161934,11.94347909626591,0.0006017399026276432,-5.277911750539233e-05,0.0006040501184992629,0.017283841200531905,0.008125975600511735,0.019098760329019165
1837,57.7673260868938,15.102413043458093,0.0009615292361743223,-0.00011514607645912657,0.0009683992415021332,0.01870946946006496,0.012180746346903604,0.022325206136667785
1838,57.44175041333204,13.860822462047842,0.0008849167533711323,-8.505552140384448e-05,0.0008889949955529475,0.019043529839934552,0.012026508012162282,0.022523164158951586
1839,46.21145652170768,11.386978260859454,0.00043734576517613297,-5.292909735041306e-05,0.00044053695380050326,0.014981854086659915,0.0050246060208141,0.015801981443425685
1840,46.05254812283031,10.11926607949654,0.00039718568347056615,-3.5496100503048904e-05,0.0003987686551183572,0.01477274246705242,0.005166362798427634,0.015650087046493736
1841,47.20813507934841,10.49080955775624,0.0004350530350620725,-3.852137221846798e-05,0.0004367551252524859,0.015358718154529294,0.0057307179563845095,0.016393027531420044
1842,43.90028260867234,10.643891304340329,0.0003636090125208602,-4.534790437465443e-05,0.00036642590849661255,0.01383276152774822,0.003945173588871197,0.014384355603567305
1843,43.61041238029142,9.427603308664603,0.00032654297589021497,-3.061777322532007e-05,0.00032797524775585526,0.01347902023157038,0.004059942689307696,0.014077184414631594
1844,44.76599933680866,9.799146786924027,0.00036015170565584925,-3.344473026266597e-05,0.0003617012594243487,0.014117272761719896,0.004564550623553362,0.014836863301378088
1845,126.69973731783472,16.936719478379743,0.022281905341400753,-0.01217844774149466,0.02539287094905694,0.001895608346506674,0.017764175866828037,0.01786502939350902
1846,125.36788808587576,16.882688785065675,0.021763396139030236,-0.011510823490553008,0.02462000139998012,0.001560263378756449,0.020377902072596082,0.02043754668964463
1847,154.6866855716799,3.2878080635678097,0.016930277681226215,0.004441494020419893,0.017503176040274866,0.009804210661871222,0.006408318886886401,0.011712774976852167
1848,153.42317357790844,3.2917301484516224,0.01950332648036539,0.0039054206625962367,0.019890501611361026,0.01190014835761349,0.006089379875150467,0.01336765043667355
1849,61.47563221486037,1.0609825521859557,8.571916128947196e-05,8.101801547054542e-06,8.61011835021933e-05,0.0032028135362471627,0.0017685116568951292,0.0036586401884500766
1850,60.23277507199873,1.0609825521859557,8.248185696919322e-05,8.134420424727246e-06,8.288199759135073e-05,0.0031868327945443996,0.0017124882815948987,0.0036178058785655593
1851,54.28415621222955,5.5514379694607925,0.00034304403164771985,1.4626356345518582e-05,0.00034335570178616216,0.012822931505101486,0.006343821793301757,0.0143063498954029
1852,65.87142857161865,0.0,0.0,0.0,0.0,0.0,0.0,0.0
1853,66.44829714788139,1.0702220511372744,0.00010201092836414124,7.200853421889398e-06,0.00010226476321645444,0.003260639054998699,0.002015124710692713,0.003833079003441906
1854,94.0850888863398,20.94414996675117,0.00375796265919369,-0.0019294123186217663,0.004224324235087019,0.009343940491952418,0.05661739835728174,0.05738326429076928
1855,92.83514517720425,20.932172005472403,0.0036892012163545398,-0.0017934519526999326,0.004102033096087234,0.010163366570420251,0.05520997845823457,0.05613764994549968
1856,152.70834487318479,4.340334043715654,0.027236130955857016,0.005309680306815442,0.02774886546158557,0.01751027681526419,0.008004432008739673,0.019253070558477546
1857,102.21682218032012,26.47060536977584,0.0115784478013054,-0.0077661494016856535,0.013941790775106915,0.009891331792648707,0.06321441011859258,0.06398359235986897
1858,55.2542835633985,1.050543936209055,6.981234279829912e-05,7.527488417904466e-06,7.021699430244015e-05,0.003063979860297273,0.0014788619013885577,0.003402205917884142
1859,56.497140706259785,1.050543936209055,7.26840979634923e-05,7.749896569584548e-06,7.309609424316598e-05,0.0030919413420063117,0.0015325103236461459,0.0034508968623373558
1860,85.2716493162583,21.677375355678983,0.003034983597380053,-0.0012898968869370104,0.003297720336125512,0.01238576900329753,0.04526935782413803,0.04693316558269742
1861,85.23132957946754,22.99909262887456,0.0030827934929789427,-0.0012632485018062248,0.0033315780791794425,0.010347459424893044,0.04584777209058926,0.04700093746108074
1862,156.7945652173849,7.763043478263565,0.04001153736839883,0.02284234958715106,0.04607272574142316,0.02904367505937886,0.02362271888854733,0.037437520065331735
1863,155.85826733943736,7.057760476735922,0.04056568190541672,0.0171170226833142,0.044029160950358186,0.029353317301268403,0.018663891400341262,0.03478445168164471
1864,156.9637021220525,6.594716998472357,0.03378895391037408,0.017860633608845523,0.0382190481208887,0.0239009121332516,0.019169437014011078,0.030638552776453908
1865,139.1076086955622,15.171739130472481,0.027547829638236626,-0.010065217800983139,0.029329021926387797,0.006687525748483081,0.0031030647724748783,0.007372381678860554
1866,138.22837306631584,14.455477824197173,0.028030731771178347,-0.01044491102752714,0.02991351015846695,0.006502614258182285,0.00375129301772764,0.0075070760949631846
1867,139.33380784893077,13.992434345933699,0.029110966446635002,-0.00961855686678895,0.030658848700770906,0.007667654978438021,0.003377914815105642,0.008378737456590674
1868,145.74021739123373,12.393478260899151,0.03496318479428751,-0.0035589396670221317,0.03514385212968267,0.015573872580092477,0.003446350500098141,0.01595063757065789
1869,144.78649258469449,11.667665396061459,0.03582327120457703,-0.004465886044824993,0.036100566449323766,0.015974224468855127,0.003477461874921095,0.01634835124631532
1870,145.89192736730948,11.204621917797944,0.03734737445863816,-0.0030660398106009887,0.037473016679658015,0.018048708149533035,0.004008974886051626,0.018488584194145664
1871,147.95108695646385,11.467391304372072,0.03782960507048041,-8.992076948868507e-05,0.037829711940924195,0.01953935993586606,0.005272171013343707,0.020238141562338902
1872,146.96260336723418,10.679865840088432,0.03899700270835389,-0.0014996457811144314,0.03902582680359476,0.020313332551537753,0.004785097073291528,0.020869322781302376
1873,148.06803814984931,10.216822361824867,0.040465075058321136,0.00027651665737079916,0.040466019830684694,0.022476630908503957,0.0057895871042481645,0.02321030494919858
1874,150.1619565216941,10.541304347844944,0.040550980218250036,0.004220194032506877,0.0407699893835271,0.023638530934440172,0.008128342594055331,0.0249970017815101
1875,149.21460633318355,9.834254407047032,0.04176175338595156,0.002319361907968363,0.041826110093208184,0.024521319993379486,0.007070856785404185,0.025520426130795876
1876,150.3200411157987,9.37121092878347,0.04301711389562876,0.0044681368870935385,0.043248541422241084,0.026598218140512202,0.008539250471766189,0.027935354067379056
1877,152.37282608692436,9.615217391317818,0.04267132643683674,0.009644744311907006,0.04374772214322872,0.027396783492292062,0.012281664577995021,0.030023707807829206
1878,151.4503102489959,8.963910444502616,0.043965009268228716,0.006977518478923081,0.0445152536113089,0.028413882203176435,0.010394988956518268,0.030255652319229928
1879,152.55574503161102,8.500866966239053,0.044645855619369186,0.00963710226218236,0.04567413013947085,0.030043240398891214,0.012475724912714873,0.03253060106673874
1880,154.58369565215463,8.689130434790693,0.043626867937329034,0.016138789584284222,0.04651627817513939,0.030264962699710265,0.01773135179067643,0.03507661334193451
1881,153.66360796478713,8.02756661031485,0.04479220567024465,0.012496479941370906,0.04650272787407834,0.031224158075119142,0.014821138040214388,0.034563191118690384
1882,154.76904274740227,7.564523132051287,0.0437817590679869,0.0155044362481574,0.04644598982108606,0.031328580140646226,0.017383300779154794,0.03582818833833853
1883,141.3184782607874,14.245652173947462,0.02969726212190244,-0.008268670982010997,0.03082690865697909,0.009002832776630585,0.002621656075695174,0.009376784021358463
1884,140.40518016296755,13.541868419615872,0.030253917687272307,-0.008745226188420219,0.03149251524592596,0.008971067635979855,0.0031489069460291993,0.009507663723758646
1885,141.51061494557786,13.078824941354327,0.031520796093688054,-0.007782599770766112,0.03246735969511209,0.010484390210582364,0.0030327787591270788,0.010914219399002738
1886,143.5293478260082,13.319565217424291,0.03220366621113358,-0.0061901202111684815,0.03279319602702401,0.012004945621112421,0.0026529264056364245,0.012294581647196837
1887,142.5982271498448,12.581970533082247,0.032917632511239796,-0.006759115433084214,0.03360440702620399,0.012195053574773688,0.0030508880689204734,0.012570888978138411
1888,143.7036619324553,12.11892705482062,0.034354285904038585,-0.005663400901208417,0.034817970500077004,0.014037345147777786,0.0031788365024232454,0.014392778060783784
1889,136.89673913033818,16.097826086996985,0.025827113048587293,-0.011551979679969073,0.028292896687170905,0.005141960084978307,0.004149051782326158,0.006607146449711402
1890,135.8341107590972,15.194392218955475,0.026269290113702784,-0.011874470820552555,0.02882843492709996,0.004663547394163303,0.005118965264398496,0.006924772897050538
1891,136.93954554170625,14.731348740694447,0.02715770059626791,-0.011233460894112604,0.029389306649461596,0.005481180621127426,0.004419146514756986,0.007040752581955401
1892,134.68586956512007,17.02391304351903,0.02457932344921309,-0.012662907028909107,0.027649454888728497,0.00441205242899367,0.0058466793663700025,0.007324606900668846
1893,133.59759097765482,16.34026222087082,0.024706533432065088,-0.01289482813779511,0.027869147581743907,0.0036903516360538013,0.007066114370485599,0.007971741810577413
1894,134.70302576026387,15.877218742609806,0.025334747054865804,-0.0124720991919798,0.028238319117621268,0.00405499930679927,0.005996391949818644,0.007238766178983294
1895,110.36630434781378,27.210869565222545,0.013839704815398401,-0.009199269857793659,0.016618182671215065,0.011710369724717336,0.05558341805669837,0.05680360131149502
1896,109.42452416312958,26.385189897016453,0.014046711059172889,-0.009926678042593486,0.017200262455590542,0.010756534050248177,0.056328494816495926,0.057346336875742615
1897,110.52995894573495,25.922146418756977,0.014737480956851899,-0.009188945470561503,0.01736750021777818,0.01073231862555683,0.055166816017750524,0.05620106985295573
1898,123.63152173906259,21.654347826115377,0.023275626471217326,-0.011028606345995454,0.025756260317883185,0.0101934042693383,0.02605359462457658,0.027976691789057723
1899,122.68076007250197,20.969244485571952,0.022677502939502513,-0.010578556232294785,0.02502348879614847,0.008350075053207721,0.02827497024478977,0.029482158939567987
1900,123.78619485510544,20.506201007313273,0.022778690401113022,-0.011200616460802695,0.025383509321836546,0.00751511247757628,0.025419035045323366,0.02650668327395942
1901,121.42065217385583,22.580434782632665,0.02302021537649557,-0.009751393820811928,0.025000399945377116,0.011959598936167541,0.031881336545215425,0.03405072138183372
1902,120.52649847009772,21.887439270671603,0.022366409353467325,-0.009323620859475513,0.0242319246717655,0.009987589097220181,0.03404455237331043,0.035479338808297824
1903,121.63193325270103,21.424395792412994,0.022565319467566847,-0.009963728085626709,0.024667174950481412,0.009188189017299264,0.03106764516846244,0.032397860943758405
1904,130.26413043469006,18.876086956560503,0.02352799397268461,-0.01341986063774267,0.027086143319326923,0.005385487409171472,0.011604490212275779,0.012793266499262369
1905,129.32794850700265,18.20820169297376,0.023293730214533556,-0.013297867716444024,0.026822213799601213,0.004163736008102773,0.013172011524478215,0.013814433942299573
1906,130.4333832896061,17.74515821471509,0.023522467056746384,-0.013392447336565265,0.02706776869448963,0.0038114375963644656,0.01128233922590586,0.011908746153957374
1907,116.99891304344288,24.432608695666996,0.02085988996997616,-0.007475932210285597,0.022159074258016685,0.013899424676242708,0.043709618038712574,0.045866378922045856
1908,116.01069638248863,23.683698324485338,0.020139990261127047,-0.007377425847859017,0.02144867408160585,0.011748961390314257,0.045788775995811895,0.04727208585355352
1909,117.1161311650917,23.22065484622682,0.02098653559452788,-0.007640157670823952,0.022333980511665085,0.011581564713484628,0.04310791509866186,0.04463658796733988
1910,69.89170183101515,15.830956228901837,0.0015760222814562921,-0.0002809636695887468,0.0016008706428926325,0.02025600900121334,0.022782927166019148,0.030485532157227782
1911,70.80362876283397,15.040621967528395,0.001557631886973665,-0.00027854408554539513,0.0015823412725797998,0.02056042089691561,0.023105253297121126,0.030928686318407554
1912,93.64142911162136,1.0247908739933649,0.00047225794502434243,1.220111696121094e-05,0.0004724155309615847,0.001714984244672817,0.00315093082007702,0.003587413551904385
1913,10.767857142848897,7.3,7.903103441218992e-06,-2.7301978088674534e-06,8.361400844245664e-06,0.000512295055159052,0.0019075103667187605,0.0019751055725403532
1914,10.239285714281747,6.327613409146003,7.001983520005641e-06,-1.9590382386724275e-06,7.270873677558382e-06,0.0004536652101818036,0.001920631248223627,0.0019734833454028307
1915,11.435714285710754,6.327613409146003,8.222090184047516e-06,-2.198775363707994e-06,8.51101522115075e-06,0.0005325724878297961,0.0019046744199379218,0.0019777305430111244
1916,27.51785714285497,7.3,5.6259071151957066e-05,-1.5994243524177247e-05,5.8488451106108576e-05,0.003610929339108439,0.0009208561819587214,0.0037264979269933454
1917,27.156758459392336,6.351142717042,5.204295104289762e-05,-1.181706218478175e-05,5.336770289165946e-05,0.003325620300178611,0.001158939826630362,0.003521773970985374
1918,28.35318703082134,6.351142717042,5.95018532511685e-05,-1.2876977575579504e-05,6.087928294424606e-05,0.0037822974864682216,0.0010456949783760668,0.0039241881025181185
1919,15.553571428564918,7.3,1.445308160315001e-05,-4.464444788365187e-06,1.5126891124605688e-05,0.0009362447810686437,0.0017922555702467736,0.002022061897954378
1920,15.055952380951462,6.320711210582125,1.2950190236218342e-05,-3.188027744883753e-06,1.3336826761130005e-05,0.0008380363634972377,0.0018378880251023974,0.00201993498394341
1921,16.25238095238047,6.320711210582125,1.4941515757272913e-05,-3.6374069931418445e-06,1.5377893963693208e-05,0.0009665787363088406,0.001807503544217755,0.00204971791128539
1922,25.124999999996962,7.3,4.327400126765855e-05,-1.2810428475170527e-05,4.513032531935455e-05,0.0027970917280052605,0.0011886868018652563,0.003039193716728847
1923,24.689285714293078,6.312514849788242,3.938714293284795e-05,-9.312488400304501e-06,4.047307090669548e-05,0.0025332953513590114,0.0013831225454538094,0.0028862801861496055
1924,25.885714285722084,6.312514849788242,4.501889360390308e-05,-1.0485081311325584e-05,4.622377863637561e-05,0.0028881907479903503,0.0012812274413364663,0.003159618577172037
1925,29.91071428571298,7.3,7.321393702628114e-05,-1.873251520432542e-05,7.557240039041067e-05,0.00461991911915735,0.0006565648259184967,0.004666340111713784
1926,29.504836470571842,6.452261776165788,6.819910987324908e-05,-1.3998701169317795e-05,6.962098980861562e-05,0.0043046787620989735,0.0009279752377511954,0.004403566428106353
1927,30.70126504200085,6.452261776165788,7.830113759783094e-05,-1.422353990354619e-05,7.958251841015226e-05,0.004894941124895984,0.0008565790596303779,0.0049693235255510605
1928,13.160714285706907,7.3,1.0779847277274748e-05,-3.464981340244532e-06,1.1323038594370797e-05,0.0006984941562862324,0.0018588513456623433,0.001985754871991183
1929,12.675992063490892,6.34402859052841,9.66491710924504e-06,-2.5003532973577115e-06,9.983105195287942e-06,0.000625844331257819,0.0018858182217120385,0.00198695533223792
1930,13.872420634919896,6.34402859052841,1.1221277126689604e-05,-2.8343888637789123e-06,1.1573712480664155e-05,0.0007264037951809683,0.0018634781728235628,0.0020000533428494245
1931,20.33928571428094,7.3,2.5295027479226625e-05,-7.606423407801287e-06,2.6413937461756385e-05,0.0016386920884354176,0.001577248980631496,0.002274428743136158
1932,19.872619047622308,6.315678357462952,2.280781135184369e-05,-5.461419728806677e-06,2.345257691844307e-05,0.001473612385205935,0.0016804057166495093,0.0022350160702734726
1933,21.06904761905131,6.315678357462952,2.6150155972946756e-05,-6.268052927596362e-06,2.689087475171814e-05,0.001688565952917794,0.001622259257027906,0.002341576407970902
1934,22.73214285713895,7.3,3.316885673182489e-05,-9.939474312750359e-06,3.462609141254828e-05,0.0021483477323032585,0.0014091448222176323,0.002569258085299201
1935,22.329960317468757,6.330607648877225,3.0224825484756208e-05,-7.257479855129036e-06,3.1083936195912704e-05,0.0019499778038923358,0.0015496631548503673,0.0024907567784056258
1936,23.526388888897763,6.330607648877225,3.4589484275727826e-05,-8.294896014714084e-06,3.5570180240698e-05,0.002228903014273012,0.0014693707306117653,0.0026696552195019253
1937,17.946428571422928,7.3,1.9184638492378324e-05,-5.812935810817893e-06,2.00459616088611e-05,0.0012426808223943962,0.0017012544041361025,0.0021067800487804367
1938,17.502976190479814,6.336071889406497,1.734472947846513e-05,-4.1985163476546995e-06,1.784564877505609e-05,0.0011216503892885223,0.0017704046426699142,0.0020958130151753234
1939,18.699404761908816,6.336071889406497,1.9937161452145092e-05,-4.813451770303238e-06,2.050999085114217e-05,0.0012888071714879058,0.0017278885101595226,0.0021556026138460564
1940,168.66785714285714,7.3,-0.0001741926231711528,0.00027064983455668654,0.0003218608440192889,-0.0030637070929529853,0.0014493460954304858,0.0033892337269285557
1941,167.87361111111795,6.330607648878832,-0.00024574502921850816,0.00024039469941976245,0.00034377351686062636,-0.00324530725118677,0.0015135376050615529,0.0035808958706643355
1942,169.0700396825465,6.330607648878832,-0.00031854711961493143,8.695874291948769e-05,0.0003302031047478309,-0.0029431334790542005,0.001466414152747423,0.003288222185757469
1943,166.275,7.3,0.0012432415427641582,0.001775668031650404,0.002167636153112377,-0.00251521958099156,0.002664704256144254,0.003664284147458636
1944,165.51428571429153,6.312514849789186,0.0008648375135973585,0.0015337424478096893,0.0017607696672587584,-0.0030205225408828588,0.0025633350810975713,0.003961596036696186
1945,166.7107142857201,6.312514849789186,6.369237210886863e-05,0.0006201022960431546,0.000623364721349265,-0.0033448422946206276,0.0017810316268973476,0.003789464821302818
1946,161.4892857142857,7.3,0.011630331115264412,0.012446484073382204,0.01703465783746901,0.005437365255913276,0.01270164677548439,0.013816539788796104
1947,162.48423488796067,6.105931262252285,0.005452168463730527,0.006225479974567063,0.008275430011221968,0.00011788266563074034,0.006992111066642961,0.006993104710436357
1948,171.0607142857143,7.3,-0.00027727668249124095,4.04780608270251e-06,0.00027730622673757544,-0.002482562966395128,0.001406991460033416,0.0028535493426123794
1949,170.33095238095717,6.3156783574645265,-0.00028969762542832003,3.7348421284957856e-05,0.00029209522206172066,-0.0025627120390560153,0.0015140446466898909,0.002976545680363894
1950,171.52738095238573,6.3156783574645265,-0.0002542628569718571,9.634752576574744e-06,0.00025444533576527367,-0.002238009290855181,0.0015642188257884945,0.002730469945065363
1951,175.8464285714286,7.3,-0.00015332478053993524,-4.510070830435783e-05,0.0001598204061350555,-0.0014134066146136682,0.001646455839278413,0.002169915917478752
1952,175.1476190476226,6.320711210583877,-0.0001633270616996003,-3.3575048375451746e-05,0.0001667423550176708,-0.0014643939721451186,0.0016915763346231837,0.0022373824441771603
1953,176.3440476190512,6.320711210583877,-0.00014233498891540902,-3.421440226890674e-05,0.0001463894613425713,-0.0012702928680477696,0.00173171121147803,0.0021476656375171007
1954,180.63214285714287,7.3,-8.87489477308165e-05,-3.2659642496290044e-05,9.456758414653868e-05,-0.0007780204591961066,0.0018135526719236697,0.001973395330076871
1955,179.96428571428817,6.327613409147475,-9.231751554011382e-05,-2.7134767227269537e-05,9.622275857601079e-05,-0.0008089623805945218,0.001828123673343166,0.0019991138782607825
1956,181.16071428571675,6.327613409147475,-7.903738384661065e-05,-2.413458315317116e-05,8.264010012877407e-05,-0.0006894602117021116,0.001852490489753638,0.0019766325905812626
1957,185.41785714285714,7.3,-4.272145951302362e-05,-2.1416044122920798e-05,4.778880673126089e-05,-0.000368705985367897,0.0019037831479431836,0.0019391581622030137
1958,184.80385133601857,6.364783590620448,-4.5517246387545584e-05,-1.7317270178703124e-05,4.8700180339981614e-05,-0.0003939301289725865,0.0019060658121220178,0.0019463473037083401
1959,186.00027990744712,6.364783590620448,-3.623807642101233e-05,-1.578519944257114e-05,3.952683524059165e-05,-0.00031329101616947835,0.001917650710805361,0.0019430737272334293
1960,173.45357142857142,7.3,-0.00019874849784851014,-3.828952060497563e-05,0.00020240319361412778,-0.0018713817701523996,0.0015310365863662858,0.0024178798064525163
1961,172.70059523810082,6.33607188940865,-0.00021859177681591473,-1.5313452963533632e-05,0.00021912751249718743,-0.001953555136424364,0.001602496353191588,0.002526731531651583
1962,173.8970238095294,6.33607188940865,-0.00018916651768129274,-2.7357567821188332e-05,0.00019113452835308893,-0.0016990565564484537,0.0016475551254338575,0.0023666920106667558
1963,178.2392857142857,7.3,-0.0001182582533993616,-4.014324476300145e-05,0.00012488592633747752,-0.0010582033048560564,0.001740803970355078,0.0020372021739661194
1964,177.52757936508337,6.34402859053054,-0.00012416705278384837,-3.3137513938675774e-05,0.00012851284693392689,-0.0011017928931530614,0.0017664992716714507,0.0020819383411182857
1965,178.72400793651195,6.34402859053054,-0.00010774696985493479,-3.040190696268388e-05,0.00011195394347627024,-0.0009499676394324073,0.0017991742448761768,0.002034567885177229
1966,163.88214285714287,7.3,0.005166885651029588,0.005856942291017473,0.0078102804258953756,0.0003253527878736683,0.006405945539208223,0.006414202420245162
1967,163.34827554902577,6.478091314372966,0.004436295654992984,0.0052212000585291065,0.006851397608495216,-0.0005250011661076387,0.0059591341564873964,0.0059822158201981585
1968,164.54470412045436,6.478091314372966,0.0023063881956826857,0.0030130047407175287,0.0037944201239149492,-0.002054813495783921,0.003890624459361767,0.00439991104299164
1969,183.025,7.3,-6.382268989816393e-05,-2.6126746246172617e-05,6.896334254695818e-05,-0.0005533717974979558,0.0018668352892982393,0.0019471246348488735
1970,182.35837998457697,6.359210858489006,-6.705977547605854e-05,-2.1640378212408077e-05,7.046502292680708e-05,-0.0005829271935840386,0.001873467426591381,0.0019620612405117977
1971,183.55480855600558,6.359210858489006,-5.605462830077983e-05,-1.9293425406602746e-05,5.928201766015333e-05,-0.0004860307748865996,0.0018910837601384155,0.001952542880962187
1972,8.37499999999195,7.3,5.6115783928195715e-06,-2.2021573050650008e-06,6.028209423619142e-06,0.0003638983791541475,0.0019423783198675407,0.0019761719479444257
1973,7.84519144399447,6.359210858487399,4.930304683646092e-06,-1.6065211665571466e-06,5.185442558950849e-06,0.0003195945812123376,0.0019464468331486613,0.0019725100685711954
1974,9.04162001542241,6.359210858487399,5.916161999499877e-06,-1.778351839580686e-06,6.1776620229392925e-06,0.0003834164321038585,0.0019350427671445403,0.001972662837660215
1975,5.982142857138178,7.3,3.7357720517425686e-06,-1.8374569782465334e-06,4.163200808210885e-06,0.00024233551049907852,0.0019664224105067508,0.0019812984621686933
1976,5.39972009255216,6.364783590620773,3.1759262848238094e-06,-1.3514699785185263e-06,3.4515183426242473e-06,0.00020594558501904977,0.001963771842822564,0.0019745413225991416
1977,6.596148663977994,6.364783590620773,3.994432844251546e-06,-1.4647568712291003e-06,4.254527757465963e-06,0.0002589817974232254,0.001956265537618407,0.0019733338351809607
1978,132.47499999990225,17.950000000040937,0.023866027576228306,-0.01332604617145462,0.027334424794259533,0.004552566972108853,0.008287125159068666,0.009455279447885462
1979,131.43886118290945,17.29157609333965,0.023796463497507372,-0.013352558085471256,0.02728667224881196,0.0035863372551540214,0.00975260836469645,0.010391110856056384
1980,132.5442959655182,16.828532615078757,0.02419916303259366,-0.013188657395807393,0.027559756446348227,0.0035597921459675566,0.008272706165827096,0.00900609723623979
1981,91.3680646885287,24.074136299225536,0.0037880495885781428,-0.0017072100203320232,0.004154983241729033,0.007650347072459937,0.056249191899429465,0.05676706263026067
1982,90.68159663295324,23.006726801892547,0.0036565336724614216,-0.0016723137340240012,0.004020804860080816,0.00920519875776998,0.05449945423932134,0.05527138677972474
1983,104.5991449964632,26.465202777567328,0.012990855389811661,-0.010196296450852179,0.016514441712412183,0.010725638544224269,0.06053095587633704,0.061473863889334394
1984,154.93817965206986,6.396196652260079,0.0389704839963872,0.013468642405550965,0.041232304703487974,0.027719993562379343,0.015556015727438068,0.03178659573484793
1985,153.93162437658515,5.677293415083028,0.036257886941948377,0.009890946779653076,0.03758277788685983,0.025196016297678116,0.012412135985444349,0.028087370061898355
1986,155.02084896862027,5.170530759767665,0.029144377885585646,0.009512805636697964,0.030657596667374405,0.01935501074092969,0.011692142316482456,0.022612444200713542
1987,157.06814861066687,5.515174062329898,0.024128222570385063,0.011850964073386792,0.026881526628425394,0.015268884451239513,0.013445584934079937,0.020345087530036852
1988,60.90000000016853,0.0,0.0,0.0,0.0,0.0,0.0,0.0
1989,97.64755368787111,3.6385859590018157,0.001959210690931378,2.7997596733690327e-05,0.0019594107269489645,0.0038188989608585514,0.011726373075862306,0.012332551025134862
1990,134.74583217163195,14.510741396307267,0.026286832197125562,-0.012074360351806632,0.028927283399329377,0.004129986335486127,0.006009234278742094,0.007291617361608544
1991,117.29325227578144,17.853154703556946,0.019179845530635026,-0.007147680449137345,0.020468410059943605,0.0029740621156230974,0.038144490490256755,0.03826025614431864
1992,117.92840679372233,18.85896134706927,0.01988187225824429,-0.0076761315115185524,0.021312246232513172,0.004151229481024334,0.038059460908754464,0.038285183437841
1993,3.7285714285774816,0.0,0.0,0.0,0.0,0.0,0.0,0.0
1994,4.3497841838329006,0.9339332108498629,5.040420674091203e-07,4.4910526614474174e-08,5.060388928914946e-07,3.2662710480165585e-05,0.0005024674937519496,0.0005035279882323094
1995,3.1069270409755685,0.9339332108498629,3.535450109609374e-07,4.257906590227389e-08,3.560997776304831e-07,2.2912965983277746e-05,0.0005023435908138681,0.0005028658740080916
1996,187.67142857143355,0.0,0.0,0.0,0.0,0.0,0.0,0.0
1997,188.29307295903214,0.9339332108491655,-4.005746540728866e-06,4.6416419023281934e-07,4.032549286004545e-06,-3.483344942179662e-05,0.0005037467160641789,0.0005049496243627332
1998,187.05021581617666,0.9339332108491655,-5.731651962377649e-06,4.739950138869812e-07,5.751217739837127e-06,-4.967709599463223e-05,0.0005039302230987301,0.0005063728701449119
1999,119.72301773449462,17.95823468347801,0.02005987377699011,-0.008426858141533818,0.021757997933778517,0.0026484540065172535,0.03331855278199827,0.033423648336341774
2000,119.12028666401878,16.785119431007413,0.019211151551928096,-0.007784046521093768,0.020728234951237438,0.0012547527336787129,0.03320211207707087,0.033225813019413825
2001,117.87984408734833,16.769966044745694,0.018742959779514297,-0.007143214654360664,0.020058017272272043,0.0015054200339629474,0.03554950388545129,0.035581364729031596
2002,82.88943200342587,14.31706592765337,0.0023322276854936055,-0.000699356949143803,0.0024348277391426664,0.018370046128108913,0.03341312881771797,0.03812998521030744
2003,81.63951445283335,14.301920597966802,0.0022211960241311952,-0.0006377299051020004,0.002310932973817639,0.01883867578903045,0.032215084319729165,0.03731899467042838
2004,68.84096098285497,16.25554063388531,0.0015568812969178232,-0.00026673667350318037,0.001579565707934958,0.020007705381788136,0.021990896987995615,0.029730587363539736
2005,41.03834900092387,7.5773501805335695,0.0002337546195957975,-1.5352134796750095e-05,0.00023425821271663792,0.011440707873120896,0.0031557043277245286,0.011867951231872743
2006,43.31568007305593,8.290688541135541,0.000289929110291999,-1.9138408949078518e-05,0.0002905600930819859,0.01286055829064294,0.004011415061928177,0.013471652101583128
2007,22.747817460352337,4.410706622639386,2.5765117002466385e-05,-3.451775204549876e-06,2.599530738832545e-05,0.0016518151233526665,0.0015041081118771552,0.0022340175500544404
2008,23.61428571433833,3.4554526860121646,2.3747214113407737e-05,-2.014878848391439e-06,2.3832538994444693e-05,0.0015186769532748814,0.001340831786295438,0.0020258848850683723
2009,23.99067460321356,4.405961361127229,2.9705101651015826e-05,-3.930171084667454e-06,2.9963966841056598e-05,0.0019021984736094808,0.001456934585527185,0.0023960420320828075
2010,168.6521825397045,4.410706622645115,-0.00021405863478680866,0.00010869373895440774,0.00024007379701808623,-0.002441807146887882,0.0015270268578628735,0.002879971035831315
2011,167.40932539684752,4.405961361131831,-0.00020742608045242524,0.00022314948228103245,0.0003046658338149337,-0.0027739360174419275,0.0015802797676688156,0.0031924920004543457
2012,167.78571428574472,3.4554526860192825,-0.00016206752299640368,0.00014956383688607885,0.00022053395047991008,-0.0022138112606352738,0.001436176365274609,0.0026388563526438735
2013,111.60482266202564,1.9716546602358211,0.0015679598798810177,0.00012897133416915114,0.0015732551572945396,-0.0018215962478339075,0.006172521829526153,0.006435700321340285
2014,83.21564610677248,18.34106135470526,0.0026812784135804672,-0.0009786444947765295,0.002854294830302048,0.016610125412945743,0.03960722517679782,0.04294913913502054
2015,44.03751974146026,7.4372908877588095,0.00027652300591518575,-1.0710410457968108e-05,0.00027673034834030765,0.012575363514944458,0.00423622221219945,0.013269715376153636
2016,44.767624703687815,6.424688120122633,0.000254015470087382,-2.5394919109073227e-06,0.00025402816391667917,0.011893790211518275,0.004269510316983892,0.012636889013615647
2017,55.92857142872538,0.0,0.0,0.0,0.0,0.0,0.0,0.0
2018,36.53162719291039,3.173945939287233,7.941832183025639e-05,3.6885309600855596e-06,7.95039313680631e-05,0.005230615910172708,0.0016453477176385195,0.0054832938925148044
2019,110.91020088722789,24.779551420579132,0.015579873623927864,-0.00899030897627242,0.017987721301665968,0.009982194295293168,0.05423072916453237,0.055141782603265965
2020,50.3860011722723,9.642159641965165,0.00047782216799723345,-2.1825434911781016e-05,0.00047832036736758846,0.016244710982742886,0.0072098850964669135,0.017772818516405976
2021,50.08461133891898,10.597885979694553,0.0005087154388866873,-3.478123784891505e-05,0.0005099030616381682,0.016518485861306866,0.0072201981143553235,0.01802752439911634
2022,49.27468781225443,9.597783081287021,0.00045103444276453283,-2.3387985297660015e-05,0.00045164041716413755,0.01584900947976127,0.006686068543712513,0.01720158754478157
2023,48.011262329686076,9.888303397704867,0.00043346120666704763,-2.9266124322234054e-05,0.0004344480679184768,0.015509598823725506,0.006124676042910121,0.016675110563456687
2024,53.06636017306213,5.517788977730202,0.00032530646772475566,1.3399926803546558e-05,0.00032558233364526695,0.012588258451332598,0.006015864924191011,0.013951877351226188
2025,37.77467032083675,3.1752968103163126,8.687222756083215e-05,4.068894979735561e-06,8.696746419056452e-05,0.005612530356053218,0.00179752446638664,0.005893351440808315
2026,122.26629285568475,17.964586433576994,0.02100046577335562,-0.009976322184171943,0.02324965735275,0.002615951980769308,0.02772835879875054,0.02785148266139412
2027,123.20448583691768,18.810613738028113,0.02171342197241566,-0.010744344427724484,0.024226300397166656,0.004023330252238836,0.026109784019736994,0.026417948593255563
2028,152.74109212685866,7.376259663499647,0.044985768210191054,0.009512072505038925,0.04598041827563287,0.03137161364044051,0.012436225202025423,0.033746671534842745
2029,150.50296006048535,8.256860503704704,0.044719389700268106,0.004798054798535048,0.044976050793885745,0.02910029688091697,0.00885337868390788,0.030417258138730724
2030,148.2261227439539,9.04672894276339,0.04266620244352243,0.0008052963538014233,0.042673801484858186,0.025334761742379794,0.006216527286012018,0.026086306063543816
2031,143.85537190853108,10.930070711719413,0.03649262113557433,-0.005059986819374068,0.03684175435503589,0.016395571399494432,0.003567576901048592,0.016779224250864973
2032,139.52594453372126,12.825607113340563,0.030697883814009133,-0.0090883760264008,0.032014975393644465,0.009009448059435033,0.0035665528350332376,0.009689708636524698
2033,130.50267925522203,16.62369082975291,0.02361172127453459,-0.013183261726103597,0.027042776693328986,0.0026771493479377344,0.011077234019604624,0.011396150321764338
2034,52.05168209143605,5.391714720277205,0.00030561208378592636,1.2539945856885826e-05,0.0003058692465712591,0.012227138718989677,0.005670817912804515,0.01347817113163359
2035,51.43251396604517,6.443646306851843,0.00035126793190046884,7.396943051619146e-06,0.0003513458050811783,0.013630614019696737,0.006240146142047294,0.014991099440269915
2036,51.09288730078532,5.266328875092716,0.0002873278342146804,1.1673650723480954e-05,0.0002875648769159973,0.011868125561275342,0.005350354756547841,0.0130183985328116
2037,14.571230158735446,5.3647398011105345,1.120879573668018e-05,-2.1251045110527364e-06,1.140846926846527e-05,0.0007247477531994935,0.001798175655448532,0.0019387354109355593
2038,21.863293650810128,5.346286006340177,2.630784017021914e-05,-4.844017185849745e-06,2.6750083306760063e-05,0.0016926023084164348,0.0015977164513171292,0.0023275739372286422
2039,17.005357142866355,5.356783099988622,1.499030299561329e-05,-2.7738903889756796e-06,1.5244790972340172e-05,0.0009680527619142755,0.0017522507727740187,0.0020018763499619558
2040,19.42916666667919,5.35175024686945,1.988877646144139e-05,-3.659152121809656e-06,2.022258201574985e-05,0.0012823463005137035,0.0016884170000032177,0.002120180181102787
2041,24.287103174622885,5.343122498665467,3.467930718746223e-05,-6.312684474447678e-06,3.524917491624878e-05,0.002224645910074991,0.001472977904045245,0.0026680917021382356
2042,12.147420634923742,5.371641999674413,8.28660204976598e-06,-1.6545578911763387e-06,8.450167770313181e-06,0.0005363183552879524,0.001831138505139212,0.001908063312162949
2043,167.11289682540945,5.343122498668018,-0.00026061635456449146,0.00028163825552661285,0.0003837199385522707,-0.0032586649073186305,0.0016000796231035509,0.0036303101490728225
2044,169.53670634921795,5.346286006343359,-0.0002453386703713317,6.804846323291613e-05,0.00025460097511190817,-0.0025253853236264436,0.0015504364988317533,0.0029633468190033885
2045,171.97083333334368,5.351750246873177,-0.00021578902624732992,1.0947531921411406e-05,0.00021606654600826375,-0.001942686072665066,0.001614420882797949,0.002525942193269855
2046,179.25257936508584,5.371641999678015,-9.400624464978014e-05,-2.1202874179928455e-05,9.636771195086139e-05,-0.0008157618803437239,0.0017726804138012446,0.0019513747192419194
2047,174.394642857152,5.356783099992526,-0.00016876238492696707,-1.8458656898416852e-05,0.00016976885633334307,-0.0014720623986763414,0.0016704920558856947,0.002226546971068421
2048,176.8287698412774,5.364739801114417,-0.0001267378958088141,-2.422329466043535e-05,0.0001290320202052657,-0.001102252786861817,0.0017259073997158876,0.002047856820810161
2049,181.69052284172233,5.386824267636482,-6.802928899912546e-05,-1.6732750068582293e-05,7.005689892212025e-05,-0.0005893424203102972,0.001809781845669766,0.0019033220477084438
2050,184.13723132059553,5.423994449109454,-4.706539922300594e-05,-1.3242576476033772e-05,4.889292009835914e-05,-0.00040735030579393884,0.0018392562009893355,0.0018838252691022429
2051,9.709477158284267,5.386824267633402,5.981674480328748e-06,-1.3174555032258373e-06,6.125040293058997e-06,0.0003874296850144543,0.0018561358291330596,0.0018961387019471624
2052,7.2627686794084525,5.4239944491081715,4.1321240321836195e-06,-1.089417080756382e-06,4.273321728256974e-06,0.0002677848152388885,0.0018769793286196985,0.0018959852603166987
2053,94.29458333331723,26.84624999999482,0.004742078966189995,-0.001869448414749026,0.005097268905697365,0.003909747089624067,0.0616393146661023,0.061763186728111735
2054,94.07583376424034,25.485744811655113,0.004396112844126945,-0.0019212513876099846,0.004797605135136821,0.0055830788746486,0.06099196617891678,0.061246964888806335
2055,95.16691709757791,25.836494811656472,0.004765253489652885,-0.002077532610546464,0.005198440397709009,0.0052841687469108,0.0625962932701912,0.06281893321693399
2056,96.47674999998837,27.547749999996263,0.005881411703021085,-0.0022659999880487516,0.006302837421849807,0.004151733348919231,0.0645523536886898,0.06468572683792177
2057,96.26035553374089,26.438549583733703,0.005303079485268392,-0.0022874445490470886,0.00577538350172867,0.004928331654493152,0.06410909798205183,0.0642982495638023
2058,97.35143886707448,26.789299583733783,0.00583348253630432,-0.0026421995791416943,0.006403962610554813,0.004958755105405716,0.06523873351924973,0.06542691803371962
2059,92.11241666664756,26.144749999993856,0.004068943447599007,-0.001675207455671103,0.004400297808023332,0.0044638944681407635,0.058132267392040964,0.058303403553844495
2060,91.67247565515909,24.999600217148462,0.0038798469754722986,-0.0017002264485737467,0.004236033820628825,0.006267850452675312,0.05715427543022795,0.057496931650753855
2061,92.7635589884912,25.350350217148065,0.004093667522288608,-0.0017797606706294912,0.004463816957241872,0.005727859585927751,0.05899879799261522,0.05927618864273851
2062,87.74808333332959,24.741749999998795,0.003434079260907271,-0.0014034838135005712,0.0037098068932158094,0.006951448087699803,0.050494723857274826,0.05097096985479504
2063,87.59747689889497,23.496174775913993,0.0033222209313002286,-0.0014276151546637889,0.003615969710353652,0.00914414330298833,0.04990977105165613,0.05074052229899017
2064,88.68856023222455,23.84692477591279,0.003453081506405272,-0.0015134847443094967,0.0037701999895410968,0.008408592573112893,0.051834319917462894,0.0525119143658513
2065,79.45304098203968,21.02001785678776,0.0025566599928100973,-0.0008824100966205017,0.0027046548573623087,0.014445620512172472,0.036286997863830404,0.03905665328662109
2066,80.38313125449503,20.228841245169562,0.0025599338885708874,-0.0009198736464975611,0.002720189155072563,0.015368218606266072,0.03728904918555607,0.04033181538553406
2067,120.55714285735692,0.0,0.0,0.0,0.0,0.0,0.0,0.0
2068,119.78356157892466,0.9339257038224975,0.0012156824688944697,-0.00014521398681180078,0.001224324698412611,-0.001459521029484595,0.00236947805641988,0.0027829171556773124
2069,137.67723135677122,10.423748975991785,0.03221525974560551,-0.008921335267395403,0.03342773075501991,0.010644807294137804,0.004030534165901937,0.011382316459835064
2070,136.5061223028012,10.441824621409689,0.031081659958918685,-0.009444854411402274,0.03248499439209485,0.009329267014539282,0.0043870144669933275,0.010309273444922266
2071,88.06723013416382,8.071407995799488,0.002076621691350495,-0.0004150975613153927,0.002117702442364691,0.012914272338716077,0.02259263907466951,0.026023177561489502
2072,88.70317781533404,6.9847878706916395,0.0019390334757126756,-0.0003306232625079112,0.0019670186988551366,0.011517181209759806,0.019891531724071567,0.02298517995031124
2073,65.56545589230751,16.647179037562267,0.001423605793007706,-0.00021175983278446444,0.0014392691480977432,0.019499736197815504,0.018972755301151462,0.027206711589270894
2074,64.40986893578223,16.27563555930026,0.0013388295200006672,-0.00018490396365445353,0.0013515376278152025,0.019581511742851235,0.01786145609685236,0.026504098098882843
2075,78.56789130432391,21.79019565216622,0.0025731242206641046,-0.0008148863949394465,0.0026990754142160725,0.013369197102364705,0.03517031292073097,0.037625607531361044
2076,78.29745402551336,20.648474378525414,0.0024767640149480456,-0.0008007225356524072,0.002602982244434868,0.01516116929806236,0.03454438080080455,0.037724995684499454
2077,157.24544164708323,4.540070201421829,0.017162104256276664,0.008044877543422597,0.01895409921869079,0.00946652707890372,0.009703869313459344,0.013556556147794885
2078,157.1930943613894,3.1914881442979386,0.010577541562315863,0.004031926232085095,0.011319929975202826,0.004648737451731198,0.005594803217833693,0.007274103583357231
2079,80.13302913341943,18.9237105811223,0.0024698170132830266,-0.0008380162913073858,0.0026081156768055507,0.01690791798252892,0.036158023970147064,0.03991591647362809
2080,87.32739343488464,22.475810883049547,0.0032460468144458673,-0.0014268500825210424,0.0035458033052560133,0.010753821179845897,0.048955337575991464,0.05012254729308342
2081,86.5938567993623,21.408711852474262,0.0031558928442272163,-0.0013792358655418547,0.0034441183511954897,0.012401906249807328,0.047088191077297475,0.04869399364974173
2082,122.91366495290633,16.784139410268963,0.020734963142058818,-0.010055243451676452,0.023044448732287347,0.0011123734575586852,0.025395746375904603,0.025420096551711853
2083,64.70084782603013,17.331673913025202,0.001430573182606816,-0.00022077685837011883,0.0014475089125755233,0.018869250918158914,0.01813156801157431,0.026168729215817605
2084,112.2795646177822,5.249015181919969,0.004516809776060317,-2.574187503109307e-05,0.004516883128579282,-0.0036375150083563096,0.016172786218270934,0.01657680697534696
2085,111.1304296970288,4.7997497336500246,0.0039006102527654237,0.0001675056295376428,0.003904205230249243,-0.00301575912728644,0.015180465429779804,0.015477122916697122
2086,5.534445048279068,2.8023453663025593,1.8288725069764956e-06,-1.509422499083149e-07,1.8350907905555726e-06,0.00011849522130831061,0.0012841233916246414,0.0012895790019965732
2087,6.812814393476314,2.7705780858784563,2.3036176839558446e-06,-1.5706066187926262e-07,2.3089656743537875e-06,0.00014921481594217195,0.0012723721868070203,0.0012810917387356517
2088,6.156839398365108,3.638115589679942,2.5670712042875877e-06,-3.6722623567080694e-07,2.5932045187465406e-06,0.0001663217859321931,0.0015369221133867373,0.0015458953777965794
2089,185.8655549517328,2.8023453663017737,-2.0891384344908453e-05,-1.967218294625008e-06,2.0983800601068275e-05,-0.0001803208193128771,0.0012787262014744563,0.0012913776737325758
2090,185.24316060164963,3.638115589682826,-2.93318344274681e-05,-4.609808878663807e-06,2.9691865026943166e-05,-0.00025311047276697256,0.0015240257567009927,0.001544901103149439
2091,184.5871856065425,2.770578085880505,-2.643580232331987e-05,-2.207376833855435e-06,2.652779970077213e-05,-0.00022720236771247158,0.0012665892535669188,0.0012868058335061112
2092,5.446097976279918,4.549725025672796,2.63930670410352e-06,-6.344647921395849e-07,2.7144954320813494e-06,0.00017105187455930543,0.001748445825829399,0.0017567929729056014
2093,6.7244673214771655,4.517957745248692,3.3486375538175424e-06,-6.791692779541873e-07,3.4168178726636788e-06,0.0002169751209233105,0.0017385003085141643,0.0017519878783266538
2094,185.95390202372423,4.549725025672495,-3.0086462857522407e-05,-7.5995435130531196e-06,3.1031408425720275e-05,-0.00026022039772507317,0.0017265733660362247,0.001746072805955655
2095,184.67553267853393,4.517957745251226,-3.8221059706643504e-05,-8.375142117057326e-06,3.9127898110935054e-05,-0.0003301501400863804,0.0017148414834332357,0.0017463334241497404
2096,111.06627964647146,0.8803615110274813,0.0006690669912018362,7.526678663221246e-05,0.000673287255104251,-0.0008494546660170017,0.002766484185053888,0.002893960603700633
2097,84.31749828751646,18.852553367602525,0.0028103761904294602,-0.0010783872955137845,0.003010171671326793,0.015824756367663728,0.04157952181037739,0.04448909470955285
2098,71.35391967573028,18.450355065563205,0.0018720874840885172,-0.0004192554117261418,0.0019184594466244342,0.018318962510036698,0.025237313167355734,0.03118503428491489
2099,72.50950663225356,18.82189854382457,0.0019628670369382754,-0.00047675915091436975,0.002019937200182084,0.017905223159794204,0.026642296951605124,0.032099984474443885
2100,100.6714285716968,0.0,0.0,0.0,0.0,0.0,0.0,0.0
2101,99.85854598563081,1.1042237922443774,0.0007067518995089025,6.448929269043074e-05,0.0007096880415585103,0.0009463651825969163,0.0035818668227101487,0.0037047775904179986
2102,142.71431503868885,8.293951378320374,0.03935601925520543,-0.0045804150929167385,0.03962166647226641,0.02060898445855954,0.0037778765141218773,0.020952388679315356
2103,20.24404761907396,4.401924601820586,1.9257427576862543e-05,-2.5629994263877388e-06,1.9427235596908013e-05,0.0012378942384033739,0.0015767644410437545,0.0020046366872858265
2104,21.128571428616176,3.4663452181197947,1.7817366064633083e-05,-1.5330328857852276e-06,1.7883196674812857e-05,0.0011418297290645613,0.0013946148572004655,0.0018024221842010057
2105,21.486904761934895,4.395777331225113,2.2216505197983306e-05,-2.959724737107807e-06,2.2412788173974855e-05,0.0014262575058266202,0.0015430154028690305,0.002101215602078437
2106,171.15595238097055,4.401924601826775,-0.00019823605893395674,2.731427399482549e-05,0.0002001089818712083,-0.001866378163424676,0.0015428886041640123,0.002421543452793619
2107,169.91309523811515,4.39577733123081,-0.00020695273448284764,5.3179744838114675e-05,0.00021367620263139977,-0.002129686575582862,0.0015241884275893963,0.0026189149037369073
2108,170.2714285714571,3.466345218128532,-0.0001736295722251104,3.7582494941111784e-05,0.00017765042155050892,-0.0017139416997931961,0.0013935405652021763,0.002208970678201499
2109,4.959279919810631,1.9013371421003997,1.1430114746354905e-06,-8.785504246389242e-09,1.14304523805196e-06,7.406067365510714e-05,0.0009444105665878319,0.0009473100346058823
2110,186.4407200802005,1.9013371420988916,-1.303523120669371e-05,-2.2025755979890043e-07,1.303709193051158e-05,-0.00011267980520249012,0.000943959128333034,0.0009506605989856383
2111,124.77951054623409,17.89631743033123,0.021894445899516245,-0.011444466078172805,0.02470511212403805,0.0028007029808225746,0.02215477705307903,0.022331101259419017
2112,124.16191602493224,16.786501164020827,0.02124644149557485,-0.010807607432836205,0.02383727448025846,0.001249119645731895,0.02279091597333856,0.022825121046626064
2113,75.71753575323166,18.758400773260554,0.002153812312107095,-0.0005949998156170159,0.0022344870230924132,0.01776512457259701,0.030492706632694145,0.03529029340863348
2114,75.97356314070836,19.944940173021543,0.0022611692266900386,-0.0006565132830196408,0.002354547931665706,0.016357402678774995,0.03121096301056025,0.035237605401646624
2115,93.21428571456018,0.0,0.0,0.0,0.0,0.0,0.0,0.0
2116,92.39857196876125,1.0247908739933649,0.0004335399647271993,7.095083643635569e-06,0.00043359801801619367,0.001858425329823812,0.003108869564853855,0.0036219904303856658
2117,84.01339077873769,5.857555535681695,0.0012714828017736553,-0.000167262801700925,0.0012824372733350458,0.011959817957766796,0.015357467235132066,0.0194650724494176
2118,82.77879950193105,3.70635045993037,0.0007779113878203826,-5.7612632536905046e-05,0.0007800418852398032,0.008641280171784277,0.009624487604224304,0.012934546171054453
2119,83.38470679492991,6.981021226074306,0.0014259768457198924,-0.00022166351295901444,0.0014431024487217062,0.013697536813293075,0.01790528288546506,0.022543772309887425
2120,83.99499715718659,8.071953308558475,0.0016580343857212215,-0.0003052024186318012,0.0016858904295868843,0.014741654462978005,0.020789760344750843,0.02548588847770495
2121,52.72673350780228,4.340471545971075,0.0002557574543019924,1.522334493712327e-05,0.00025621012013991634,0.010513866315136771,0.004931477063007015,0.01161296047162531
2122,78.69985465325134,1.0044509743774401,0.0001692072703387425,1.0300281724310106e-06,0.00016921040539377087,0.002849134397864134,0.0024618124769188406,0.003765380125379893
2123,89.4752325989223,23.272210857988195,0.0035209434808551373,-0.0015840968410738808,0.0038608814793096844,0.009145172167762509,0.05281406640376099,0.053599997985810534
2124,107.19984059514462,1.7102087528608583,0.0012390293408259677,0.00018561224568538267,0.0012528549848949012,-0.0005361192477849883,0.005614960507427763,0.005640496906108448
2125,44.16752952770186,5.296645384009442,0.000207036388846938,2.5994689632895138e-06,0.00020705270716817886,0.01038436332163855,0.0037327195987952415,0.011034862808346197
2126,42.99193435786151,5.254201897884028,0.0001923389380344212,1.507698091055866e-06,0.00019234484718271686,0.009990703083250837,0.003434737157759225,0.010564637591539508
2127,78.30000000022812,0.0,0.0,0.0,0.0,0.0,0.0,0.0
2128,77.45699751039096,1.0044509743774401,0.00015765965987428509,1.6146946371666773e-06,0.0001576679282239941,0.002897501714353518,0.0024036628724023092,0.0037647192974837973
2129,148.4927315642509,7.621485264218315,0.04402720989017193,0.0015439443221378327,0.04405427305929715,0.028008174531914086,0.006621230180131721,0.02878017598466778
2130,64.15984094949343,11.76824447073577,0.0009941515450489664,-7.189578865098733e-05,0.000996747861271342,0.02020469297155556,0.015570214435635478,0.025508061385501213
2131,70.39178541992305,13.980469128565904,0.0014444972670382764,-0.0002312781593873461,0.0014628950548452367,0.0207707583667756,0.021880003604018667,0.030168840893260194
2132,31.10504773628161,4.765816390076996,6.967507686623641e-05,-5.061231664284867e-06,6.985866018093613e-05,0.004440644233348741,0.0012056223132491158,0.0046013961326294844
2133,30.83063766564068,3.724631840407088,5.648390072770463e-05,-1.6754555859331013e-06,5.650874439268338e-05,0.0036627661797543902,0.0012335598419478875,0.003864909568310631
2134,97.81894229976463,22.901914313030115,0.004403283785173207,-0.002860370312496776,0.005250773887474321,0.006140105730170612,0.062340725642445194,0.06264237361406652
2135,132.90765933813861,12.316292905182149,0.026429103330449934,-0.011483132889768698,0.028815965085620288,0.0037559762036036455,0.007070493850368597,0.008006200130532399
2136,129.1159680967559,14.384458483104776,0.02315513123376719,-0.0122381108377206,0.02619029322724958,0.0008554861338228893,0.012338865917210605,0.01236848691829622
2137,128.56368717897985,15.530693338799146,0.022862482807103998,-0.012492408068290713,0.02605289579777689,0.001164573862184045,0.013776141346204987,0.013825277670669071
2138,186.57144580066742,5.471880515745056,-2.9618616695697953e-05,-1.1050629414443089e-05,3.1612954076169985e-05,-0.00025621926506788726,0.0018613853031946082,0.0018789368160587018
2139,187.18545160750602,6.407096925124608,-2.7704381750289506e-05,-1.4829839159276846e-05,3.1423826909779705e-05,-0.00023933619171188355,0.001927721423690742,0.0019425219947324687
2140,4.214548392492607,6.407096925125504,2.4257113870154484e-06,-1.283156607473945e-06,2.7441877873790733e-06,0.00015731990302707586,0.001971350252939744,0.001977617599955573
2141,4.828554199332423,5.471880515746276,2.598083878550296e-06,-9.444900795972617e-07,2.7644350870368778e-06,0.00016843490982292972,0.0018936522145929567,0.0019011283567081597
2142,120.517298910211,4.370852345712462,0.006909789575765697,-0.0017560140572531562,0.007129430366490087,-0.003977121337195223,0.009782885487574777,0.01056041394045587
2143,121.03663860635143,3.173376476289247,0.0051981798964522655,-0.0013112717150693292,0.005361017417116022,-0.0033217242632973144,0.006994809937650941,0.007743462929803335
2144,71.6343695651824,19.560934782597442,0.0019778358209086404,-0.00046514493640110945,0.0020317958426793147,0.01706504793712392,0.025671555871431908,0.03082603837596371
2145,103.99392265201536,3.917968249950988,0.002640315659048893,0.0003179067596039609,0.002659385546930095,0.0008749223210035243,0.013125596211909289,0.013154724055862124
2146,123.86569032250976,4.137011041838407,0.009185995912734033,-0.0027420656382350353,0.009586524128856907,-0.0022034454579473086,0.007305491363313419,0.007630555415275849
2147,96.43634845503195,3.851892302991909,0.0019305131676258663,-2.1185830591281715e-05,0.0019306294128585888,0.004539090745149686,0.012269230196725659,0.013081947653654186
2148,128.45559669520526,16.479103428255875,0.022871468383257473,-0.012725827469950296,0.026173474182868577,0.001881876178962745,0.014357345467349587,0.014480152859060956
2149,129.60529184569327,16.128862861671617,0.023315891997104092,-0.012919216801373774,0.026655899579296156,0.0019668993129063825,0.012351967364957417,0.012507589323769976
2150,81.50159442522698,3.7606449055226294,0.0007312550654593013,-5.166677349656937e-05,0.000733078049216748,0.008992115901010667,0.009516780807693203,0.013093023536177065
2151,111.71975438018475,6.472074376486652,0.0054406639288062855,-6.447776988012044e-05,0.005441045981153124,-0.0035975764871520564,0.02011396626652733,0.020433164110139884
2152,62.90983206932054,11.764158621648578,0.0009499608195417918,-6.199125038239923e-05,0.0009519813410926109,0.02006189717858868,0.014807675431873344,0.024934854523336804
2153,62.29548560094385,13.004527067343437,0.0010162533395261554,-8.264025201172432e-05,0.0010196078958847978,0.020190512111231164,0.015200943687973057,0.025273018583435978
2154,42.877070706088446,7.145120637646049,0.0002497794331500214,-9.90451802022679e-06,0.00024997572822567994,0.011900993426217735,0.003799751985981506,0.01249286835301838
2155,86.41812649440594,0.7368062194234584,0.00020419232872217856,5.196051560882987e-07,0.0002041929898368317,0.0017715249121813496,0.002064783127765654,0.0027205936630053476
2156,3.5892857142841326,7.3,2.13616904667612e-06,-1.609393797095401e-06,2.6745778339966695e-06,0.00013860186726433283,0.001981444368968243,0.0019862860481121842
2157,3.0181198210643947,6.407096925125504,1.7065410417756177e-06,-1.2172764685030511e-06,2.096197588023579e-06,0.00011068844821465016,0.0019757094652967408,0.0019788076773227105
2158,187.8107142857143,7.3,-2.447128987250854e-05,-1.849665909961078e-05,3.0675241252051356e-05,-0.00021090641551263758,0.0019268461844314903,0.0019383543882795483
2159,188.38188017893458,6.407096925124608,-1.9500311699790476e-05,-1.3969328625211232e-05,2.3987586344360105e-05,-0.00016839911729299556,0.0019344220646771418,0.0019417381355411537
2160,115.18524765993874,23.264122026338995,0.019449327522902717,-0.007357067534957684,0.020794296905812165,0.010493482542144451,0.04728284432813194,0.048433258651681174
2161,57.081145970100536,12.791676907079196,0.0008155166944708372,-6.255707455632604e-05,0.0008179125054293317,0.019067499110661284,0.011653678135862912,0.022346761206701926
2162,56.595403432985165,11.702202014282665,0.0007410772514577987,-4.2809479256360444e-05,0.0007423126997044078,0.018822627326311576,0.011045817049029648,0.02182432985788671
2163,84.84326039500002,1.7450229682925973,0.00042843569299469766,-1.1241589116391327e-05,0.00042858314987608714,0.0042147612807593915,0.004754255109311473,0.006353515113557438
2164,146.31304106840423,3.01760703613151,0.023727228279575702,0.00035851518014554036,0.02372993668271139,0.014944263345340901,0.003636097428944893,0.015380253946137536
2165,145.77669865650802,3.8956591903854294,0.0281157551599465,7.584850722127584e-05,0.02811585746887521,0.01720244292938838,0.004220675937469995,0.017712655027070406
2166,145.10972042594344,2.891742540575245,0.023185166356840595,-1.4158899671930984e-05,0.023185170680174276,0.014533268372646273,0.00334765252701789,0.014913841457954746
2167,52.44315550203915,3.171571521146867,0.00018714732336717367,1.447032632028453e-05,0.0001877059162288525,0.008136055943107798,0.0037566927743871285,0.008961481289971663
2168,51.31744487463052,3.176891978811109,0.00017939592965422226,1.358279751552494e-05,0.00017990939932324387,0.008038645087139225,0.0036113238017738435,0.008812574790505092
2169,77.12915009723181,20.316483651282965,0.0023517843960276785,-0.0007285257458464452,0.002462039725057334,0.01573619401625105,0.032843727988072356,0.03641892736300155
2170,78.01429977494759,19.546305855904507,0.0023636970274765884,-0.0007418478271248455,0.0024773780164342126,0.016608414645312975,0.03376096286923805,0.0376250189486825
2171,76.25671739127412,21.047108695642454,0.0023559550786107324,-0.0006767559495703982,0.0024512288648167136,0.014767807026970786,0.03178707664966508,0.03505005515427231
2172,85.17526935154558,0.7368062194234584,0.00018705587573574108,2.7017960582131364e-07,0.00018705607085653332,0.0018424010437465773,0.002025911932154024,0.0027383865254639508
2173,107.50714285739224,0.6690400914533104,0.00048600690940564756,7.413086481116538e-05,0.0004916280109062955,-0.00027531321059133334,0.002172830665449302,0.0021902032929942746
2174,147.5186226961845,3.042903789210956,0.023578244768272687,0.0008811307756720118,0.02359470317245832,0.01494592987875123,0.003972674041938498,0.015464894405848386
2175,56.25113468714376,13.661724010229609,0.0008302871840871195,-8.04087460454571e-05,0.0008341716696819193,0.018733591659572855,0.011165617100331211,0.021808678586719244
2176,17.827976190499562,4.429867413442778,1.4590415282969343e-05,-1.954718006191966e-06,1.4720772419042298e-05,0.0009401860287959266,0.001629604198404928,0.0018813717368457575
2177,18.642857142894332,3.4800417683939147,1.3362686621334061e-05,-1.1412965196404062e-06,1.341133667781566e-05,0.0008589169061273527,0.0014326678228824058,0.001670411728393331
2178,19.07083333336047,4.422318133764132,1.6852647123077272e-05,-2.2527433767264454e-06,1.700254592043055e-05,0.0010846943977121557,0.001605636143604137,0.0019376866005822771
2179,173.57202380954118,4.429867413449901,-0.00016586803996966409,-2.7274247438601764e-06,0.00016589046244167114,-0.0014320610459798433,0.0015815575536576758,0.002133570513234689
2180,172.32916666668564,4.422318133770899,-0.00018442139533015678,1.0177045160965348e-05,0.00018470198511042133,-0.0016456414674194098,0.0015628932243408385,0.0022695310242384463
2181,172.75714285716805,3.4800417684034994,-0.000151511369603462,8.273747768842391e-06,0.0001517371082539116,-0.001308856333739744,0.001413571366566285,0.0019264705839297726
2182,1.2428571428600748,0.0,0.0,0.0,0.0,0.0,0.0,0.0
2183,2.1361699141751616,0.8860702263680265,2.2822730945632424e-07,4.090653220710451e-08,2.3186429039177996e-07,1.4792594254967908e-05,0.0004783058236541081,0.00047853451472827625
2184,0.8933127713150869,0.8860702263680265,9.47791922843382e-08,4.030143411237308e-08,1.0299175152207823e-07,6.143492752133032e-06,0.00047827600446471796,0.0004783154596601812
2185,190.15714285714452,0.0,0.0,0.0,0.0,0.0,0.0,0.0
2186,190.506687228685,0.8860702263691287,-1.0705403513671614e-06,4.532974728184317e-07,1.162555479436961e-06,-9.336055106282154e-06,0.00047961999891890926,0.0004797108559204409
2187,189.2638300858295,0.8860702263691287,-2.580946907946014e-06,4.5507015832939973e-07,2.6207586288397555e-06,-2.2483139762548677e-05,0.0004796642878695799,0.00048019092102101794
2188,108.1554347826042,28.136956521741013,0.013492611406254885,-0.010394984041639473,0.01703250585751077,0.01221905189850623,0.057855711634479355,0.05913195919323508
2189,107.43610620940825,27.44105496381828,0.01359666493056323,-0.010666773744214555,0.017281474455157844,0.011561833598364078,0.05843801019272872,0.05957077329900735
2190,108.54154099201247,26.978011485559293,0.013669987117466276,-0.010376147700709066,0.017161963433669936,0.011133749153966518,0.05729161853294447,0.05836342968287484
2191,30.37551372108718,2.7340755708750515,4.179073468228234e-05,2.030056749334079e-07,4.1791227746848636e-05,0.0027460079079744877,0.0011139464708991367,0.002963348810161751
2192,191.4,1.2166666666695303,0.0,3.82476992039147e-07,3.82476992039147e-07,0.0,0.0006407123211807906,0.0006407123211807906
2193,190.506687228685,2.102736893038659,-2.4344704971025217e-06,-3.1277227371171975e-07,2.4544802090188868e-06,-2.1174240402622838e-05,0.0010259418175002292,0.0010261603000273894
2194,0.0,1.2166666666695303,0.0,3.388329169805749e-08,3.388329169805749e-08,0.0,0.0006395868953294512,0.0006395868953294512
2195,0.8933127713150869,2.102736893037557,2.148950400280665e-07,-2.70557108818085e-08,2.1659152735041212e-07,1.3928702809983216e-05,0.0010268869463078418,0.0010269814064818377
2196,153.0073083275758,6.460766772183408,0.04225764549242046,0.009419604415954446,0.043294775087949725,0.029736134388301826,0.012286648672770016,0.03217451513181244
2197,153.08997764412618,5.235100879690994,0.034545942269722914,0.007510683328210843,0.03535297005004944,0.023623386586028045,0.010283173934164992,0.025764472825059316
2198,119.4404521596966,22.399311219688023,0.02211942543727908,-0.008691600145839124,0.023765792534028808,0.010847827271820078,0.0370284643557754,0.03858474477129754
2199,119.6517332385418,21.24327222946836,0.021622272521627704,-0.008889642832689433,0.02337837502249297,0.008276229246000738,0.035945585097240246,0.036886055068484865
2200,118.33501737709332,22.86235469794663,0.021708310592090566,-0.008121382798497622,0.023177739478266738,0.011461570540598825,0.04000205576908507,0.041611681833472136
2201,53.14497826082017,13.6162391304189,0.000716715097191057,-8.214323391285395e-05,0.0007214069873651406,0.01766618899555269,0.008942460974717218,0.019800551555725094
2202,52.74658403905405,12.483584757827067,0.0006583113705755997,-6.039220737326552e-05,0.0006610756986461838,0.017701735408251734,0.008829430828753215,0.019781564276454246
2203,120.00031725047758,20.111941442708417,0.02112104077701699,-0.009061383250571082,0.02298275505500036,0.005993526041091088,0.03439276571232057,0.034911096914130475
2204,120.11095108904559,18.810762831416255,0.020592244643562196,-0.008853190101527474,0.02241471647008054,0.003839749302380697,0.03324302393839797,0.03346404511223999
2205,143.9009830457788,2.865210542811191,0.022996653379932525,-0.0003343908046528261,0.022999084414102193,0.014257111701656819,0.003197670297978131,0.014611308271612482
2206,143.41565787166144,3.7646226483039618,0.026544369772156677,-0.0007080322981380568,0.026553810956926535,0.015525960974021131,0.0038485837735359784,0.01599584512392989
2207,142.743262903393,2.8600384962859886,0.022770867303342372,-0.0006540800741264676,0.022780259403479056,0.013915408976325738,0.00306186461752402,0.0142482848762387
2208,96.04160596466403,25.078044395393995,0.0048271605177606,-0.0022985249512576175,0.005346465712578788,0.005944771667752892,0.06317950361133909,0.06345856905695972
2209,128.05326086947977,19.80217391307927,0.02338357457121267,-0.012993660230494655,0.02675120120504876,0.006699222938147259,0.015752913141629247,0.017118231813558135
2210,127.4083798635449,19.11577261035155,0.023079258807970675,-0.012847972128682588,0.026414438758843552,0.005284339526159667,0.016947637584578047,0.01775237065650489
2211,128.51381464615173,18.65272913209146,0.023168708175236093,-0.013152460399745575,0.02664162632190699,0.00466019908599322,0.014710249165727534,0.015430777233790905
2212,125.8423913042695,20.728260869598028,0.02334428672047103,-0.012145356794230188,0.02631473758460672,0.008365617231143487,0.020627745626412185,0.022259547194091164
2213,124.73754534413983,20.278937362968065,0.022917126144089132,-0.01169225036356852,0.025727483150678805,0.007174027267093725,0.02309466332702403,0.02418326159593848
2214,125.84298012674327,19.815893884709403,0.022974601435959432,-0.01221662316848998,0.026020726215501278,0.006370611007096981,0.020456678545915326,0.021425694428294676
2215,78.78784690609321,18.735361015939773,0.002357255510954441,-0.0007496935693948274,0.002473599400047841,0.017356453912054603,0.034306500136751385,0.03844713830747613
2216,77.61954297781166,18.403370288697324,0.0022522848802572284,-0.0006693143586504048,0.002349631650393508,0.017871349690351493,0.03263793750855084,0.037210483799151234
2217,98.65891666666099,28.24924999999817,0.007536536484449659,-0.0033823653372776832,0.008260737101267563,0.0053064008046050945,0.06609064481613475,0.06630332738039316
2218,98.27327805276744,27.253496262484056,0.006416451551236636,-0.0031203500326656454,0.007134944627376132,0.005036867628336122,0.06590186293138467,0.06609406609773977
2219,99.36436138610645,27.604246262485887,0.006985446594725106,-0.004080962357700762,0.008090161796449263,0.005292135988250417,0.06601454233053583,0.06622632786459055
2220,141.46038124245987,2.8820216484520245,0.022435499264015415,-0.000904619212882955,0.0224537293816852,0.013398526799331461,0.0030482184520570863,0.013740893570793155
2221,141.01645424471684,3.7534389802934935,0.025288958347458527,-0.0013846927809742123,0.02532683928952001,0.013993812379862568,0.003691465668371167,0.014472515458743096
2222,140.2188977579011,2.876010026966758,0.021892884908816832,-0.0012199795289819205,0.021926850199739924,0.012772253497568376,0.002932487605702503,0.013104577176076548
2223,41.96995934742431,5.142694738388765,0.0001775901226838822,9.99407906812096e-07,0.00017759293480046025,0.009537894195371203,0.003156628160407974,0.010046677412218248
2224,126.46665434702527,19.128861221357724,0.02283320557258934,-0.012485626251764413,0.02602395318968418,0.00510780672779685,0.018924396107043072,0.019601593240979
2225,126.92720812369723,17.97941644036991,0.022611362350590455,-0.012501690415074759,0.025837298051152167,0.003301702385699861,0.017706672442963343,0.018011870742544584
2226,125.3618083868956,18.67953771472776,0.02238739558315296,-0.0119208084181921,0.025363382154985094,0.004142417725982499,0.021193776876895037,0.021594809629263804
2227,191.4,6.083333333336256,0.0,-1.173535169231566e-05,1.173535169231566e-05,0.0,0.0019263314133490834,0.0019263314133490834
2228,190.53332633326602,6.427672852651066,-5.517727298734931e-06,-1.3257682002279207e-05,1.4360064297097096e-05,-4.763783207440879e-05,0.0019413862673997508,0.001941970649184247
2229,190.53332633326602,5.211006185987322,-4.927614007424733e-06,-8.408509356112997e-06,9.74599453098596e-06,-4.2638811684259316e-05,0.0018422761911358306,0.0018427695549600848
2230,0.0,6.083333333336256,0.0,-1.0302898834813501e-06,1.0302898834813501e-06,0.0,0.0019611910705900613,0.0019611910705900613
2231,0.8666736667332267,5.211006185987893,4.323043026401119e-07,-7.381156704509113e-07,8.553956704627115e-07,2.803218979097616e-05,0.0018672639609389502,0.0018674743648805182
2232,0.8666736667332267,6.427672852651637,4.827060531948933e-07,-1.162889129516852e-06,1.2590934283600454e-06,3.1311829539671504e-05,0.0019807386789988655,0.0019809861547096415
2233,85.50141304347787,24.019456521739002,0.003176403801635575,-0.0012542661574318804,0.003415073162426227,0.008490852855763547,0.04654543584990618,0.0473135517655984
2234,86.38691653598967,23.370636107135553,0.003200993060236053,-0.0013353535145171121,0.0034683606473970632,0.009538720979628133,0.04787366909223442,0.04881470465218405
2235,35.46226923884645,7.037813546111716,0.00014301548592769373,-1.4203891386203957e-05,0.00014371910014206686,0.00821219060968408,0.001334032141246833,0.008319838722214692
2236,190.20357142857142,7.3,-7.953273955055889e-06,-1.7115435882690484e-05,1.8873068432522026e-05,-6.853134381480514e-05,0.0019379394410443136,0.001939150799252139
2237,189.33689776183746,6.427672852651066,-1.3210778345453306e-05,-1.358573870862953e-05,1.89498538451317e-05,-0.0001140654431551025,0.0019387876081557716,0.0019421401378017366
2238,1.1964285714279599,7.3,6.940374016065214e-07,-1.4993825620020901e-06,1.6522215293551538e-06,4.503672533018543e-05,0.001988685769225069,0.001989195665425292
2239,2.0631022381611865,6.427672852651637,1.1558484123979512e-06,-1.1885052201178464e-06,1.6578691777972818e-06,7.497425508366517e-05,0.001979044028814934,0.001980463684825702
2240,31.51144216981002,5.662866920389559,8.117494194941673e-05,-8.957203568948024e-06,8.166763554962732e-05,0.005089087489316928,0.0010684851314862525,0.005200045379622111
2241,149.7292657270969,7.494658585052424,0.04456867121875458,0.0034376603477619117,0.044701051026480546,0.029239676169186775,0.00787117947005992,0.03028058996665689
2242,106.80653356468781,26.364556932266872,0.013503345732146649,-0.010876219326234827,0.017338756956432805,0.010653315007136155,0.05847315646756282,0.059435706001707056
2243,49.32575768508262,11.527559057327828,0.000522713005506454,-5.004974292307043e-05,0.0005251036687095755,0.016376181229826235,0.006810032510277412,0.0177357225526097
2244,48.17017072856345,11.15601557906778,0.0004799727404620757,-4.6370527756781424e-05,0.0004822074837983309,0.015865028826020734,0.0061915486675751625,0.01703039678203126
2245,139.0095298979781,2.8487160474092197,0.021080284625190876,-0.0013847044156457655,0.02112571433579863,0.011955797365388635,0.002932845515586262,0.012310266993876625
2246,138.52651588510201,3.741436846400099,0.023685358258047833,-0.002014146933830005,0.02377084314203288,0.01220265829970331,0.0036053276958650203,0.012724121084534265
2247,137.76107502292206,2.8427255350010916,0.020247169764468928,-0.0016511298259646251,0.020314381929397083,0.011077462120931893,0.0028674799463237026,0.011442578742715712
2248,100.00246592524294,26.533150823142986,0.00827871900446353,-0.004695592421828678,0.009517656042681965,0.007115352815342766,0.06549695764077759,0.0658823170955957
2249,2.9830745098985343,2.7823514297298892,9.364695847353737e-07,-1.3000547241301832e-07,9.454505306951683e-07,6.069471374336681e-05,0.0012785919178583175,0.0012800316951892246
2250,4.3033049246994235,2.7688746459018856,1.3729856827606726e-06,-1.3399786734225372e-07,1.3795090117567418e-06,8.897294411267502e-05,0.001273489062085554,0.0012765933479521273
2251,3.558239638366971,3.6833596539320492,1.4204458853749784e-06,-3.287821992479092e-07,1.4580000849866224e-06,9.206560038721647e-05,0.0015525372152684635,0.001555264568994039
2252,188.41692549010503,2.7823514297283523,-1.064225815543107e-05,-1.5371352157503776e-06,1.0752694700322292e-05,-9.230122842080886e-05,0.001274105687904797,0.0012774446448748165
2253,187.84176036163734,3.683359653931234,-1.616522522585693e-05,-3.855536697907073e-06,1.661865427258144e-05,-0.00014002952547607326,0.001541270687074743,0.0015476186865119278
2254,187.0966950753076,2.768874645901213,-1.5634796659196368e-05,-1.66116256360803e-06,1.572279643184223e-05,-0.00013534149133989887,0.0012687844600134735,0.001275982494100052
2255,15.33452380953801,4.423458023380681,1.0836152241601232e-05,-1.4629605925775481e-06,1.0934461536746757e-05,0.0006996491036380956,0.0016633533789686223,0.0018045091663795793
2256,16.157142857171216,3.4965423368348363,9.99498476721432e-06,-8.577859016688656e-07,1.0031725532028285e-05,0.0006442233104160778,0.0014598022310892533,0.001595633487858854
2257,16.57738095240022,4.4145067346184055,1.2553664809771036e-05,-1.6754058222118e-06,1.2664970778694473e-05,0.0008097900781492673,0.0016462146323091185,0.0018346069296439611
2258,176.06547619048928,4.4234580233870116,-0.000125826894873803,-1.460942181368116e-05,0.00012667218589458828,-0.001067700784154412,0.0016154035500446366,0.0019363660795368115
2259,174.82261904763442,4.414506734625127,-0.00014499455400013338,-1.114362402674255e-05,0.00014542214771535658,-0.0012353386358428065,0.0015966115701999226,0.002018719904122964
2260,175.24285714287845,3.496542336844385,-0.00011897506240735023,-5.48984551414519e-06,0.00011910165355108242,-0.0009864299826030274,0.0014343955094938572,0.001740843068238591
2261,111.85198107191209,25.605231088785224,0.015718099328555703,-0.008310116067984971,0.017779670288442507,0.0111218689924816,0.053623701169854966,0.054764927618320004
2262,76.81398631130548,16.33363922997892,0.002032578674858475,-0.0005331776529613128,0.0021013458732695024,0.019497335332980634,0.030067918821892324,0.0358360967094158
2263,136.47997070936276,2.8660922826446225,0.019297054364160772,-0.0017842698850602406,0.01937936856959249,0.010019331513953868,0.002986884099627465,0.01045506961292542
2264,136.02887870880014,3.729317251414508,0.02168017828461852,-0.002515859831089073,0.021825665651762652,0.010109101829221397,0.0036561077786258483,0.010749933203629491
2265,135.23078840811695,2.8599632000671598,0.018180010238338692,-0.0019604503460952383,0.018285407783957257,0.008897267176109044,0.003016908481512608,0.009394844330210593
2266,119.1666528612748,2.2309967982319723,0.002930713766123751,-0.000395745756689696,0.0029573126116265018,-0.0029544308213708213,0.005687783170520679,0.006409332170602811
2267,155.870533883581,3.031607439836791,0.013139654400341044,0.003943823078245999,0.013718755710082001,0.006913791731419693,0.0056503406230083986,0.00892899015910905
2268,155.19814200503663,4.195426898859596,0.020982308429109277,0.0066758703569263144,0.022018730936108868,0.012627471880067307,0.008749925252964159,0.015362754896643715
2269,120.09799369524495,2.7306113207249125,0.004004062459103105,-0.0007614257278570697,0.004075817134691089,-0.003264452528750526,0.006541543120966618,0.007310843775921586
2270,134.01983491334684,2.8313204551758524,0.016851243459192027,-0.0019735152827011914,0.016966412958902576,0.007647206005368386,0.003165680444881206,0.008276550753039916
2271,133.53058734182542,3.717130680257018,0.01922652609487408,-0.002835864435719969,0.019434542257914265,0.007671356294167136,0.0038979818059798944,0.008604880565807292
2272,132.77072584761797,2.825262966595825,0.015528594923237722,-0.0020410210099142258,0.01566215269536457,0.006361328563506087,0.0033050752932078232,0.007168683546276205
2273,115.06802953828989,24.476075875779173,0.019145197972486237,-0.007264649433747257,0.020477151579283075,0.012331675503442854,0.048046930635337555,0.049604211153884414
2274,156.20469728052134,4.9143301360366465,0.022993055193546812,0.009474891530798243,0.02486873854166878,0.014231583542273508,0.011344979845768708,0.01820017960959749
2275,31.91731998495116,6.510605144223772,9.077208676095284e-05,-1.3693684910541428e-05,9.179917614754034e-05,0.005601265307144501,0.0008463049694437784,0.00566483937480365
2276,110.6142857145268,0.0,0.0,0.0,0.0,0.0,0.0,0.0
2277,109.82342250361597,0.8803615110274813,0.0006528075108559613,8.671036723904689e-05,0.0006585410647914725,-0.0006877402707563807,0.0028086105317509614,0.0028915877643748734
2278,188.45930413858053,4.605515144003795,-1.5666875414713195e-05,-6.654449723894803e-06,1.7021535958543468e-05,-0.00013565933964235368,0.0017446386797440973,0.0017499050200772115
2279,187.13907372378313,4.592038360176655,-2.311113797685122e-05,-7.116333852470006e-06,2.4181954141153796e-05,-0.00020000780487567223,0.001738616008704448,0.0017500824974082136
2280,2.940695861419475,4.605515144005531,1.3758071002526855e-06,-5.770422839951239e-07,1.4919192252343999e-06,8.9191035012848e-05,0.0017642675329351423,0.0017665205825281845
2281,4.260926276220365,4.5920383601775265,2.0284676063219917e-06,-6.069894437859917e-07,2.1173372463462923e-06,0.0001314857047033121,0.0017593832374162113,0.0017642896209643345
2282,119.20978260864925,23.506521739149875,0.022367654416426658,-0.008463444029534025,0.02391530574618995,0.013376911119307892,0.03789902440345952,0.040190518805159545
2283,131.49120766437196,2.849918481681839,0.014196222879324125,-0.002046954283449308,0.014343038934548606,0.005004388221655359,0.0035692835942838963,0.006146843649342894
2284,131.03497267011466,3.707700290373501,0.01639943673935662,-0.002934575041046468,0.016659929652903478,0.004965324537820373,0.004373720415293662,0.006616938720967398
2285,130.24470205839006,2.846545580378349,0.012798765567182457,-0.0020266374902699513,0.012958227485295317,0.0036834777515010846,0.0038056217462874684,0.005296297312426821
2286,12.908134920646873,4.457128701172191,8.08340756837595e-06,-1.1482171592351435e-06,8.16455023631061e-06,0.0005226847516651799,0.0016929189618329922,0.0017717714189355767
2287,13.671428571449436,3.5158469234423375,7.422433412609172e-06,-6.586625494861534e-07,7.451600775585916e-06,0.00047942419803995693,0.0014803175658913532,0.001556016599382139
2288,14.150992063506445,4.446775403326966,9.417098531975068e-06,-1.3014721753741647e-06,9.506606891220448e-06,0.0006085055372575021,0.0016799543983946452,0.0017867640497722566
2289,178.49186507937753,4.457128701179297,-9.348564441178557e-05,-1.5149824852393135e-05,9.47052422210355e-05,-0.0007969535468334826,0.001651813142145785,0.0018340178876924836
2290,177.24900793652148,4.446775403333675,-0.00010919624802999876,-1.5755447250274577e-05,0.0001103270352265717,-0.0009282616052976237,0.0016346822187609457,0.00187985519766894
2291,177.7285714285894,3.5158469234518916,-8.811168275945909e-05,-8.721022723328766e-06,8.854222086690833e-05,-0.0007334147084304749,0.001456558941713709,0.0016307854197374707
2292,118.91427094007645,20.623813391724838,0.020972651371480577,-0.008516043644776029,0.022635704206173845,0.006893141300548385,0.037311330265549086,0.037942730043767345
2293,129.06428941547608,2.8497167404367736,0.011494074085492759,-0.001976611900528709,0.011662792705356119,0.0024573336181675735,0.004073068460171726,0.0047569291767086685
2294,128.57065022729012,3.7498755620009536,0.01355607957160324,-0.002891786807083295,0.013861086692220768,0.0022351619621500726,0.005093815047250391,0.005562634333895863
2295,127.84647257863344,2.8952649133677166,0.010341394890513923,-0.0019536723301860843,0.010524318688413145,0.0012961592041988036,0.004411781775995421,0.004598243917153002
2296,141.99814511335148,9.52538724833765,0.03727080957324246,-0.005793469319574744,0.03771839780533839,0.017250837249996334,0.003642188589870029,0.01763113506130676
2297,142.97333920921426,10.335259693486226,0.03681382509230885,-0.005491233171489467,0.037221114433487544,0.016624304786202512,0.003625277335864213,0.017014997660490184
2298,55.45615217385689,14.359326086938466,0.0008325912946554638,-9.641348820069889e-05,0.0008381550122996865,0.0182719675125578,0.01049535058703918,0.021071715182320382
2299,10.425000000009362,4.452468826718194,5.836513030933982e-06,-8.94602431762687e-07,5.904675932782246e-06,0.00037779550105588753,0.0017092950205111832,0.001750548173505201
2300,11.185714285732491,3.537955528215973,5.428794617789567e-06,-5.187018857874304e-07,5.453518373349484e-06,0.0003511699028120788,0.0014969642685571508,0.0015376027841994468
2301,11.667857142866733,4.440713519789784,6.876012877689644e-06,-1.0023304764366367e-06,6.9486847300872354e-06,0.0004448654948594764,0.0016992566971583455,0.0017565245888839858
2302,180.9750000000089,4.452468826724441,-6.706609154589073e-05,-1.207757752395463e-05,6.814490820368701e-05,-0.0005754478957631517,0.0016770559545575573,0.0017730360840815392
2303,179.73214285715375,4.440713519796232,-7.928279659471875e-05,-1.3609743383702304e-05,8.044244495817973e-05,-0.0006779617106420066,0.0016630302528706587,0.0017959124987202697
2304,180.2142857143006,3.537955528225723,-6.344418411804748e-05,-7.625986125915432e-06,6.390086198790562e-05,-0.0005360193044949605,0.0014775813819565692,0.0015718026069121867
2305,150.8595348602941,7.087358100771571,0.044564106450667884,0.005453476958037168,0.04489654769220348,0.03020701458275142,0.009297120633865083,0.031605382169548224
2306,77.35822522906142,17.425657293886776,0.0021584174289909046,-0.0006099409351806397,0.00224294309829312,0.01872761690908651,0.03162692587106754,0.036755762475392945
2307,90.71692236668508,24.86853608207133,0.003738036529616533,-0.0016303958679178311,0.004078125523187234,0.006527099750886539,0.055553385201685776,0.05593551321410132
2308,89.62583903335694,24.517786082073,0.00358627346804357,-0.0015632460700584303,0.00391217275476766,0.007189095418029079,0.05362945519021265,0.054109163336061236
2309,51.96024504659739,7.526518968506487,0.0004136726619614166,1.4151542780203033e-06,0.0004136750825416912,0.015024236282523902,0.007038672304671926,0.01659128035100556
2310,7.973510101493642,4.512385013115319,4.119253365918163e-06,-7.457630932006286e-07,4.186216774583978e-06,0.0002668347258897174,0.001732755310608573,0.0017531804634386197
2311,8.689032943218738,3.578029572200111,3.8590079692091056e-06,-4.2603262792970814e-07,3.882453645116716e-06,0.00024987036320732193,0.0015153470163417509,0.0015358098119054996
2312,9.227334301150025,4.484066276059591,4.955042927454623e-06,-8.159949702600972e-07,5.0217823732622925e-06,0.0003208664714415394,0.0017217184335679531,0.001751362228947236
2313,183.42648989852094,4.512385013119785,-4.7084681130671476e-05,-9.501093240817522e-06,4.803371701157135e-05,-0.00040611239969417124,0.0017064672274616612,0.0017541259018628188
2314,182.17266569886914,4.484066276065972,-5.677487619626972e-05,-1.0734302974187414e-05,5.778072193598314e-05,-0.0004885242801866488,0.0016926069841381732,0.001761696448053752
2315,182.71096705680753,3.5780295722077446,-4.447406398707673e-05,-5.883315596434739e-06,4.486151769539064e-05,-0.0003806887756029615,0.0014998353871035197,0.001547394627196969
2316,108.70519558993362,25.68928833909372,0.014060408520707415,-0.010407540271417035,0.01749319817158512,0.01012922758394364,0.056546386831947265,0.057446454330929285
2317,107.50057684112167,25.327913637945773,0.013690917707691815,-0.010925711515840233,0.017516061195547165,0.009832355744906724,0.05714242093470101,0.05798216527323688
2318,108.75000000024491,0.6690400914533104,0.0004885884145906017,7.167105467774745e-05,0.0004938171513331411,-0.00041855327611159767,0.0021539143687591498,0.0021942046287643452
2319,42.576935364055565,6.180215824774055,0.00021664761539155752,-3.7175077833772815e-06,0.00021667950784273003,0.010908595405073,0.003565320343261431,0.011476452538204196
2320,118.87492159746127,18.639954457026654,0.020093998881329945,-0.008115525079292056,0.021670960716025197,0.0036950490045308086,0.03582214646133375,0.03601221409804082
2321,118.3163401482733,19.71148949500751,0.020360814860338198,-0.008061258586123266,0.0218985541022533,0.005338326222362301,0.03801189223900034,0.03838491472500278
2322,128.68306750106777,17.521800390246042,0.023031508653233446,-0.013021598406354303,0.02645774774806684,0.0030653900669621904,0.014250971939633084,0.0145769275736295
2323,127.64146283435434,16.92363086737357,0.022620511497912547,-0.012565362910527195,0.025876164427914086,0.0021071153941141924,0.015971301777018453,0.016109699430365106
2324,112.57717391302589,26.28478260870302,0.015701557359941578,-0.00779998598813093,0.017532218483197567,0.012280022971633501,0.05278500148890569,0.054194606247924916
2325,112.95741585451883,25.14218761052517,0.016866888416227035,-0.007744051819113237,0.018559694594000323,0.011421564958520102,0.0519731233079936,0.053213322509401736
2326,2.7573826694305805,1.8200034372178893,5.881973939688684e-07,-8.433155176027039e-10,5.881979985114115e-07,3.812113877770017e-05,0.0009103872492906367,0.0009111850332905388
2327,188.64261733057262,1.8200034372182943,-6.671244842271523e-06,-4.149839140396331e-08,6.6713739111238185e-06,-5.7960215091338926e-05,0.0009103008845504398,0.000912144224860711
2328,124.1558363259521,18.58335009368291,0.021942656162415662,-0.011253809083134649,0.024660259089102084,0.0037717906431489305,0.02383659237516958,0.02413316267536724
2329,50.713170570297905,4.266076257981959,0.0002319884414060322,1.3151535087811879e-05,0.0002323609257624138,0.010108078408561308,0.0044916414060184795,0.011061107161305461
2330,50.09400244490702,5.318007844556597,0.00027780707926234813,1.0191310027975986e-05,0.0002779939497333762,0.011770682497554892,0.0051530638751373595,0.012849242536410104
2331,89.93024999998732,25.44324999999592,0.003690750393777583,-0.0015459162038659758,0.004001436664317551,0.005561978343402752,0.05434755874255224,0.05463142634388789
2332,34.65558695651848,7.671543478259823,0.00014099041098599926,-2.0328371959502274e-05,0.0001424483720388719,0.007966814891832336,0.0008475982659035332,0.008011776478477426
2333,151.8994453943997,6.934067128107612,0.04427643940832231,0.00744756579985947,0.044898433413896224,0.03062214697419793,0.010796558419829343,0.03246970217021042
2334,137.9505140983909,11.399710065964715,0.03130946279803843,-0.009347338668442466,0.0326749935100883,0.009377111161820582,0.00406723455598209,0.010221184406638741
2335,76.5846780979158,18.236602133851505,0.0021698357609119846,-0.0006115254806602173,0.0022543625801607872,0.018174057163468156,0.031279579563150625,0.03617607567755903
2336,145.10715050933007,4.670895972886717,0.032328935908275236,-0.0004375672389115881,0.032331896975741105,0.019654169186817227,0.0045043074567469804,0.020163708788041506
2337,130.4704793533673,14.456244711870852,0.023938258311007668,-0.012506724382287017,0.027008486920577765,0.001567126498640898,0.010514995482223186,0.010631134250582883
2338,48.522630434744954,12.1300652173792,0.000520131051911215,-6.13098484327113e-05,0.0005237320008144519,0.01601183552688198,0.006212512911054836,0.017174812767827865
2339,8.067604371788711,2.879520013618496,2.928117773165484e-06,-2.000140440879664e-07,2.9349411086698172e-06,0.00018960849339427673,0.0013075677484415695,0.0013212436556259421
2340,183.3323956282357,2.8795200136185737,-3.3802321469484536e-05,-2.948531322944012e-06,3.393067599811058e-05,-0.0002889255555192722,0.0013000681947197207,0.001331786502241975
2341,9.321428571445093,2.851201276562768,3.5063804603454284e-06,-2.1484171808012505e-07,3.512956147821922e-06,0.0002269551164639407,0.0012965569644394204,0.0013162707118695323
2342,182.07857142858393,2.8512012765647605,-4.081313923948437e-05,-3.3890860338196906e-06,4.095361081426362e-05,-0.0003462003234374572,0.0012882685730412978,0.0013339754796224935
2343,110.52930374503535,6.467041691127704,0.005143006153353799,0.00015972595324778268,0.005145485853986575,-0.00296689341650622,0.020630890444077964,0.020843130692399726
2344,144.08264928092757,4.476895890564833,0.030527044148451248,-0.0007182674475991854,0.030535492996966205,0.018043787671644163,0.0043445967138183005,0.01855946642942891
2345,142.92492913854178,4.47172384403963,0.02964102805894153,-0.001213120721599296,0.029665842416424528,0.016967401380524393,0.004155484615890681,0.017468851192929808
2346,10.564285714303805,2.851201276561574,4.170868227837724e-06,-2.4051393149335126e-07,4.177797113937988e-06,0.0002698241808531552,0.00129460832214085,0.0013224279928712274
2347,180.8357142857283,2.851201276564649,-4.903763028418122e-05,-3.950827181334724e-06,4.9196526496337326e-05,-0.00041212793498206067,0.001285158466211386,0.0013496228058488711
2348,141.67497175858398,4.461401620972782,0.028509653558788258,-0.0015760899490808767,0.028553185559053156,0.015670289472226172,0.00411806153088606,0.016202357943075014
2349,140.4334882740252,4.455389999487516,0.0274394500734013,-0.0019745809999140804,0.027510405130711985,0.014456085826640265,0.004047864632524364,0.015012115957133797
2350,108.12857142881865,0.0,0.0,0.0,0.0,0.0,0.0,0.0
2351,113.96259475568633,24.9391193540379,0.017896796823707865,-0.007394795646662473,0.019364357443637997,0.012018602881967396,0.05027694655673032,0.05169350220581646
2352,139.18353089406736,4.4450677764206805,0.02626971518668704,-0.0023099812440108107,0.026371081686903504,0.013179359165269251,0.004039503878278829,0.013784523915964466
2353,137.93507601901132,4.439077264012552,0.025148105340777372,-0.0026510253096728945,0.025287450196161763,0.011970395960432829,0.004032345977255994,0.012631317964877584
2354,85.75714285739429,0.0,0.0,0.0,0.0,0.0,0.0,0.0
2355,136.68511863905377,4.4287550409458305,0.02396371058798338,-0.002939362362065129,0.024143307069251135,0.010737140391244578,0.004074940964439163,0.011484394962076153
2356,135.43593633780793,4.422625958368368,0.022774472801551843,-0.0031880530345586365,0.022996527858348166,0.009519505504607794,0.004165662356247832,0.010391040752423133
2357,130.61076973899662,15.67528074029618,0.02379326303268863,-0.012940926661505151,0.027084810292877487,0.0020793027970844903,0.010728929552351794,0.010928560264796596
2358,134.18597895785035,4.412303735300978,0.021513168979394284,-0.0034114387776488916,0.02178197314454361,0.008269847648039622,0.0042784076079148674,0.009311023132892018
2359,132.93686989212148,4.4062462467209516,0.020179595787330005,-0.0035469733188995415,0.02048895082392,0.0069700485718967,0.004488351387739385,0.008290167385187182
2360,11.807142857161178,2.8394459696331635,4.9029530443598355e-06,-2.689740204985963e-07,4.910325404583749e-06,0.0003169693274188803,0.001288308075695049,0.0013267280250395923
2361,179.59285714287316,2.8394459696364405,-5.8298914715328794e-05,-4.405079338702345e-06,5.8465102248823974e-05,-0.0004848633227655835,0.0012777277550806987,0.0013666311345300326
2362,131.68691251216381,4.395924023654124,0.018786380349162433,-0.0036485629090905057,0.019137400500720766,0.005653422599916634,0.004727543556617888,0.007369589891776032
2363,130.44040690618192,4.392551122350634,0.017320864001996044,-0.003656584321064924,0.017702625191555636,0.004282975060907648,0.005073939218287285,0.006639934831248772
2364,129.19044952622434,4.382228899282963,0.01581715174997619,-0.0036271916891928973,0.016227717308109756,0.0029265018583661817,0.005447015998326785,0.006183396834511647
2365,127.97263268938171,4.427777072213907,0.014430610801858347,-0.003580509431325699,0.014868173253716244,0.0015942302120426303,0.005942201137245245,0.006152342994702764
2366,13.050000000019878,2.8394459696343635,5.744270151211315e-06,-3.052164997530867e-07,5.7523731347869626e-06,0.0003710550798174567,0.0012854876193640458,0.0013379687185418728
2367,178.35000000001742,2.8394459696365395,-6.908440906541985e-05,-4.659495719288969e-06,6.924136391115022e-05,-0.0005684882832972426,0.0012737779113467572,0.0013948795989909499
2368,2.012317383098128,2.734488445248053,6.171833922933399e-07,-1.1703689071727988e-07,6.281822772981448e-07,4.000316165064419e-05,0.0012624499181920136,0.0012630835478641424
2369,189.38768261690237,2.7344884452483154,-7.006658748097568e-06,-1.3565609637624768e-06,7.136772692239564e-06,-6.082685660835004e-05,0.0012584377214950465,0.0012599069034521944
2370,114.78804347823622,25.358695652184238,0.018405879678978783,-0.007162276568671598,0.019750306640738173,0.013337545993581433,0.04881620499010666,0.050605454278832576
2371,1.9856782785162674,4.626091071531663,9.233694229461093e-07,-5.672137582614473e-07,1.0836708627590326e-06,5.986429249597118e-05,0.001769272340985629,0.0017702848217427643
2372,189.41432172148342,4.626091071530253,-1.0513980321175066e-05,-6.491839566506231e-06,1.235668900439403e-05,-9.105103362971511e-05,0.0017500290670495735,0.0017523960814391935
2373,14.292857142879452,2.8290926717891383,6.682917405902589e-06,-3.474652980329544e-07,6.6919442008621775e-06,0.00043124277777709243,0.0012785199299029464,0.0013492900149871183
2374,177.10714285716136,2.8290926717909173,-8.113108614326019e-05,-4.187693276165194e-06,8.123909104464639e-05,-0.0006616315002757076,0.0012662280794853461,0.0014286671380815867
2375,15.535714285740431,2.8290926717908516,7.769753787600507e-06,-3.999935730353228e-07,7.780042980498372e-06,0.000500773622717421,0.0012742754894830087,0.0013691428867385212
2376,175.8642857143061,2.8290926717905966,-9.468261840969358e-05,-2.8300789171843363e-06,9.472490472728457e-05,-0.000768927004542524,0.0012619923960976187,0.0014777934720802321
2377,16.77857142860264,2.820141383028576,8.994182197538756e-06,-4.624216801328858e-07,9.00606169270342e-06,0.000578855942135475,0.001265929483125644,0.0013919955668005226
2378,174.62142857145122,2.8201413830287128,-0.00010886308907813143,4.4672512898990283e-07,0.000108864005653724,-0.0008884768280073192,0.0012552335998983102,0.0015378564511096668
2379,18.021428571464117,2.8201413830284996,1.0418717241962865e-05,-5.38299266767794e-07,1.0432614009373538e-05,0.0006694952562572264,0.001259336891027758,0.001426237463837768
2380,173.37857142859554,2.8201413830290454,-0.00012333192288354862,5.600053629814701e-06,0.00012345899644339566,-0.0010254008342710538,0.0012516548073328241,0.0016180502549807106
2381,19.264285714325027,2.8125921033498535,1.203818721097049e-05,-6.30050623681827e-07,1.2054663625119338e-05,0.0007722261723775437,0.0012482646752700385,0.0014678208204109541
2382,172.13571428574,2.8125921033500436,-0.00013607670605305668,1.322645926615035e-05,0.00013671799133606785,-0.0011771445338121331,0.0012454490180552568,0.001713713076935164
2383,20.50714285718562,2.8125921033499997,1.3927400715085846e-05,-7.364621926876541e-07,1.3946858687167947e-05,0.0008919985544438578,0.001237743422933591,0.001525670410719594
2384,170.89285714288502,2.812592103349656,-0.00014646586792035855,2.362585538918958e-05,0.00014835913018259044,-0.0013498651027371708,0.0012419688556257768,0.0018342907168527114
2385,21.75000000004655,2.8064448327545257,1.609016895906686e-05,-8.569642885134253e-07,1.6112973807559734e-05,0.0010289665944831698,0.0012222463642209626,0.0015977041113465452
2386,169.6500000000296,2.8064448327536904,-0.00015292475816231963,4.607433799085703e-05,0.00015971482799132859,-0.0015423567938811368,0.0012447275687635887,0.0019819715437087927
2387,22.992857142907525,2.8064448327543916,1.861140685250045e-05,-9.822999417666804e-07,1.8637311453235294e-05,0.0011892831829135708,0.0012061574041113258,0.0016938743083988275
2388,168.4071428571736,2.8064448327537335,-0.00014649278158468653,8.760622143076997e-05,0.00017068973340478264,-0.0017540275655674004,0.0012655717160215821,0.002162934226730927
2389,24.235714285768744,2.8016995712422355,2.1507410770687683e-05,-1.0997113029883904e-06,2.153550749364902e-05,0.0013741244880126936,0.0011849796752440394,0.0018144957810084918
2390,167.1642857143166,2.8016995712404493,-0.00011445000890120127,0.00016767583758450219,0.00020301229284737761,-0.0019739233093705654,0.0013190034821188457,0.0023740563213871077
2391,25.478571428630215,2.801699571242099,2.485760498757532e-05,-1.175611225146046e-06,2.4885389035958806e-05,0.0015905783355245782,0.001163764384704937,0.0019708594532710337
2392,165.89596942013355,2.6782101991308087,-2.9835667667752006e-05,0.00030493099141890197,0.00030638713516219153,-0.0021116503841009694,0.0014070846388432887,0.002537509512404342
2393,26.694451401855677,2.8256760751049077,2.882208522027351e-05,-1.2048950899802818e-06,2.8847259291353264e-05,0.001849241532005665,0.0011472208797949537,0.0021761916254622814
2394,164.7841509616926,2.8517852510830908,8.986667084844024e-05,0.0005588948268336418,0.0005660737107398544,-0.0024114235028538087,0.0016724335592795665,0.002934620472960729
2395,27.937308544716295,2.8256760751046066,3.315636291862387e-05,-1.0450710153735144e-06,3.3172828872718556e-05,0.00213884882184139,0.0011287415331477683,0.0024184151280012035
2396,29.166140685679984,2.837423085487674,3.806647201626224e-05,-6.559231049821829e-07,3.807212270000881e-05,0.0024731859812159797,0.001122407954654482,0.002715961802815884
2397,41.855095695651244,7.033613478150786,0.00023156331159085095,-1.0220896633753051e-05,0.00023178877022608189,0.011405599074496972,0.003443381028318077,0.011914048982371486
2398,138.6761251220576,12.308011461790752,0.03078348840995221,-0.009396389058954294,0.03218563788451144,0.008860928828436927,0.0038709492990154325,0.00966955573840767
2399,123.78678367757921,19.593834022424645,0.022294370308256713,-0.011205362550364056,0.02495193574307973,0.005564099078213754,0.025081918196319046,0.02569166827901644
2400,32.30357142857099,7.3,9.813508637847301e-05,-1.944784806750242e-05,0.00010004356037730272,0.0059688185466715135,0.0005536246984887373,0.005994438685136965
2401,188.71163508362918,5.534769777775674,-1.604031399719691e-05,-1.0092530774648961e-05,1.8951275697585836e-05,-0.00013872192201223684,0.0018770127842266634,0.0018821319730021858
2402,2.688364916369661,5.534769777777141,1.4063561999816534e-06,-8.797279719699122e-07,1.6588426887119619e-06,9.119433654738478e-05,0.0019068612554236186,0.0019090406633841136
2403,110.09597478007004,5.467711100972325,0.004274458422308813,0.000266215759609799,0.004282740435131619,-0.002626395676521607,0.01761241998395493,0.017807169677993926
