# units: Imperial, time: day
node_id,head,u,v_x,v_y,v_mag,i_x,i_y,i_mag,q,phi
1,302.0,4680.0,0.028755752993584734,-0.32132085221910445,0.32260499593316844,0.0018306662448104305,-0.2775447686837855,0.27755080609257093,2.560435523095819,74.63960193213269
2,301.06940859251927,-994.0689038267977,0.015220495965803943,0.008622926389058455,0.017493380375335543,0.17616314775236044,0.09980238876225063,0.20246968027008733,-1.7763568394002505e-15,183.89219693497319
3,263.02085837178726,-3368.298437600475,0.04735435449194634,-0.012310995377897455,0.04892847327010655,0.5480828066197493,-0.1424883724293687,0.5663017739595665,1.7763568394002505e-15,183.8610811280034
4,227.0,0.0,31.719122414387524,-3.056293286833271,31.866026664679158,0.09120692744535963,0.3602538936349,0.37162019790792983,-133.98127888207455,62.386324939850766
5,233.26493353662923,390.9318526856639,0.9713698211586778,0.7443738610581261,1.2237858368539913,0.6159525186846659,0.6931661382835067,0.9272954224716379,5.807976322103059e-11,180.15592156309106
6,267.710895361309,-2451.6401294543193,0.051140835711221314,-0.016728429434456026,0.05380729902704376,1.0082343587126499,-0.14600509118962465,1.0187512006088626,8.368306048112117e-15,183.19438715910863
7,301.95399495376387,-314.87071488513465,0.029603012613555933,0.016071269783191976,0.033684181276119676,0.5890661061068138,0.19850418468596404,0.6216130538379027,2.2212537798688148e-12,183.19456707956755
8,301.91957918903506,4674.981741395788,0.4873818950997462,-1.1094757306322551,1.211807537743926,0.6237129066799126,-0.7284285925026435,0.9589713261273705,7.87565568316495e-11,178.07459355248483
9,302.0,4680.0,7.60468173962181e-05,-0.2539723078544772,0.2539723192398097,8.801714976414132e-05,-0.2939494303871264,0.2939494435645945,1.002732581433591,42.79210922355567
10,227.0,0.0,9.358771997830218e-05,0.31541387262590836,0.3154138865103026,0.00010831912034525715,0.36506235257628283,0.3650623686461836,-1.245313584725217,32.46855752620145
11,237.9158971616211,2553.151982885157,0.037446220701589136,0.28504761614153173,0.2874967180904891,0.0009120474420010183,0.1827170437833292,0.18271932004978428,-6.366462912410498e-12,32.45984163963896
12,293.2105215450851,6003.53654441331,0.03015263435010019,-0.22951313289979933,0.23148533329723459,0.000734345828318439,-0.14712380765191302,0.1471256403275536,-2.7284841053187847e-12,42.782766831887514
13,237.94261894811982,3490.8194223626765,0.07692178404526545,0.05013822596263254,0.09181940188972292,0.0008902984264498315,0.0005803035412341728,0.0010627245589088302,-9.094947017729282e-13,31.932723500691832
14,293.18900307036535,6938.193791590797,0.06194003372112321,-0.040371713960917086,0.073935397919508,0.0007168985384389259,-0.0004672652078809847,0.0008557337722165276,1.8189894035458565e-12,42.21826720169176
15,302.0,4528.216216216672,0.11057966802786723,-0.32846902059807803,0.34658297776119057,0.0001279857268841056,-0.0003801724775440718,0.00040113770574211875,2.662177956663072,76.67940471486025
16,302.0,4376.4324324333775,0.11393839974289222,-0.3367384541264187,0.3554922578951914,0.0001318731478505697,-0.00038974358116483643,0.00041144937256387893,2.7365638473420404,78.76123374500433
17,302.0,4224.648648649972,0.11824140975417663,-0.34653643441259874,0.3661536990883097,0.0001368534835117785,-0.000401083836125693,0.0004237890035744325,2.820170736988075,80.90224039763196
18,302.0,4072.86486486651,0.12187468105821608,-0.3578987461123688,0.37808061356256784,0.00014105865863219455,-0.00041423465985227875,0.0004375933027344535,2.9059265933465213,83.10864348310643
19,302.0,3921.0810810831827,0.12662100553086475,-0.3694853519887147,0.39057944694501234,0.00014655208973479716,-0.0004276450833202716,0.00045205954507524567,2.9985048790404107,85.38102843673688
20,302.0,3769.2972973000806,0.13036884474104227,-0.3814921832095024,0.4031529753444299,0.00015088986659842854,-0.00044154187871470185,0.00046661223998197904,3.1081612927864626,87.73739790155862
21,302.0,3617.5135135169767,0.13481613909283396,-0.39475302245500643,0.417139473194831,0.0001560371980241134,-0.00045689007228588707,0.00048280031619772114,3.2011959236115217,90.1687137605686
22,302.0,3465.7297297338746,0.1402263330962228,-0.40720718365838593,0.43067518493245843,0.00016229899663914674,-0.00047130461071572444,0.0004984666492273824,3.324398862547241,92.6761107505318
23,302.0,3313.945945950773,0.14704386241490397,-0.4231709244529327,0.44799054540943484,0.00017018965557280552,-0.0004897811625612647,0.0005185075757053643,3.439467107054952,95.2705487533168
24,302.0,3162.162162167671,0.15110715429642596,-0.43930779826132493,0.4645693852297812,0.00017489253969493745,-0.0005084580998394964,0.0005376960477196541,3.559281909299898,97.98998771449173
25,302.0,3010.378378384567,0.1564967678534117,-0.45393782504572755,0.4801570444717126,0.00018113051834885616,-0.0005253910012103328,0.0005557373199904081,3.693729072896531,100.78524037006837
26,302.0,2858.5945946014667,0.16171864868783814,-0.47051532611180846,0.49753149994701024,0.00018717436190722006,-0.0005445779237405191,0.0005758466434571878,3.825870669359574,103.68533828585015
27,302.0,2706.810810818363,0.16756351702883876,-0.4870287593044509,0.5150480993351074,0.00019393925582041524,-0.0005636906936394107,0.0005961204853415595,3.960807859315537,106.68478386245896
28,302.0,2555.0270270352626,0.17389904976778325,-0.504599388408451,0.5337241069057315,0.00020127204834234172,-0.0005840270699171887,0.0006177362348445967,4.103136736506713,109.79156564619507
29,302.0,2403.2432432521587,0.17999671061289746,-0.5228332365509232,0.5529497346719472,0.00020832952617233502,-0.0006051310608228277,0.0006399881188332722,4.25509835491539,113.01190401495678
30,302.0,2251.4594594690584,0.1856769877588249,-0.5410522271540685,0.5720257479271091,0.00021490392101715847,-0.0006262178555023942,0.0006620668378785985,4.399989548706799,116.34940308545234
31,302.0,2099.6756756859545,0.19201749919579925,-0.5589695510607271,0.5910310304970794,0.00022224247592106394,-0.0006469554989128786,0.000684063692704953,4.546569743921282,119.79432053633008
32,302.0,1947.8918919028545,0.19900877303251718,-0.5780250006146161,0.6113242945274096,0.00023033422804689488,-0.0006690104173780279,0.0007075512668141314,4.692150353745092,123.35451746244861
33,302.0,1796.1081081190307,0.20505271763875044,-0.5967816380500324,0.6310268936620032,0.0002373295343041093,-0.0006907194884838338,0.0007303552009976888,4.854306174238445,127.03855923020241
34,302.0,1644.3243243344903,0.2109442022161261,-0.6151031672457066,0.6502686850866322,0.0002441483821945904,-0.0007119249620899382,0.0007526257929243428,4.997055829575402,130.84418427077486
35,302.0,1492.5405405499498,0.21654689716666553,-0.6319739111746117,0.6680445966234937,0.0002506329828317888,-0.0007314512860817265,0.0007731997646105251,5.152076976111857,134.75254353993213
36,302.0,1340.7567567654096,0.22438426586040805,-0.651519807912166,0.6890764535721853,0.0002597040114125093,-0.0007540738517501921,0.0007975421916344736,5.300089386626496,138.7593961800234
37,302.0,1188.9729729808691,0.22911910851416906,-0.6716990651646029,0.7097007820408041,0.00026518415337288087,-0.0007774294735701422,0.0008214129421768566,5.4436192730936455,142.92241707465803
38,302.0,1037.189189196329,0.23553833318828765,-0.6888749292481862,0.7280295148878309,0.0002726138115605181,-0.0007973089458891044,0.0008426267533423968,5.595241600909503,147.18059944226434
39,302.0,885.405405411785,0.24290577049401918,-0.7083745432814794,0.7488642780294288,0.0002811409380717815,-0.0008198779436128234,0.0008667410625340611,5.764107887982391,151.5542186821462
40,302.0,733.6216216272446,0.25123409212648085,-0.7313579361860434,0.7733065368073166,0.00029078019922046394,-0.0008464790928079206,0.0008950307138973571,5.960176628395857,156.0591859445678
41,302.0,581.8378378427043,0.2652655868351417,-0.7627244041088943,0.8075359733053754,0.0003070203551332658,-0.000882782875126035,0.0009346481172515918,6.213521662109997,160.72214517516693
42,302.0,430.0540540581639,0.29348530082370416,-0.8142657631352677,0.8655416540027637,0.0003396820611385465,-0.0009424372258510042,0.001001784321762458,6.637039826542605,165.61757778769072
43,302.0,278.27027027362357,0.3689624031620724,-0.9264775438867616,0.9972431470176057,0.00042703981847462086,-0.0010723119720911594,0.0011542166053444512,7.7482889032689855,170.95298996587582
44,302.0,126.48648648908319,0.9829707713311677,-0.8270594362068664,1.284624010483305,0.0011376976520036663,-0.0009572447178320213,0.0014868333454667881,13.427804217251833,177.47195839847925
45,301.9869967588066,-26.108699545929902,1.0140832028133673,-0.1420838511032798,1.0239885560749964,0.0011737074106636196,-0.0001644489017399072,0.0011851719399016162,5.820766091346741e-11,182.13315796907798
46,301.98141013842405,-178.24108844234016,0.40653115640444737,-0.04671608265859086,0.4092065169404094,0.000672955703992173,-7.678599735901533e-05,0.0006773222784805028,2.9103830456733704e-11,183.91408082868756
47,301.97714382753213,-330.2910900265364,6.176478783330594e-05,1.6938056905064515e-05,6.404519332325027e-05,0.0007148702295521522,0.00019604232529009855,0.000741263811611693,-3.637978807091713e-12,183.9142123263314
48,301.9676031896107,-482.67020961737325,0.00012106000458504127,0.00018067182715878405,0.00021748065164290767,0.0014011574604750148,0.0020911091106340742,0.0025171371717929124,-7.105427357601002e-15,183.91409119195228
49,301.93358742419974,-636.5765771635404,0.0006353432773433383,0.001300803659606254,0.0014476709712190811,0.007353510154436786,0.01505559791210942,0.0167554510557764,2.3092638912203256e-14,183.91277003780473
50,301.6959564088109,-803.1885363070995,0.0040482493881573755,0.0032852878859621916,0.0052135822236123305,0.04685473828885852,0.03802416534678462,0.06034238684736494,-2.042810365310288e-14,183.90258445622067
51,297.58639846093956,-1211.4087360373712,0.05056457188345119,0.028135770309571893,0.05786533937228477,0.5852381005029073,0.3256454896941191,0.6697377242162589,-6.758418120413039e-15,183.78671232719364
52,289.40567986922736,-1721.8855761602128,0.08483443010207092,0.004719825080775685,0.08496562410490655,0.9818799780332284,0.05462760510157043,0.9833984271401222,-3.552713678800501e-15,183.67735482543108
53,279.04060895826603,-2368.666001004199,0.08747451711052646,-0.002079738072319368,0.08749923687763936,1.0124365406310933,-0.024071042503696384,1.0127226490467516,-3.887295199552395e-15,183.67733649383186
54,269.63909226917326,-2955.3206424035884,0.07102152836769435,-0.014289948023786572,0.07244487632818303,0.8220084301816475,-0.1653929169419742,0.8384823649095258,7.105427357601002e-15,183.74152441096714
55,259.5597828470965,-3432.485766557392,0.035745096105836406,-0.013305194837662163,0.038141055377160615,0.41371639011384725,-0.15399531062108984,0.4414474001986182,-3.552713678800501e-15,183.86271322571102
56,256.36063097693557,-3480.3290594716545,0.031098083761969455,-0.012592080212390328,0.03355072723119039,0.3599315250227946,-0.14574166912488806,0.3883186022128517,7.105427357601002e-15,183.88020892586766
57,253.57256374385838,-3502.5206710318857,0.027512549415139614,-0.010786573035031194,0.029551489525243245,0.31843228489744924,-0.12484459531286103,0.3420311287643894,-4.440892098500626e-15,183.89340629016445
58,251.07163035524243,-3506.795130697736,0.025115345611696763,-0.009494865179358396,0.02685019646053206,0.29068687050574954,-0.1098942729092407,0.3107661627376396,3.552713678800501e-15,183.90229094901602
59,248.7754840918637,-3498.2908737487887,0.023308317006983503,-0.008673126462038964,0.024869675597493365,0.2697721875808276,-0.10038340812545095,0.2878434675635806,7.993605777301127e-15,183.90879277234075
60,246.64167279350133,-3479.656914982815,0.02166015693269373,-0.008036345342969264,0.02310292719160029,0.2506962607950663,-0.09301325628436648,0.26739499064352185,-3.552713678800501e-15,183.9145993300345
61,244.65833736441414,-3451.633261974071,0.02008440570078029,-0.007557849777091813,0.021459367316084194,0.2324583993145867,-0.08747511316078486,0.24837230689912262,1.0658141036401503e-14,183.91998854968193
62,242.83816979920863,-3413.42793425911,0.018270376191032205,-0.007140778235516021,0.019616252444609694,0.21146268739620608,-0.08264789624439839,0.22703995884964923,1.7763568394002505e-15,183.926454204496
63,241.18547927794603,-3364.772039002115,0.016283170008062477,-0.006504457892068831,0.01753424073010183,0.1884626158340564,-0.07528307745450036,0.2029426010428452,-8.881784197001252e-16,183.93389953312263
64,239.704620099718,-3305.393867939759,0.014427096413720785,-0.005767584071084276,0.015537249980219157,0.16698028256621278,-0.06675444526717911,0.17982928217846247,-2.6645352591003757e-15,183.94069031282365
65,238.40836192061934,-3234.4965945317304,0.012590608367075033,-0.005110278690603446,0.013588170125101301,0.14572463387818324,-0.05914674410420654,0.15727048755904283,-3.552713678800501e-15,183.94711307902702
66,237.28854287238644,-3152.589519357682,0.010780393799227786,-0.004484241553050686,0.011675843128979393,0.1247730763799512,-0.0519009439010496,0.1351370732520763,1.7763568394002505e-15,183.95342242703
67,236.3299718464431,-3060.6205675927617,0.009177169781894827,-0.003847833164208624,0.009951194162778019,0.10621724284600494,-0.044535106067229435,0.11517585836548631,3.552713678800501e-15,183.95919154512163
68,235.51444059400882,-2959.7259339608763,0.007774536054769374,-0.003239083326814125,0.008422296104089086,0.08998305618946034,-0.03748939035664497,0.09748027898251257,8.881784197001252e-15,183.96412961783182
69,234.83490658984863,-2850.3450720366873,0.006490079031626439,-0.0028501663929192105,0.007088340729965178,0.07511665545863933,-0.032988036955083455,0.08204098067089326,-5.329070518200751e-15,183.96810482497924
70,234.25392797506157,-2734.8143538156182,0.0054980547914206005,-0.002296574758411771,0.005958427822038051,0.0636348934192199,-0.026580726370506607,0.06896328497729225,-7.993605777301127e-15,183.9714004277788
71,233.7678160066845,-2613.363956858562,0.0046566829760596425,-0.0019613952721941022,0.0050528969664252075,0.05389679370439401,-0.022701334168913217,0.05848260377806953,7.105427357601002e-15,183.97431689635147
72,233.3562384798794,-2487.2626107474157,0.003979310723164553,-0.0016870761988757963,0.0043221684294235466,0.046056837073663814,-0.01952634489439579,0.050025097562772534,-4.440892098500626e-15,183.97685786342305
73,233.00196466823962,-2357.585512809957,0.0034034331737052815,-0.0014260368436459319,0.003690113608998137,0.03939158765862594,-0.0165050560607168,0.042709648252293245,7.105427357601002e-15,183.97911144799397
74,232.69394073336693,-2225.0224225622283,0.002999009260131163,-0.0012031346085538133,0.003231344832829267,0.03471075532559217,-0.013925169080483949,0.03739982445404244,-5.329070518200751e-15,183.98070714009867
75,232.4234122297782,-2090.1196174023803,0.002674242707752893,-0.001041957249020095,0.0028700607953064425,0.03095188319158441,-0.012059690382177024,0.033218296241972714,-1.7763568394002505e-15,183.98188907022637
76,232.18113964833628,-1953.4536427005708,0.0024338502651647335,-0.0009207441003843457,0.002602190771568261,0.028169563254221448,-0.010656760421115111,0.030117948745003016,4.440892098500626e-15,183.98277604056767
77,231.95850483082683,-1815.5622715293796,0.002271102266014236,-0.0008289927479993025,0.0024176712925727587,0.026285905856646252,-0.00959482347221415,0.02798230662699952,-1.7763568394002505e-15,183.98338879748448
78,231.74860695676716,-1676.8761150869177,0.0021798782414233987,-0.0007639149956238071,0.0023098561141270445,0.02523007223869674,-0.008841608745645916,0.02673444576535931,-1.687538997430238e-14,183.983750455082
79,231.54550025373746,-1537.7661895721865,0.002145485579652512,-0.000723865899314012,0.0022643078882268993,0.02483200902375593,-0.00837807753835662,0.026207267224848372,-3.552713678800501e-15,183.9838994130238
80,231.34397117273426,-1398.557820443003,0.0021607559830234893,-0.0007034418799511428,0.0022723769266213304,0.025008749803512604,-0.00814168842536045,0.02630065887293206,-5.329070518200751e-15,183.98387777015407
81,231.1394296485085,-1259.5374277709075,0.002224652238506241,-0.0007057294482846601,0.002333909089160715,0.02574828979752593,-0.008168164910702084,0.027012836680100866,-7.105427357601002e-15,183.983730242723
82,230.92688794617644,-1121.0162462126432,0.0023269533187490993,-0.0007055798923355439,0.0024315745376413374,0.026932330078114575,-0.008166433939068796,0.02814322381529326,0.0,183.9835204034121
83,230.70442224816318,-983.114321984889,0.0024805807108717773,-0.0007274593165913871,0.0025850488816354595,0.028710424894349273,-0.008419668016104017,0.02991954724115115,-6.217248937900877e-15,183.98316188508102
84,230.46426536008508,-846.3163280171779,0.0027484322262336155,-0.000787115112948618,0.002858921108255977,0.03181055817400017,-0.009110128622090485,0.033089364678888615,3.3306690738754696e-15,183.98249860222276
85,230.1978049204162,-711.1596756687317,0.0030041007240865273,-0.0008747990901848596,0.003128880727775582,0.034769684306557025,-0.01012498946973217,0.03621389731221738,-1.7763568394002505e-15,183.98178350287705
86,229.90572422434443,-577.6017273198268,0.0032795316955571484,-0.00095308395482989,0.0034152155374321735,0.037957542772652175,-0.011031064292012616,0.03952795760916867,-2.220446049250313e-15,183.98115134329777
87,229.58872443476986,-445.5987304054966,0.003914024625814659,-0.0008802265204248784,0.004011781088088291,0.045301210946928926,-0.010187806949362018,0.04643265148250337,2.886579864025407e-15,183.98029539350068
88,229.17207756818294,-319.81371109673535,0.004978854423276238,-0.00019954034731790672,0.0049828513642677635,0.05762562989903053,-0.0023094947606239202,0.05767189079013615,1.8189894035458565e-12,183.9761413448631
89,228.7057438837187,-197.12914922351948,8.008233130368328,-0.04965957189773259,8.008387099997725,0.06970608724100291,0.000257865003545632,0.06970656420173327,-2.5011104298755527e-12,183.96836626564763
90,228.1488086543395,-80.09812375299889,60.130550832502,-5.069427045844881,60.34386658139542,0.10191115517547189,-0.0058898420971574455,0.10208121173422934,5.820766091346741e-11,183.95867019413575
91,228.17704906022868,73.4478613582698,41.08878517434251,-2.9272564288010314,41.19292533073156,0.10218161739824043,0.2114900131784513,0.23488105204196846,-1.4864554032101296e-11,67.828998639911
92,228.76738760782183,110.28498672808227,21.516643433433423,-0.627898748000846,21.525803155265884,0.06797727624049885,0.17590660303383135,0.1885843129106422,7.709388682997087e-12,71.71668795407462
93,229.23818241047383,139.66258241356672,13.4806731024669,-0.421476942383714,13.487260289196456,0.05480390516054673,0.1744748782245524,0.18287960835565728,5.968558980384842e-13,75.14960611120956
94,229.6116027828299,162.9640136485852,14.39726754571704,-0.12392166602596999,14.397800851597713,0.044706519945039734,0.20533852391326649,0.2101489527180075,8.526512829121202e-14,78.20847597067203
95,229.9268001473866,182.632329196923,11.132060628583972,0.014185638938559925,11.132069666994608,0.039436336334622395,0.20739012016261427,0.21110633947032723,2.759037442956469e-11,81.31899038861148
96,230.20914396747327,200.25058357033186,10.161360039892168,-0.19753610340700875,10.163279902298596,0.03595255452601236,0.20938883935501926,0.21245298826655262,1.5369039374490967e-11,84.33386178288933
97,230.4722302573729,216.66716806006892,12.864164384692081,-0.1085330108823126,12.864622214850748,0.03311566407613691,0.21230034566825276,0.21486759638917907,-7.901235221652314e-11,87.32167757971501
98,230.71116649159288,231.5767890753955,10.59343059595311,0.09473801115135912,10.593854212798684,0.03009670780407576,0.21594530974710816,0.2180325402833678,9.961809155356605e-11,90.3475703229052
99,230.9191031381998,244.5520358236676,8.453974205044043,0.026289321059461124,8.454015080892145,0.027920140392604213,0.22007318621152372,0.22183719599930649,5.4015458772482816e-11,93.38900891874765
100,231.1233021595744,257.29405475744215,9.974586539547152,0.059129176456267085,9.97476179637507,0.02687371026649547,0.22461871190941865,0.2262206048160378,1.7033841004376882e-10,96.4291326115019
101,231.31557402236703,269.2918189957027,10.05172825860282,0.17780627321197703,10.05330075425917,0.0254549262015175,0.2296405022502673,0.23104699422775388,-2.5863755581667647e-11,99.49840104400643
102,231.4950153346858,280.4889568843941,9.701384243466494,0.27730882321078193,9.705346795597286,0.024096531618864703,0.23513850053812688,0.23636995847902845,8.697043085703626e-12,102.59856137867928
103,231.66419978081805,291.04606632304643,9.181590844138169,0.23933819055575525,9.18470975037428,0.022912612744845545,0.24095553839266395,0.24204247417528563,5.3439919156517135e-11,105.73418668694002
104,231.82105840363013,300.83404438652025,8.547848986578733,0.2292070518826416,8.550921480752107,0.02173668852715162,0.24733637551413365,0.24828968218714795,-4.278177812011563e-11,108.90794531377102
105,231.9725913114141,310.2896978322402,8.093981382283173,0.4364639996363862,8.105740893942096,0.02076831862314021,0.2543519488984482,0.2551984266543802,8.86757334228605e-11,112.12746675128
106,232.11178752002124,318.97554124932526,7.661103683439657,0.34251586984900984,7.668756533461673,0.019815740738041463,0.26154697166160784,0.2622965534778434,1.4075851595407585e-11,115.3932921742272
107,232.24458485620377,327.2620950271154,7.172003314552485,0.25032549619139216,7.1763705588546145,0.018887259285491596,0.26922043667568235,0.2698821448098456,-1.382716163789155e-11,118.71167255951279
108,232.3685260127664,334.9960231966239,6.66910204694091,0.2678816845944534,6.674479957978194,0.017868144336985314,0.2774917571845634,0.278066441498114,4.282441068426124e-11,122.08880587425132
109,232.4834928092905,342.1699512997278,6.191669484981023,0.28835613809176186,6.198380455701341,0.01691772128275305,0.2863450045648073,0.2868443322302542,2.034994395216927e-11,125.53040644458352
110,232.590301249855,348.83479799095215,5.736172330730912,0.31050452799547307,5.744570137943186,0.01601741543410355,0.2956627890439278,0.29609633976532507,-6.10143047197198e-11,129.0415732835576
111,232.68892040206327,354.9886330887483,5.292067470204466,0.3306987392585314,5.302390005020706,0.015144121214649135,0.3055479399758975,0.30592300997289934,6.792788553866558e-11,132.62738741844825
112,232.77987392317826,360.66413280632327,4.8663148017395725,0.3541983230560679,4.87918806787414,0.01433525161699258,0.3159950078128464,0.31632000316382675,2.5934809855243657e-12,136.2931816698945
113,232.86318788240615,365.8629238621439,4.4487599478923405,0.3769060733285651,4.464697443509809,0.013515115967283187,0.32712697582422007,0.3274060425091586,-1.1371525943104643e-10,140.0445556096969
114,232.939251419536,370.6092885790459,4.049919051840688,0.4012522429381174,4.069747865522513,0.012597083246912439,0.33888190954634406,0.33911596117568127,7.823075520718703e-12,143.88933815612575
115,233.00818772704505,374.9109141676114,3.6548960868167444,0.41974333886797305,3.6789196615246147,0.012308600336227571,0.35189890692110143,0.3521141041402673,-7.65538743507932e-11,147.83794248716526
116,233.06990805917707,378.76226289264895,3.2471697306575567,0.4382597034984945,3.276611485576106,0.011990336850034061,0.3663589593663783,0.3665551190282205,6.482991921075154e-11,151.90388818267812
117,233.12424166281568,382.1526797596983,2.8343009611248333,0.47895553066264557,2.8744843604698027,0.012170565721340171,0.38354860082305464,0.3837416472879903,-5.565681249208865e-11,156.11870960309642
118,233.1715709799865,385.10602915115834,2.444182816806029,0.5245580032090008,2.4998381429005496,0.013629695580599352,0.40655290371004266,0.40678130748190366,2.4343194127141032e-11,160.55024071656476
119,233.21121948867741,387.5800960934707,2.0092533977016473,0.5451063159110586,2.0818837892211324,0.01843427436745863,0.4432274358948476,0.44361062025314046,-9.355005659017479e-11,165.36563501208252
120,233.24245947326244,389.52947113157643,1.5023667586473348,0.6464742990464772,1.6355533916128002,0.03398451902031157,0.5176169344299714,0.518731373970886,-3.694822225952521e-12,171.09925969866532
121,233.2614593324573,-63.10311948106041,0.29913619533978125,0.18125855417731873,0.3497672466438385,0.8584966664659328,-5.614790664380346e-05,0.8584966683020421,-1.3804068998979346e-11,181.78146495341565
122,240.98911018943332,-34.71588783215179,0.07591995803035172,-0.03234822725762736,0.08252422574033319,0.8787032179438854,-0.374400778444761,0.9551415016242265,6.217248937900877e-15,182.43838414067795
123,246.4699352238062,-146.530587513681,0.05219382033660137,-0.01866144613723185,0.05542963515360919,0.7699302980004045,-0.2070124980739214,0.797274631565433,-7.105427357601002e-15,182.7718598861113
124,249.69677932325814,-398.99369753397224,0.03598296479201717,-0.006297751997422771,0.03652992520447571,0.7887881733779998,0.007561559024847379,0.7888244162270129,-2.7755575615628914e-15,183.01861897227553
125,251.0830712832889,-766.3072610418039,0.014327557196771055,-0.0027738926572129902,0.014593607357349526,0.971251228592747,0.15116188184583082,0.9829439778370349,-7.993605777301127e-15,183.19318220927292
126,252.82544310230548,-1111.4014413486668,0.009727088736244243,-0.0006221465514720765,0.009746964738536722,1.265483898108009,0.28263689646638646,1.296662296673576,-9.415320086081369e-15,183.19350793109285
127,252.84369180787846,-1564.0809039344047,0.006310781450231166,-0.003178506891717713,0.007066036270305919,1.5988023053654388,0.6146908303567106,1.7128962690619838,-5.7773881165235075e-15,183.19386373377557
128,254.51132104115365,-1913.8390215915274,0.0072405778445663775,-0.009154931814003777,0.011672135367715882,1.354917376662451,0.5656397337738607,1.4682470521017987,1.4118155429454493e-14,183.19405482601485
129,257.1092325397598,-2205.547525892,0.009945483932728138,-0.013512026412428107,0.016777589470073115,1.1550388928425364,0.1881587595925248,1.17026431321745,2.0754014826152023e-14,183.19418800405734
130,260.88734452089153,-2423.6115200828735,0.017592061241382902,-0.02000111646102006,0.026636915707488624,1.1396308816226666,-0.05576747325308359,1.140994547498405,-6.038138739006271e-15,183.19429709942958
131,279.0409652191263,-1744.6437703265194,0.05237058067595785,-0.0011856006457114686,0.05238399917177115,1.153818734186807,0.3127624680801961,1.19545724842006,-8.085112440658904e-15,183.19438937771434
132,289.4060558116342,-1097.8621173540266,0.05387072357547732,0.0026996857412715292,0.053938327390150996,1.026720957164566,0.3370997987809945,1.0806443439999625,-5.886350434858301e-15,183.19445091146832
133,301.9677521355913,139.8059150743954,0.05483126839664773,0.016264965827214508,0.057192806430054435,0.24125103586952554,-0.12742269566829023,0.272834392405893,1.007460781465852e-11,183.1350412518234
134,301.96858437969075,593.6760289196964,0.07265409412551374,-0.010393665295087045,0.07339377133970774,0.2589732810615423,-0.13537521018602247,0.29222184695311604,5.4922288938996644e-11,182.86271619375665
135,301.96862891782564,1047.4969899128116,0.05827761365915079,-0.04922330197287117,0.07628377095370746,0.27471849061927994,-0.14284428333604696,0.3096364616286723,1.9466206424567645e-11,182.57835222524204
136,301.96785798371417,1501.2670654377507,0.043019733670050686,-0.0940113627641897,0.10338681644108288,0.2901694259351127,-0.15096775261436748,0.32709258334139235,2.90842905315003e-11,182.2755305211665
137,301.9661456581524,1954.9783981361957,0.024902408942947013,-0.1446120993142372,0.14674055076642098,0.3074588524753498,-0.16095129474736206,0.34703928487465385,4.170086498334058e-11,181.95075143496928
138,301.96337119361635,2408.623453362644,0.005086973348296871,-0.20091768778925925,0.20098207523166972,0.32970817620253196,-0.1747913599146198,0.37317489325462666,-8.980638455113876e-11,181.5982710918681
139,301.9594173654462,2862.194916298573,-0.014790206311001206,-0.2651196148595331,0.2655318443915704,0.3607853487907682,-0.19635942039932766,0.4107591628699671,3.342215393331571e-11,181.207819580353
140,301.9541074350601,3315.6817584685714,-0.03263082667221299,-0.3443416785735953,0.3458843194656174,0.4085236774806163,-0.23058422331526884,0.4691062556651663,4.624300942168702e-11,180.76080573000462
141,301.94708881415016,3769.061978350183,-0.042493781428933654,-0.4615219810228794,0.4634741205584332,0.4917472060338173,-0.2898280256427815,0.5708025920491763,4.022204791453987e-11,180.21476216615403
142,301.93733207859947,4222.271339878213,-0.007110271815387234,-0.7344984337417703,0.7345328482337616,0.6441124029441773,-0.41261418889842183,0.7649387272892024,7.854161765408207e-11,179.46172130742573
143,301.999025044494,4679.939162776424,0.05703082712990037,-0.32760362927033637,0.33253068001947816,0.0012558822808821932,-0.18939803761043938,0.18940220138897235,4.533262654149439e-12,77.13635668671014
144,301.99799172701915,4679.8746837659955,0.06783906092585727,-0.3355442188973144,0.3423332601759739,0.0012354453045356954,-0.16618436139337942,0.1661889535944728,-4.139621978538344e-11,79.45174596108808
145,301.9968981105851,4679.80644210051,0.07139226225325687,-0.34434940114613394,0.351672241127074,0.001329691089317513,-0.17022908610267504,0.17023427925580958,-1.0744827250164235e-10,81.7556022924274
146,301.9957414992309,4679.734269552009,0.06671301529847916,-0.35282354194368376,0.3590753098723184,0.001613467476088271,-0.2034908529983929,0.2034972494440894,-3.2727598409110215e-11,84.08392705149606
147,301.99451292445315,4679.657606485876,0.07043232589533711,-0.36244213133673675,0.3692221703784096,0.0017009410617420575,-0.20870901655555466,0.20871594762279738,-7.08837433194276e-11,86.44873968151329
148,301.9932144292819,4679.576580387192,0.07517146696321626,-0.37203526522655417,0.379553669482452,0.0017868879818127785,-0.21419354283531197,0.21420099617182495,3.6195046959619503e-11,88.85633619044488
149,301.9918315345864,4679.490287758193,0.08030122323669041,-0.38166000537801076,0.39001621268666764,0.0018784881205836212,-0.21999506850498443,0.22000308835135013,5.67581537325168e-11,91.31074802189355
150,301.99035137393923,4679.397925733808,0.08464961415454554,-0.39269108123090185,0.4017111430553155,0.001985614671005611,-0.22606024518888942,0.22606896540764396,-5.6274984672199935e-12,93.81528785573916
151,301.98878744269905,4679.3003364244205,0.09014280260532521,-0.40375621424389047,0.41369651364508864,0.0020831505703360663,-0.23243242486435456,0.23244175968320002,4.0813574742060155e-11,96.37255860846689
152,301.98711926307686,4679.196242015996,0.09615528319614182,-0.41547578079590847,0.4264574573324988,0.002174924351253532,-0.23908084756526962,0.23909074003077024,2.8350655156827997e-11,98.98562774648937
153,301.98534594195274,4679.085586777851,0.10198813077100344,-0.42765845650471773,0.43965137806921617,0.002274333443433048,-0.24607487591543808,0.2460853858915847,2.0732215944008203e-10,101.6570871013921
154,301.9834644586802,4678.968182221644,0.10820839018390477,-0.4403958966427372,0.4534948748177345,0.002393630415884509,-0.2533605995494265,0.2533719062378714,1.3601209047919838e-10,104.38972059701665
155,301.9814707458726,4678.843774542452,0.11461740220047828,-0.45360844233162795,0.46786511714564916,0.002501205899243142,-0.2610140275120436,0.26102601132647346,3.487343747110572e-11,107.18631422485106
156,301.9793552139781,4678.711765352235,0.12096391437899107,-0.46759627714630875,0.48298917895018667,0.0026182329121096793,-0.2689747922542356,0.26898753504910083,-9.305267667514272e-11,110.0495978062372
157,301.9771274183944,4678.57275090781,0.12800829633334998,-0.48178147950836087,0.4984972596990197,0.0027270944878621784,-0.2773488502235999,0.27736225728223834,1.1945644473598804e-10,112.98280039507769
158,301.9747716190636,4678.425749029567,0.13502182856549103,-0.49699111501981325,0.5150058859836517,0.0028688564119287003,-0.28604900051632737,0.2860633863910272,-3.380762336746557e-11,115.98843117214872
159,301.9722946920338,4678.27118878291,0.1418720705667029,-0.5126359033646903,0.531905305317982,0.0029927063749448086,-0.295109890953236,0.2951250650654354,-7.219114195322618e-11,119.06995131596473
160,301.9696945844785,4678.108942071457,0.14868959975249155,-0.5289576250590687,0.5494586118923667,0.0031340958042576535,-0.30454394177864447,0.30456006801710667,2.658850917214295e-11,122.23037777809225
161,301.9669731927147,4677.939127225397,0.15547645496224263,-0.5458993515641335,0.5676081659787566,0.0032823151830887413,-0.3143735013180316,0.31439063587187127,-3.538502824085299e-12,125.47309914631731
162,301.9641314938349,4677.761805215297,0.16203068676640184,-0.5635603501705061,0.5863908353123327,0.0034299156372790047,-0.3246152978245747,0.3246334177237707,-1.772235691532842e-10,128.8011451236687
163,301.9611755522331,4677.577354459346,0.1683782200330036,-0.5819352755396473,0.6058051583627262,0.003563429661876904,-0.3353753068215113,0.3353942373634019,4.979483492206782e-11,132.21869285011923
164,301.9581075547384,4677.385911415675,0.17437206293617413,-0.6011383718100622,0.62591769298772,0.0037482087393484608,-0.34656560261961883,0.3465858710159046,-4.192202140984591e-12,135.7280528257062
165,301.95493726024324,4677.188085039178,0.18001428581412782,-0.6211874609717994,0.6467449302203778,0.003964654584092749,-0.3583459256897399,0.3583678570190242,3.700506567838602e-11,139.33491581303724
166,301.9516693234577,4676.984165783759,0.1851930270658828,-0.6424193150551324,0.6685798633145709,0.004210606232672629,-0.3707659584762523,0.3707898665951656,4.197886482870672e-11,143.0443792352762
167,301.94831239712164,4676.77469358039,0.19007856088756517,-0.6652549151627293,0.691877128872792,0.0045530589043089546,-0.38404355443420063,0.38407054306187155,-7.986500349943526e-11,146.86485691419327
168,301.9448665342677,4676.559671738304,0.19521681104425745,-0.6912325821193934,0.7182702039606914,0.0051074659142517345,-0.3988236019088702,0.39885630451032134,1.830358087318018e-11,150.80982208415654
169,301.9413150641909,4676.338060005513,0.20205019618567632,-0.7234184947119856,0.751104919615113,0.0061705730643849864,-0.41631146989352175,0.4163571975321762,-2.4016344468691386e-11,154.9066392902534
170,301.9375918425674,4676.105730976204,0.2135566322788348,-0.7689928325655947,0.7980954903565952,0.008383803711097483,-0.4395566538062372,0.43963660001187627,-2.4002133613976184e-11,159.21522139460245
171,301.933539094143,4675.852839474523,0.2413327673483898,-0.847075654857368,0.8807829866931303,0.013922846148021036,-0.47668105449294984,0.47688433960172366,-6.485834092018194e-11,163.8917402912737
172,301.92856692793407,4675.542576303086,0.3413412506482382,-1.050365955334089,1.1044376349613394,0.030582314970311136,-0.5515976787829828,0.5524448182648816,-1.347331135548302e-10,169.43345867390886
173,246.5299824793227,1218.6709067097372,0.5008195040953962,0.2263918426501376,0.5496120832922828,1.168291058172129,0.5586151352884515,1.2949729209440204,-5.684341886080802e-14,181.29760124897172
174,253.25052656279817,1638.0328575186059,0.30181385142155276,0.0843000139169454,0.3133657499732674,0.6824881646731537,0.23266353057529385,0.7210564564433845,9.947598300641403e-14,181.66955888692286
175,257.77261288699634,1920.2110441485718,0.2173003110268451,0.03575420408664897,0.2202221339516838,0.4844513487282575,0.07850070645179012,0.49077028251317123,-1.4210854715202004e-14,181.80957271964095
176,261.1868723398458,2133.260834006379,0.17136737246501302,0.010071885311960085,0.17166309801264737,0.3800618067939115,-0.02003401773806897,0.3805894623477925,5.684341886080802e-14,181.82713327333258
177,263.9882211448608,2308.064999439314,0.146170694715949,-0.008363759092591766,0.1464097826646228,0.3235768804711648,-0.09715956809719432,0.33784904802039,0.0,181.75910041363278
178,266.4730134784831,2463.1160410573452,0.13462048424878384,-0.023616999703028798,0.13667639684433416,0.29774393434579854,-0.16451669037819006,0.34017229730345244,1.4210854715202004e-14,181.62347966298162
179,268.84713861148344,2611.261449356567,0.13398843351350606,-0.03720060354493435,0.139056769772315,0.2966123408618871,-0.22700699786173603,0.37351179075066226,4.263256414560601e-14,181.4284109391994
180,271.3159651580428,2765.31622586187,0.14474298711044128,-0.05207504660452834,0.15382568965071203,0.3198496898436534,-0.29068557943380274,0.4322058886501281,-1.4210854715202004e-13,181.1751660643414
181,274.0742096584388,2937.4306826865813,0.16806238366107398,-0.06962756713948395,0.1819147132796173,0.3712605418960753,-0.3606530626463827,0.5175954226663748,-5.684341886080802e-14,180.8586065868225
182,277.4146104893662,3145.871694536452,0.21250888436171214,-0.0932891353370575,0.2320837967299643,0.4689551890121429,-0.4446694641828722,0.6462583861568818,-2.842170943040401e-14,180.46567630435626
183,281.83258282412896,3421.5531682256474,0.29484809823915364,-0.1357270911370618,0.32458780677002314,0.6520872199858813,-0.5554910877625753,0.8566143187295927,-7.105427357601002e-14,179.96997101626408
184,288.4251311755443,3832.9281853539655,0.49647378317992924,-0.2611909181793722,0.5609874447118891,1.1013346222907214,-0.7264802977015309,1.3193602893844998,4.263256414560601e-14,179.29046277835593
185,302.0,4680.0,0.0019244764937770816,-0.312626600461587,0.312632523781426,0.00222740334927903,-0.3618363431268368,0.36184319882109484,2.4681218701913537,72.71705295643827
186,302.0,4680.0,0.0018188358271258949,-0.3061273856973231,0.3061327888966546,0.0021051340591734893,-0.3543141038163462,0.35432035751927615,2.416671970228222,70.83510801670322
187,302.0,4680.0,0.001692235988902361,-0.3000198317865695,0.3000246042041945,0.001958606468636992,-0.3472451756788999,0.34725069931041036,2.3681898739166485,68.99147630804083
188,302.0,4680.0,0.0015796118706141442,-0.29428598214696294,0.29429022148529566,0.0018282544798774818,-0.34060877563305897,0.3406136822746478,2.323444805553592,67.1840124005124
189,302.0,4680.0,0.0014771459969938983,-0.2889757886563534,0.28897956396578955,0.0017096597187429379,-0.3344627183522609,0.33446708792336755,2.281249250912765,65.41008153067621
190,302.0,4680.0,0.001348853041826942,-0.28406720650238937,0.2840704089034963,0.0015611725021145162,-0.32878148900739507,0.3287851954901577,2.2425746324678215,63.66735252666884
191,302.0,4680.0,0.0012345280693998823,-0.2795597797821176,0.27956250558932294,0.0014288519321757898,-0.32356455993300653,0.32356771480245716,2.206830153122084,61.95309758087073
192,302.0,4680.0,0.0011282380257937347,-0.27541352490395615,0.27541583582115414,0.0013058310483723783,-0.31876565382402333,0.31876832849670617,2.1744799719902943,60.2653614658665
193,302.0,4680.0,0.0010293895821680082,-0.2716837021027687,0.27168565223651,0.0011914231275092686,-0.31444872928561196,0.31445098638484953,2.144603820250879,58.601373548739744
194,302.0,4680.0,0.0009191888473030047,-0.26829313408422467,0.2682947086784843,0.001063875980674774,-0.3105244607456304,0.31052628319269016,2.117895806618094,56.959027941559775
195,302.0,4680.0,0.0008159032825642499,-0.2652670564237525,0.26526831119055433,0.0009443325029678817,-0.3070220560460098,0.30702350832240083,2.094168189412528,55.33630384342482
196,302.0,4680.0,0.0007086986337976314,-0.26262562667576844,0.26262658289022006,0.0008202530483768881,-0.3039648456895468,0.3039659524192362,2.07309562018915,53.73075678194165
197,302.0,4680.0,0.0006055124948302364,-0.2603191751244755,0.26031987934629336,0.000700824646794255,-0.30129534157925403,0.30129615665080245,2.055189166828285,52.14027870046109
198,302.0,4680.0,0.0005010911224685195,-0.2583885180484364,0.25838900392930836,0.0005799665769311568,-0.29906078477828285,0.2990613471404032,2.0397710378385057,50.56277934997458
199,302.0,4680.0,0.0003991727856605394,-0.25680863336551124,0.25680894359421047,0.00046200553895895763,-0.2972322145434158,0.2972325736044103,2.0274627512135197,48.99588100094215
200,302.0,4680.0,0.0003089378858848306,-0.2555846574431372,0.25558484415736216,0.0003575669975518873,-0.29581557574437173,0.2958157918487988,2.017907119879993,47.43753065996636
201,302.0,4680.0,0.00021777650919102597,-0.254711941573548,0.2547120346720478,0.00025205614489702083,-0.2948054879323472,0.29480559568524045,2.0108607099194558,45.88550126884289
202,302.0,4680.0,0.00010728259324315559,-0.2541897217865798,0.25418974442627235,0.00012416966810550414,-0.29420106688261544,0.29420109308596326,2.0064555249190335,44.337847422293876
203,227.0,0.0,0.0065554709919434795,0.4042621993106716,0.40431534721233053,0.007587350685119769,0.467896064016981,0.46795757779204916,-3.191725202207344,60.48512453324912
204,227.0,0.0,0.0037687322396429287,0.3864100822872207,0.38642846043725965,0.004361958610697834,0.4472338915361351,0.4472551625431247,-3.0503856866704595,58.687281588523554
205,227.0,0.0,0.0027075005220641517,0.37522513434046756,0.3752349024276645,0.0031336811597964718,0.4342883499310967,0.43429965558757466,-2.9615283757623843,56.948941988412905
206,227.0,0.0,0.0022590661214599984,0.36664227187745096,0.36664923142862277,0.002614659862800924,0.4243544813396423,0.42436253637572086,-2.8943832504564924,55.25341724129507
207,227.0,0.0,0.0019927279357375483,0.35942390642935385,0.35942943045549675,0.0023063980737703105,0.41599989170064094,0.41600628524941746,-2.8370848007558607,53.593337055664605
208,227.0,0.0,0.0017984459637349973,0.3530618269906624,0.35306640747296947,0.0020815346802488394,0.40863637383178525,0.4086416753159369,-2.7866310039794087,51.96393441941633
209,227.0,0.0,0.0016229823280240225,0.34734408355121005,0.34734787526292293,0.0018784517685463225,0.40201861522130794,0.40202300377653116,-2.741853941187216,50.36222479648459
210,227.0,0.0,0.0015204927545717677,0.34214169401491357,0.3421450725666109,0.0017598295770506571,0.3959973310357796,0.3960012413965404,-2.7004423546338856,48.785087510595694
211,227.0,0.0,0.0013336849996395585,0.3374197739303648,0.3374224096809469,0.0015436168977309705,0.39053214575273704,0.39053519638998485,-2.6634698500467167,47.231092787553216
212,227.0,0.0,0.0011802028631645953,0.3332116990902855,0.33321378916460404,0.0013659755360701336,0.3856616887619045,0.3856641078294028,-2.630112554083169,45.697134568834606
213,227.0,0.0,0.001032850564888304,0.32938002889711343,0.3293816482692269,0.001195428894546648,0.381226885297585,0.38122875957086444,-2.600944579232298,44.18206728739441
214,227.0,0.0,0.0008719734861585949,0.3261147065136247,0.3261158722635685,0.001009228571942818,0.3774475769833619,0.3774489262309821,-2.574439132736117,42.68336292977494
215,227.0,0.0,0.0007414963145937215,0.32327746550589764,0.3232783158838548,0.0008582133270760665,0.3741637332244186,0.37416471745816526,-2.5525163294494106,41.198232779828196
216,227.0,0.0,0.0006226625791376819,0.320886839741445,0.3208874438614563,0.000720674281409354,0.3713968052563021,0.3713975044692781,-2.5333804674392084,39.7251563825694
217,227.0,0.0,0.0005025732921224837,0.31893307214985717,0.3189334681259713,0.0005816820510676895,0.36913550017344576,0.3691359584791334,-2.5179011141875662,38.26194149037331
218,227.0,0.0,0.0003675163121516789,0.31742134179265247,0.31742155455117976,0.00042536610202740616,0.36738581226001443,0.3673860585083099,-2.5059667082232053,36.80670477206861
219,227.0,0.0,0.0002667358584389987,0.31632851792093586,0.31632863037998,0.0003087220583784707,0.366120969815898,0.36612109997682873,-2.4974648957410253,35.35731738038662
220,227.0,0.0,0.00013181042468113447,0.3156808458795369,0.31568087339781603,0.00015255836189946118,0.3653713493976121,0.3653713812474723,-2.4918474822215586,33.9120544950051
221,230.64967788615579,851.739900096121,0.0002644875442412058,0.3150664207901385,0.3150665318042678,0.00030611984287176597,0.3646602092478455,0.364660337736421,0.0,32.46747276584002
222,234.29159458168232,1702.9955018969765,0.0004785194689512764,0.31396199180943213,0.31396235647260023,0.0005538419779528662,0.3633819349646205,0.3633823570284725,-5.684341886080802e-14,32.464497327980055
223,237.92340694259227,2553.6205932177572,0.07541173494269492,0.27963967965062825,0.2896295568518056,0.0017527487124765113,0.18271536803001412,0.18272377470486043,-9.094947017729282e-13,33.82512458302457
224,237.944278040639,2554.9229497358738,0.15415317717492727,0.2717617827148349,0.3124382636257436,0.003456430257519886,0.18296086343655116,0.18299350933728065,4.547473508864641e-13,35.19172989586679
225,237.97778683179533,2557.0138983040283,0.2375670033653303,0.27080655751610977,0.36024196407652026,0.005240970703437616,0.18347269352149245,0.18354753346734407,9.094947017729282e-13,36.56204056875645
226,238.0249658146082,2559.957866831552,0.3140956706442166,0.2735811801648063,0.41653661598688824,0.006945775101845242,0.18424629590639233,0.18437717143668111,0.0,37.93874453793662
227,238.0857657535435,2563.751783021115,0.3949115062108049,0.27443441120662876,0.4809047138384231,0.008732780921589347,0.18524165275681734,0.18544738169815653,-9.094947017729282e-12,39.32340207004075
228,238.16026065493523,2568.4002648679584,0.4752437595898937,0.2772672521217959,0.550212468168714,0.010509112778760507,0.18654146974442712,0.18683725909413176,-7.275957614183426e-12,40.71800477071707
229,238.2484914598624,2573.905867095414,0.5545616486715961,0.2793320800704429,0.6209388320389047,0.012294512940161595,0.1879975534406325,0.1883991378645329,-2.7284841053187847e-12,42.12483829830501
230,238.35061187373947,2580.2781809213425,0.635729714490266,0.28022545967201634,0.6947507309346771,0.014082983524276246,0.1896596397988232,0.19018177986748466,1.8189894035458565e-12,43.54713936723921
231,238.46672481973255,2587.5236287513108,0.7197134180652315,0.2835703674502716,0.7735628981789527,0.015922155822670463,0.19163621346247073,0.1922965245558927,-5.4569682106375694e-12,44.98806881121503
232,238.59696420293852,2595.6505662633635,0.8009280197241054,0.2878060057256094,0.8510687338346453,0.017744172138370744,0.1938797704981289,0.19469006408464523,-1.3642420526593924e-11,46.451287669735045
233,238.74151501995968,2604.670537245484,0.8848715079298275,0.290485935930861,0.9313321987989222,0.01955810047651792,0.19638451912870222,0.19735602004413544,-2.7284841053187847e-12,47.942870419386765
234,238.90052978388275,2614.5930585142833,0.9716362848392394,0.2952767409914158,1.0155123946987112,0.021513004533057007,0.1990045720067529,0.20016400536467646,-1.8189894035458565e-12,49.46895696870177
235,239.074215173614,2625.431026833513,1.0557190004901478,0.30013591267364176,1.0975537226360979,0.023448612968711074,0.20194910086951978,0.20330587003862893,9.094947017729282e-12,51.0390941827983
236,239.262782556166,2637.1976315047586,1.1433522260699955,0.30298077857679256,1.1828151440720625,0.025397295516734586,0.20506687364351972,0.20663360154024232,4.547473508864641e-12,52.66538544760393
237,239.46648751322226,2649.908820825069,1.2336334479591284,0.30761604793361647,1.2714083202770952,0.02745641893046787,0.20831309842447224,0.21011473512271625,-5.4569682106375694e-12,54.36732434711101
238,239.6855316133557,2663.577172673395,1.3237870642620615,0.313357640285437,1.3603695094469093,0.02962929786541631,0.21155004082899462,0.21361487557458833,-9.094947017729282e-12,56.16628484616406
239,239.920230751524,2678.2223988950977,1.4145059281586594,0.3168056652307671,1.4495491886508367,0.03185303111962826,0.21443510312326008,0.2167879817771068,-1.8189894035458565e-12,58.09536466754718
240,240.1708358382448,2693.8601563064763,1.510096894075243,0.3205772677353163,1.5437494661000977,0.03403388619211382,0.2170675842087514,0.21971946095774297,-3.637978807091713e-12,60.20247564390275
241,240.4375454257277,2710.5028345654086,1.6022019581087765,0.3223964614547472,1.6343165522401528,0.0366814350107442,0.21832395780945704,0.22138400626068955,-3.637978807091713e-12,62.52069530915096
242,240.72052898740242,2728.161008813911,1.6996263638792748,0.3222130657700647,1.7298991405704638,0.03911073831152937,0.21804087166771927,0.22152081520455758,1.2732925824820995e-11,65.07113729367616
243,241.0197601239968,2746.8330317374007,1.7921128744550343,0.3208982493533171,1.820616445390272,0.04180762940019456,0.2163282823947353,0.2203311227219622,-9.094947017729282e-13,67.83860852141765
244,241.33501182701298,2766.50473800561,1.8852843063339302,0.31706831860624546,1.9117607680807764,0.04381529906137679,0.21387763121276096,0.2183195400439907,-3.637978807091713e-12,70.7545497430819
245,241.6660280162767,2787.1601482156657,1.9768868795387828,0.31466039997985606,2.00177244006607,0.04570330167662343,0.21198439521870802,0.21685519500437578,-9.094947017729282e-13,73.74080392725115
246,242.01262747488593,2808.787954432882,2.066535900338289,0.3127111546165479,2.0900619353522987,0.04746354842334825,0.21098853890529945,0.21626130485671397,7.275957614183426e-12,76.74107423356615
247,242.3747216595612,2831.382631556619,2.158885495723219,0.313526003874024,2.181532749868611,0.0492769387250848,0.21112622479808843,0.21680059844845614,-2.7284841053187847e-12,79.72729920839127
248,242.75231146979127,2854.944235714975,2.2469655907473065,0.3152406901528619,2.2689713657801955,0.05106890814748025,0.21228648123738658,0.21834281187052407,-5.4569682106375694e-12,82.69387910500389
249,243.145495918031,2879.4789452851346,2.339983850718694,0.31709103187557136,2.361370607109397,0.052956879067384006,0.21425009758895897,0.22069783722872313,9.094947017729282e-13,85.64334438456953
250,243.55444664347172,2904.997470552635,2.4320674855148634,0.32122207678944803,2.45318891989906,0.05488199190271581,0.21695223541980369,0.22378629423818538,-2.7284841053187847e-12,88.58386525855737
251,243.9793724218163,2931.5128391213366,2.5267973543337527,0.32670904143997004,2.5478311693726248,0.05687470816949517,0.22029341367749863,0.22751685770300797,6.366462912410498e-12,91.52364900654655
252,244.42051245339965,2959.039977092138,2.6201259503295886,0.33170501823703713,2.641039230059668,0.0588861412618972,0.22418437496765797,0.23178915335355013,1.4551915228366852e-11,94.47087397418517
253,244.8781722843684,2987.5979505445875,2.7197144215523195,0.3376650362778985,2.7405955943050446,0.06100540685130359,0.2285867612672341,0.236587335019727,-9.094947017729282e-13,97.43182173639025
254,245.35265585550331,3017.205725383407,2.818830101712918,0.3468006303300775,2.840083417704522,0.0631650686034404,0.2334695263533432,0.24186327879058397,4.547473508864641e-12,100.41362531602931
255,245.84434696383934,3047.8872505435747,2.919148878361005,0.35520309330022665,2.940680093367241,0.06542586322433704,0.23885401915407023,0.24765255105631884,5.4569682106375694e-12,103.42217755159017
256,246.35365843364718,3079.668286259584,3.0243565072836702,0.36415746258308596,3.0462013952961207,0.06775470490159326,0.24486289774306394,0.254064044538837,-3.637978807091713e-12,106.46196062383898
257,246.88100401075775,3112.5746502712836,3.128011002040052,0.37184943344795846,3.150035687105652,0.06997376319466005,0.2511923219933972,0.26075641921927234,8.185452315956354e-12,109.53855963246713
258,247.426847247288,3146.6352682307715,3.2411281398566003,0.38122388787989453,3.2634710465485317,0.0723137310231549,0.25781724584524185,0.26776670433367006,-7.275957614183426e-12,112.65683910764173
259,247.99165743180023,3181.8794237443344,3.351026066874361,0.393382969915617,3.374037027344407,0.07471764593893392,0.26498142406237396,0.2753141509490196,4.547473508864641e-12,115.82187982271941
260,248.57601248751976,3218.343179221233,3.4674431332952778,0.40423208977060415,3.4909261614988196,0.07734619388229305,0.2726533419215394,0.28341185326139967,0.0,119.03782801585577
261,249.1804805370924,3256.061985514565,3.5867929405645955,0.4167980975864268,3.610928447454433,0.08001055612467972,0.28096439492716146,0.29213469548851345,-1.7280399333685637e-11,122.30842101734991
262,249.80563718688515,3295.0717604616334,3.7088795841490785,0.4297146206479394,3.733690188662745,0.08272375689104357,0.2896562795728759,0.3012374150901055,1.1823431123048067e-11,125.64029425197633
263,250.45214132106804,3335.4136184346457,3.835696515512937,0.4434115805627405,3.8612409389851905,0.08543413973734441,0.29902507181039323,0.3109903307240772,1.8189894035458565e-12,129.03625881566353
264,251.1206255566445,3377.1270347346176,3.965577659786698,0.4577719297673668,3.9919119874418927,0.08833047328879105,0.3087562711954807,0.3211428148253656,-9.094947017729282e-12,132.50130196242458
265,251.8118236149894,3420.257793575339,4.100750016167852,0.47265118445080234,4.127898961610299,0.09123087123887093,0.3187744762219227,0.3315723730312352,-2.7284841053187847e-12,136.03811687259102
266,252.52649771956726,3464.853457700997,4.239475586133751,0.4876765607230797,4.267432679410749,0.09445164471788642,0.3287470509566954,0.3420463955410697,4.547473508864641e-12,139.65269723444547
267,253.26541573179742,3510.961941664159,4.383405573718549,0.503361881544054,4.4122123257497945,0.09733616217306129,0.3392805868964051,0.3529669178709948,7.275957614183426e-12,143.34762464294016
268,254.02933407442367,3558.630446244037,4.532360729451741,0.5190377265817911,4.5619835536191395,0.1016264406154085,0.3496803714459779,0.36414872731722436,-5.4569682106375694e-12,147.12263703878693
269,254.81928955132872,3607.923668002912,4.6864716724688265,0.5347921506058321,4.716886619498329,0.10506826261967046,0.3609500538597767,0.3759312186973725,-1.000444171950221e-11,150.97004436291996
270,255.63593667170187,3658.8824483141966,4.8439204413648405,0.5461737139092276,4.874614955874725,0.10943140777615219,0.369384037745748,0.38525290440076204,-3.637978807091713e-12,154.87752058227454
271,256.4803517754272,3711.573950786658,5.0108959767637336,0.5547221381923583,5.041507229048439,0.11399940921424771,0.3752262683214826,0.3921614689635671,1.000444171950221e-11,158.804325402168
272,257.3532004315014,3766.0397069256887,5.173765810662215,0.5518833883982881,5.203117136675593,0.11968767232835453,0.37398914083005863,0.39267418601963766,4.547473508864641e-12,162.67297732414255
273,258.25492489952745,3822.3073137305128,5.341273512509058,0.5256791031235668,5.367079397110839,0.12808339309617323,0.3593000876428665,0.3814471242088481,2.2737367544323206e-11,166.33847626561354
274,259.18465477200704,3880.322457773239,5.5004089966438565,0.4750129452260348,5.520881852430189,0.1379183526915592,0.3253608676870086,0.3533852943052334,4.547473508864641e-12,169.62007233269293
275,260.1397082573623,3939.917795259408,5.63292919744887,0.3967849552653531,5.646886721388778,0.14510700567011467,0.27134903738127925,0.30771146092125584,-6.366462912410498e-12,172.33451834261456
276,261.1149890621473,4000.7753174779905,5.738424315482658,0.3073446656373767,5.7466489685745,0.14826704553959522,0.20813833382742608,0.25554780922852277,8.185452315956354e-12,174.43373158988638
277,262.10540846963835,4062.577488505433,5.807768929883172,0.2190132918964343,5.81189700226558,0.14760108922902676,0.1470008712100738,0.20831547632885036,-1.8189894035458565e-12,175.94495360655446
278,263.10560870485585,4124.989983183005,5.854816947927069,0.14354744408576176,5.8565764199263715,0.1456343257581866,0.0951078844745048,0.17393926103171006,1.9099388737231493e-11,176.97218822656313
279,264.11208148718913,4187.7938848006015,5.882826433251588,0.08421268999163568,5.883429154916309,0.1440378340375281,0.05488437267746941,0.15414016997013413,-3.637978807091713e-12,177.61297167553508
280,265.12207967989053,4250.817772025169,5.898311139002448,0.03579514555832151,5.89841975319881,0.14411681941853635,0.022869344900483313,0.14592006227894874,-6.366462912410498e-12,177.9381537868384
281,266.13360869241444,4313.937182406661,5.898873941130755,-0.005321763503334467,5.898876341687311,0.1418033714979853,-0.003718040834253126,0.14185210606769574,9.094947017729282e-12,178.01856867818262
282,267.1441940844858,4376.997710871912,5.891939349434389,-0.04373195347817841,5.892101643825262,0.14157640223788212,-0.029441654119408394,0.14460528575370082,-3.637978807091713e-12,177.8785236181028
283,268.15336787987764,4439.9701557043645,5.877050286369349,-0.08499055323194342,5.8776647967243525,0.14403120452648452,-0.05583509113950017,0.15447506361839217,-7.275957614183426e-12,177.5218155996548
284,269.15826591301266,4502.67579297199,5.847730977715187,-0.1333306975729809,5.849250777889859,0.1438249778896197,-0.08835038730205429,0.16879400226717947,3.637978807091713e-12,176.93571195053207
285,270.15755010880866,4565.03112678966,5.805779168912873,-0.19093991600752938,5.808918127302847,0.14531767720059077,-0.12597240041546698,0.1923181556000625,1.8189894035458565e-12,176.06339942919826
286,271.147956308528,4626.832473652148,5.744727097450007,-0.2662470207987578,5.750893574068346,0.1461452220577133,-0.178445605624986,0.23065398348427968,2.7284841053187847e-12,174.84105818549557
287,272.12608829250485,4687.867909452302,5.6593438161030685,-0.35404622857924156,5.670407495130771,0.14639035066158687,-0.23990118586006362,0.2810386338991263,4.547473508864641e-12,173.1772576810558
288,273.0870748488889,4747.8334705706675,5.543538502104014,-0.443651152230987,5.561262938324846,0.14269592095229108,-0.30291121527239334,0.3348392602342514,-1.8189894035458565e-12,170.98215659619592
289,274.0252442594667,4806.375241790723,5.3919957112003365,-0.5219499725629322,5.417199416992259,0.134305676678565,-0.3563263140469954,0.38079713348501615,3.637978807091713e-12,168.2330832185361
290,274.9360587523712,4863.210066147963,5.225770502421173,-0.5730694773354743,5.257098626602776,0.12471366653855731,-0.3898428330297043,0.40930542762845984,2.7284841053187847e-12,164.9795954219036
291,275.8161526640753,4918.127926238297,5.040864630103495,-0.5978803619707335,5.076197114598555,0.11756912063296039,-0.4058988027461344,0.42258293410542846,-9.094947017729282e-13,161.36611810109454
292,276.66519177443286,4971.10796672461,4.864695743251258,-0.6030374925099377,4.901930119022463,0.11052522523942769,-0.40806646075516423,0.4227695138103884,-6.366462912410498e-12,157.58469452849752
293,277.4833370072357,5022.160229251509,4.682400348360374,-0.5951182306827579,4.720067661677778,0.10565672263554227,-0.4016197417766385,0.4152851550715697,-8.185452315956354e-12,153.7642348827357
294,278.27127241451956,5071.327398666021,4.514570514987742,-0.5817453310907218,4.551897908020625,0.10097730389538968,-0.39286874915168823,0.4056381022068736,9.094947017729282e-12,149.97111000297633
295,279.03021874690967,5118.685649807163,4.342574152567225,-0.565598010109965,4.3792523767859395,0.09734382494561385,-0.3815608019677619,0.39378225690516316,5.4569682106375694e-12,146.24512113430114
296,279.7607785443881,5164.272581169816,4.185683468410121,-0.5485677657129869,4.221477548359238,0.0932825139864905,-0.3709844348339952,0.38253245392350516,-6.366462912410498e-12,142.6031250885989
297,280.46407946549266,5208.158558646742,4.022867514197296,-0.5314895374414016,4.057825053546987,0.08936310643133098,-0.3597706282534177,0.37070294002734355,-1.000444171950221e-11,139.04957393663133
298,281.1408288314573,5250.387719082937,3.873852008775246,-0.5170064554908355,3.9081997212157935,0.0858934599513302,-0.34865007048651425,0.35907458572372136,-5.4569682106375694e-12,135.58281436141206
299,281.79193309831066,5291.016625334585,3.725684189467337,-0.500099622422668,3.759098603654097,0.08263895018465918,-0.3376236877703563,0.34759020502781374,5.4569682106375694e-12,132.2055910294324
300,282.41818580820393,5330.094794431925,3.5824865484055066,-0.48480551907759156,3.6151412504678837,0.0794097554825927,-0.32679199857924307,0.3363018281264929,3.637978807091713e-12,128.91204485992714
301,283.02033399311154,5367.66884117016,3.444574219984704,-0.4699099031090707,3.476479091555594,0.07626682713246372,-0.31661161009997113,0.325667837790208,-7.275957614183426e-12,125.70069195045637
302,283.59911198278195,5403.784587725593,3.309736814044379,-0.4556707026839219,3.340956983788492,0.07319279956116749,-0.30706572695945056,0.31566841238986376,3.637978807091713e-12,122.56942520958033
303,284.15523288503164,5438.486532025974,3.1808856841163227,-0.44109877253910906,3.211324004604904,0.07032481646323367,-0.29782052767311146,0.3060108601244048,1.0913936421275139e-11,119.5151815446635
304,284.6894056259574,5471.818911059743,3.0518669353319328,-0.42883674620522716,3.081848916781647,0.06750545051564553,-0.2889582179933221,0.2967386688572902,-1.8189894035458565e-12,116.53527457571147
305,285.2022346110478,5503.819439729383,2.933099839350773,-0.41594520211623726,2.962445793388133,0.06486626379252887,-0.280474663321258,0.28787787157677636,9.094947017729282e-12,113.62602407245927
306,285.69443229258854,5534.532575057525,2.8106851607595913,-0.4039693918120953,2.8395672808431924,0.06229995941477758,-0.27243583440252017,0.2794683681737172,-1.8189894035458565e-12,110.78549801517423
307,286.1665270680984,5563.99128904934,2.6988088190252477,-0.3924106193001699,2.727188137218992,0.05986758580535314,-0.2645199658157136,0.2712101401963201,-1.0913936421275139e-11,108.01125078570777
308,286.6191662043292,5592.235971150141,2.584168773861427,-0.3803414181948896,2.612008393209136,0.057282423437480544,-0.25676276072216925,0.2630748777982055,-9.094947017729282e-13,105.30012699462726
309,287.0528186669589,5619.295884818235,2.4767406250240853,-0.3696327737001513,2.504171022721484,0.05478943371867928,-0.24953967819721315,0.25548372363417254,9.094947017729282e-13,102.64876722261431
310,287.4680732279617,5645.207769424812,2.36847219565372,-0.3601812483785989,2.395702626218104,0.052387699921614815,-0.2426906377086766,0.24828052024780617,-4.547473508864641e-12,100.05614095189134
311,287.8654078475989,5670.0014496901695,2.2685684193092013,-0.350168522657415,2.295434744737285,0.050145615319893144,-0.2360836895832931,0.24135055670760613,9.094947017729282e-12,97.51870804886
312,288.2453658699135,5693.710830282601,2.1651564327597455,-0.34094050893308925,2.1918354885694455,0.04789993427719275,-0.2297805029359085,0.2347200102957531,1.546140993013978e-11,95.03504241756268
313,288.60833585156587,5716.36015713771,2.071072746987816,-0.3317022823185006,2.097467217243445,0.04582777978371292,-0.2236971478681813,0.22834316141339434,-9.094947017729282e-13,92.60195429397447
314,288.9548794610098,5737.984478367011,1.9736928670284435,-0.3220873429301082,1.999800937552219,0.04375194071336146,-0.21778174048351673,0.22213311055359425,-4.547473508864641e-12,90.21752379300092
315,289.2853022489464,5758.602860334254,1.8808433028802873,-0.31572711911418533,1.9071589193703211,0.041702619203802506,-0.21225661909723512,0.21631454134904132,-9.094947017729282e-13,87.88036525879123
316,289.6000509124526,5778.243176937043,1.7927061627778234,-0.30733080261402335,1.8188588753108272,0.039690529881697745,-0.20687628048205772,0.21064931423667382,4.547473508864641e-12,85.58800988014364
317,289.89953054355055,5796.930705917554,1.7021763646029768,-0.299810840820997,1.7283781173362498,0.03769394944106826,-0.20182927453202382,0.2053189954256275,1.0913936421275139e-11,83.340333804583
318,290.18406296229705,5814.685528847335,1.6191771173445906,-0.2920426613493686,1.6453034532816007,0.035803036619447705,-0.19711487138330716,0.20034003581818396,-1.8189894035458565e-12,81.13689280792288
319,290.45408883792135,5831.535143486292,1.532746843986556,-0.2847852783506612,1.5589790064385123,0.03400415491244909,-0.19283179837234896,0.19580700961616282,7.275957614183426e-12,78.9840264665365
320,290.7098620485163,5847.495391827417,1.4506153619718598,-0.2802994957746235,1.4774480483997594,0.03208017097192972,-0.18872104385286903,0.19142823658620678,1.0913936421275139e-11,76.88829235574815
321,290.9516795420452,5862.584803423621,1.3715481528731492,-0.27464658260873875,1.3987762798204744,0.03052120357588704,-0.18478955368026048,0.18729314727739138,-3.637978807091713e-12,74.85866999153176
322,291.1799302797046,5876.827649453567,1.2920436366042292,-0.2689338971068365,1.3197356553122872,0.0288292585438595,-0.18073010599383169,0.18301501949493199,1.2732925824820995e-11,72.90277354960982
323,291.39477650940194,5890.234054186681,1.2165454742898711,-0.2629597643131927,1.2446408030684264,0.027026068347494398,-0.1773752490246784,0.1794223713389446,1.546140993013978e-11,71.01825868766382
324,291.59661015802476,5902.828473860744,1.1388850874304657,-0.25792212595953096,1.1677255950911514,0.02544618326069603,-0.1739116202168726,0.17576336332977546,5.4569682106375694e-12,69.19940476956694
325,291.7855806535534,5914.620232781731,1.0668586959961683,-0.25335379857387536,1.09652889814836,0.02374436990193988,-0.1709169094167926,0.17255835252640842,7.275957614183426e-12,67.43827338145802
326,291.9619753990443,5925.627264900366,0.9917949869800989,-0.24900966482921771,1.0225767009751463,0.022034023940720442,-0.16799233121025559,0.16943117055747578,3.637978807091713e-12,65.72427093534165
327,292.1259826743904,5935.861318881961,0.9223264033363489,-0.2448849240182928,0.9542822540018285,0.0204350206352016,-0.16519552834362491,0.16645465644760588,-5.4569682106375694e-12,64.04958317745103
328,292.27783551946857,5945.336936414838,0.8497648021715668,-0.24112036691247937,0.8833115250859634,0.018868513278985533,-0.16256999444499046,0.1636613084611127,-9.094947017729282e-13,62.40967844813197
329,292.4176922755807,5954.063997996235,0.7819948322712967,-0.23820890157298247,0.8174713441385087,0.017333721678287544,-0.16021233790835865,0.1611472963635519,1.8189894035458565e-12,60.79897191443609
330,292.54574432518973,5962.054445891839,0.7131871359056308,-0.2341191870072589,0.7506315238159242,0.015802475895118295,-0.15802797127176285,0.1588161136304654,-1.4551915228366852e-11,59.21478558309379
331,292.6621185921691,5969.316200151353,0.6445141127817045,-0.2318588675777746,0.6849503456815214,0.014263548982635635,-0.15610473771722333,0.1567550253336177,-1.1823431123048067e-11,57.65307623384322
332,292.76698666567154,5975.859967937904,0.5795665500882307,-0.2289361164448497,0.6231445509623135,0.012811285140519416,-0.1543477102841256,0.15487848364735518,-1.8189894035458565e-12,56.111343032259576
333,292.8604805318434,5981.6939851870275,0.5114639538653595,-0.22663133205343866,0.5594257205133695,0.011328495862999924,-0.15278500380966697,0.15320441314674313,-7.275957614183426e-12,54.58750689476412
334,292.9427013373124,5986.8245634482955,0.44792940504011947,-0.22473368042000866,0.5011446687481749,0.009905862698333009,-0.15141094895000626,0.1517346419831003,2.7284841053187847e-12,53.07882616763162
335,293.01375709065985,5991.258442457174,0.38127760072927847,-0.22295785098632748,0.44168179964123094,0.008445396492954652,-0.15020700704671638,0.15044424112559282,8.185452315956354e-12,51.58367060819224
336,293.07372901429693,5995.000690492128,0.3187464371092866,-0.2212852224321132,0.38802891752638,0.0070478118721432614,-0.14917683407673663,0.1493432270889555,0.0,50.09941908657798
337,293.12269829626115,5998.056373686695,0.2527226871995075,-0.21996543233344543,0.33504260631594257,0.0056092846046453815,-0.14837518026120655,0.14848117116766504,-1.8189894035458565e-12,48.6248644812447
338,293.1606842344225,6000.4266962279635,0.1913520749331955,-0.21790266674770123,0.2899951529888026,0.004224271005230688,-0.14774832283771447,0.1478086985494532,1.546140993013978e-11,47.15771459657305
339,293.1876641143875,6002.110240737778,0.12407617706483319,-0.21868244532208658,0.25142973095294685,0.0027833009989929693,-0.14732085663027839,0.1473471464356539,-4.547473508864641e-12,45.69674089918217
340,293.20447303354706,6003.159117293337,0.06072453476185502,-0.2251261530841252,0.23317215512256328,0.0014114644635370155,-0.1471225981620344,0.14712936865860357,3.637978807091713e-12,44.23922358998509
341,299.06127409696745,5120.623503650769,0.00021359252026763897,-0.2536911164994788,0.253691206415431,0.00024721356512458215,-0.2936239774299523,0.29362408149934144,5.684341886080802e-14,42.79093700270338
342,296.1288097662674,5561.637729415086,0.00038546137647028895,-0.2528015167654807,0.2528018106331526,0.0004461358523961678,-0.29259434810819523,0.29259468823281554,5.684341886080802e-14,42.7877495606794
343,237.93163555495738,2866.1340586293404,0.05228323760828744,0.2073623895173292,0.21385204586615766,0.0006051300649107342,0.0024000276564505687,0.0024751394197471944,4.547473508864641e-12,32.282043077450986
344,237.94069533859758,3178.6993891284887,0.049255794270857224,0.09038265731996946,0.10293278395862049,0.0005700902114682549,0.0010460955708329796,0.001191351666187737,-7.275957614183426e-12,32.106284411858624
345,237.95075128546318,3491.326880212903,0.13755707413198764,0.08286704531055022,0.16058921458881953,0.0015920957654165235,0.0009591093207239609,0.0018586714651483741,0.0,32.3191373175096
346,237.97148168755677,3492.6204573035425,0.31352020867563796,0.08434265990889571,0.32466691474266857,0.0036287061189309946,0.0009761881933899966,0.0037577189206327377,-1.8189894035458565e-12,32.89423116653941
347,238.0050485452758,3494.71502922521,0.46404989631599,0.0858453596312984,0.47192343874945225,0.005370947874027661,0.0009935805512881757,0.0054620768373779185,2.7284841053187847e-12,33.45138005584197
348,238.05235870498012,3497.6671831907597,0.6272366792067601,0.08707556691709899,0.6332519294058709,0.007259683787115279,0.0010078190615404974,0.007329304738493877,-8.185452315956354e-12,34.036886881215885
349,238.11330972576283,3501.4705268876005,0.7828261548984643,0.08585753971162831,0.7875203527010893,0.00906048790391741,0.0009937215244401425,0.009114818897003349,4.547473508864641e-12,34.60371676723302
350,238.18798732616094,3506.1304091524426,0.9410406377337958,0.08815939553772978,0.9451611295900857,0.010891674047844857,0.00102036337427928,0.010939364925811176,1.8189894035458565e-12,35.178822520762
351,238.276443556332,3511.6500779151165,1.103427271147848,0.08865736480726127,1.106983229794993,0.01277114897161861,0.0010261269074914499,0.01281230590040501,-2.7284841053187847e-12,35.76962159290667
352,238.37881519778367,3518.0380683417006,1.2649351532930802,0.08619689944375182,1.2678686239158632,0.014640453163114353,0.0009976492991174979,0.014674405369396563,7.275957614183426e-12,36.351540502613936
353,238.4952117197894,3525.3012113148593,1.423458796280636,0.08823447621074933,1.4261908243642931,0.016475217549544396,0.0010212323635503395,0.016506838244957096,1.7280399333685637e-11,36.922313279019384
354,238.62577861509448,3533.4485855818953,1.5913840301905784,0.09099779586379668,1.5939836041809454,0.018418796645724284,0.0010532152299050541,0.018448884307649828,2.7284841053187847e-12,37.52610542864981
355,238.77067831334077,3542.4903267524637,1.7581026255446321,0.09025054014391572,1.760417564654249,0.020348410017877683,0.0010445664368508762,0.020375203294609363,3.637978807091713e-12,38.12822102967724
356,238.93009400994768,3552.437866220735,1.9233965720685378,0.0934221702818036,1.925664060874888,0.022261534398941407,0.0010812751190023562,0.02228777848234824,-3.637978807091713e-12,38.72938201834407
357,239.10420211270232,3563.302211832625,2.098591836827177,0.09561574620341277,2.1007689231611604,0.02428925737068492,0.001106663729206166,0.024314455129180092,-8.185452315956354e-12,39.365262007703336
358,239.29322197057672,3575.0970509639874,2.2719918687980454,0.09351489954522663,2.2739155851353385,0.02629620218516256,0.001082348374366049,0.026318467420547893,0.0,39.99269946279001
359,239.49739506065205,3587.8374517846883,2.4453779548389094,0.0946758620561468,2.4472100156848415,0.028302985588413303,0.001095785440464662,0.028324189996352334,6.366462912410498e-12,40.61374500333397
360,239.7169190790997,3601.535750535822,2.6250135076635046,0.09821898996315781,2.62685037362337,0.030382100783142407,0.0011367938653143266,0.030403360805826035,-1.1823431123048067e-11,41.25811347232415
361,239.9520661656412,3616.208928736012,2.8093562851802716,0.09777290106897568,2.8110571458555125,0.032515697745142035,0.0011316307994094406,0.03253538363258695,1.8189894035458565e-12,41.91812988529892
362,240.20300549837322,3631.8675430984886,2.9883401225647046,0.09920916654265853,2.9899864793768085,0.03458726993709149,0.0011482542423918811,0.03460632499278714,9.094947017729282e-12,42.563575367718386
363,240.46991067898904,3648.522426368916,3.178597938601996,0.09958836488476097,3.180157652963966,0.03678932799307866,0.0011526431120921405,0.03680738024263849,-4.547473508864641e-12,43.24069909825078
364,240.7528658993025,3666.1788321164754,3.3585089510455646,0.09984130693048883,3.359992657852509,0.038871631377842185,0.001155570682065843,0.038888803910329964,1.8189894035458565e-12,43.891560076427865
365,241.05186207420255,3684.836193430239,3.547264172612289,0.1012712019074911,3.5487094790408715,0.041056298294123716,0.0011721203924478136,0.04107302637778787,1.4551915228366852e-11,44.570211363175716
366,241.36680380253858,3704.4885572784074,3.7298792647704437,0.09942626237419745,3.7312042173290663,0.04316989889780606,0.0011507669256272852,0.043185233996864185,-6.366462912410498e-12,45.233563012889405
367,241.69756209150273,3725.12787450977,3.9115425414191693,0.09924425506595186,3.9128013590643125,0.04527248311827742,0.0011486603595596279,0.045287052766948055,5.4569682106375694e-12,45.89154170515705
368,242.04402790299545,3746.7473411469164,4.094300854238668,0.09789179441322061,4.095470948307767,0.0473877413685031,0.001133006879782646,0.0474012841239325,0.0,46.55015477114552
369,242.40614230371105,3769.3432797515693,4.27090423761818,0.09935801992217536,4.272059810328946,0.04943176200946967,0.001149977082432585,0.04944513669362204,5.4569682106375694e-12,47.19388466432362
370,242.78389568587963,3792.9150907988887,4.457028887506988,0.09986506646235399,4.458147545289558,0.05158598249429384,0.0011558456766476155,0.05159892992233284,-1.0913936421275139e-11,47.86630412885005
371,243.17736636301322,3817.467661052025,4.6362731272537765,0.0984693321585155,4.637318699407154,0.05366056860247426,0.0011396913444272627,0.053672670132027235,8.185452315956354e-12,48.51670742558547
372,243.58671397856008,3843.010952262149,4.821539400469644,0.09992308452758608,4.82257470788195,0.05580485417210235,0.0011565171820322462,0.055816836896781824,-4.547473508864641e-12,49.1795927988463
373,244.01212979862578,3869.5568994342484,5.0066368534053485,0.10272679985883428,5.0076906231601255,0.05794718580330264,0.00118896759095873,0.057959382212501444,7.275957614183426e-12,49.848321048064065
374,244.45385253348184,3897.1203980892665,5.200792778861573,0.10302197609070733,5.201813054716242,0.06019436086645339,0.0011923839825313347,0.060206169614771314,2.7284841053187847e-12,50.54345559816701
375,244.91215749468785,3925.7186276685215,5.389393489158238,0.10398074853293338,5.390396476795253,0.062377239457849974,0.00120348088579784,0.06238884811105616,9.094947017729282e-13,51.22159396415999
376,245.3873699349715,3955.3718839422218,5.587102049928624,0.11006624149020468,5.588186100500986,0.06466553298528499,0.0012739148320625542,0.06467807986690954,1.1823431123048067e-11,51.93403163796848
377,245.87986813721304,3986.1037717620934,5.791424748464874,0.11321602466358627,5.792531267535122,0.06703037903315827,0.0013103706558285448,0.06704318596684171,-6.366462912410498e-12,52.67814957769616
378,246.39004083549725,4017.938548135028,5.995837020073355,0.11647472118000339,5.9969682283597345,0.06939626180640457,0.0013480870506944835,0.06940935449490433,-1.8189894035458565e-11,53.430474662950374
379,246.91832718074977,4050.9036160787855,6.213214130222139,0.11621335917841975,6.214300875629018,0.07191220058127475,0.0013450620275280063,0.07192477865311363,4.547473508864641e-12,54.215744567842385
380,247.46515683835077,4085.0257867130877,6.4222289031607716,0.11855876737089377,6.423323148177594,0.07433135304584226,0.0013722079556816407,0.07434401791872215,1.8189894035458565e-12,54.97585175814738
381,248.03105150153425,4120.337613695737,6.650200509845714,0.12441442269106347,6.651364203659709,0.07696991330839946,0.0014399817441095308,0.07698338198680217,-2.7284841053187847e-12,55.794879209209846
382,248.61655207528662,4156.872849497885,6.878821019774478,0.1267749905043729,6.879989136641757,0.07961598402516756,0.0014673031308376494,0.07962950389631661,0.0,56.62482960810495
383,249.22222006766643,4194.666532222385,7.114769138604547,0.13125516918602217,7.115979750890086,0.08234686503014521,0.0015191570507641454,0.08236087674641303,-9.094947017729282e-13,57.47962610957574
384,249.84865750943806,4233.756228588934,7.359366896756366,0.13533207540574496,7.360611108576994,0.08517785760134682,0.0015663434653442703,0.0851922582011226,1.546140993013978e-11,58.3659707466877
385,250.4965001451032,4274.18160905444,7.60940191478159,0.13958253821774635,7.610682018430217,0.08807178142108323,0.0016155386367794715,0.08808659743553493,-5.4569682106375694e-12,59.27449441596856
386,251.1664133252339,4315.984191494595,7.869401028365132,0.14402528720280544,7.8707188889318145,0.09108103042089273,0.0016669593426250628,0.0910962834367108,7.275957614183426e-12,60.217046104765345
387,251.8591068646275,4359.208268352756,8.135693099472416,0.1487250145935491,8.137052374095237,0.09416311457722704,0.0017213543355734846,0.09417884692239857,-3.637978807091713e-12,61.18466240624296
388,252.57531643994926,4403.899745852834,8.412826180838762,0.15351881247659097,8.414226784131168,0.09737067338933751,0.0017768381073679507,0.0973868840755922,4.547473508864641e-12,62.18936210856718
389,253.31580795282562,4450.106416256319,8.696661040259018,0.1584855469496347,8.698105018781447,0.10065579907707196,0.0018343234600652163,0.10067251179145192,6.366462912410498e-12,63.22074031423417
390,254.08135887615,4497.87679387176,8.99188422053992,0.1633342347650455,8.99336755102565,0.10407273403402684,0.0018904425320028413,0.104089902210945,2.7284841053187847e-12,64.29111886461679
391,254.87274388127403,4547.2592181915,9.293422953210888,0.16783533401849127,9.29493834764987,0.10756276566216305,0.0019425385881769823,0.10758030494965126,-8.185452315956354e-12,65.38698906087332
392,255.69066755240294,4598.297655269944,9.606699619076132,0.16939222958967548,9.608192925758873,0.11118865299856633,0.001960558212843466,0.11120593664072768,5.4569682106375694e-12,66.51688901623129
393,256.53567721982245,4651.02625851692,9.914622660620394,0.17326150540956178,9.91613644781798,0.11475257709051379,0.002005341497795854,0.11477009777567104,-8.185452315956354e-12,67.64068735708246
394,257.4079388172225,4705.455382194683,10.236396287201865,0.1723695678530703,10.237847440578609,0.11847680887965122,0.0019950181464475727,0.1184936046363265,6.366462912410498e-12,68.8110710350202
395,258.30701241585865,4761.5575747495795,10.53929287329891,0.15893198025552238,10.540491148116255,0.12198255640392257,0.0018394905122166942,0.12199642532541963,-1.4551915228366852e-11,69.91656174725611
396,259.2315219842018,4819.246971814191,10.818048448613334,0.14314783717935597,10.81899549587828,0.12520889408117286,0.0016568036710573608,0.12521985527636897,9.094947017729282e-13,70.92554039247833
397,260.1788874359549,4878.362576003585,11.06684938679905,0.12092704490631832,11.067510049703333,0.12808853456943345,0.0013996185753046102,0.12809618113082563,-9.094947017729282e-13,71.82130953711349
398,261.14550536588774,4938.679534831395,11.262402431158902,0.09586820916208581,11.262810450100893,0.13035187999026507,0.0011095857541908079,0.1303566024317233,5.4569682106375694e-12,72.53240691697687
399,262.1273580598735,4999.947142936105,11.418134745798445,0.07141941093713058,11.418358104625565,0.13215433733563012,0.0008266135525130854,0.13215692250724032,-7.275957614183426e-12,73.0945345023842
400,263.12030413246185,5061.906977865619,11.52204664641094,0.04689681902743814,11.522142085294057,0.133357021370497,0.0005427872572620155,0.13335812598719973,9.094947017729282e-13,73.47488663520744
401,264.12083871155573,5124.340335601078,11.59131057007869,0.028518121445131328,11.591345651617361,0.13415868715368853,0.00033007085005939035,0.13415909319001576,-3.637978807091713e-12,73.72135382389203
402,265.12591654723946,5187.057192547742,11.6282846341237,0.012601995523345977,11.628291462742432,0.13458662770976504,0.0001458564296683562,0.13458670674470408,0.0,73.8542606477242
403,266.1330020408334,5249.899327348004,11.63816814697647,-0.0013378631677824157,11.63816822387336,0.13470102021963506,-1.5484527404889075e-05,0.13470102110964535,-9.094947017729282e-13,73.88888565099616
404,267.13990645853136,5312.730163012357,11.624056246953593,-0.014265160884860961,11.624065000126071,0.13453768804344435,-0.00016510602875996483,0.13453778935331098,8.185452315956354e-12,73.85007390592031
405,268.14454436182604,5375.419568177945,11.586026781752354,-0.02820957947681109,11.586061123947907,0.1340975321962078,-0.00032649976246309126,0.134097929675323,-9.094947017729282e-13,73.74643815908146
406,269.1447329467991,5437.8313358802625,11.520748413290699,-0.04400828597355258,11.520832466951964,0.1333419955241979,-0.0005093551617309325,0.1333429683674996,1.000444171950221e-11,73.56896949801937
407,270.1379480655199,5499.8079592884405,11.424758999217147,-0.06304825270397033,11.424932965771056,0.13223100693538367,-0.0007297251470366936,0.13223302043716503,-1.7280399333685637e-11,73.30732191095687
408,271.12120927719747,5561.163458897122,11.2899569004381,-0.08541804679919096,11.290280025600289,0.13067079745877427,-0.000988634800916562,0.13067453733333664,5.4569682106375694e-12,72.94052853550147
409,272.0909425759796,5621.674816741129,11.112178776197226,-0.11091801126734709,11.1127323354516,0.1286131802800605,-0.001283773278557258,0.12861958721587502,6.366462912410498e-12,72.45514792756619
410,273.04315629867915,5681.092953037579,10.882978462156553,-0.1350146372876111,10.883815928250776,0.1259603988675527,-0.0015626694130510543,0.12597009176216176,7.275957614183426e-12,71.83479457701144
411,273.9737083711006,5739.159402356678,10.61683215284918,-0.1605806520317742,10.618046482643551,0.12288000176908771,-0.001858572361478868,0.12289405651207813,-3.637978807091713e-12,71.1030499850094
412,274.8791007702421,5795.6558880631055,10.298555550577271,-0.17589392907162846,10.300057529092262,0.11919624479834805,-0.002035809364254959,0.1192136288089382,0.0,70.23737705400207
413,275.75667417579314,5850.416468569491,9.97684887733123,-0.185198356161186,9.978567630287937,0.11547278793207442,-0.002143499492606319,0.1154926809061104,-3.637978807091713e-12,69.34858849417824
414,276.6050729647634,5903.356553001236,9.625184484477677,-0.18861217649304082,9.627032300421103,0.11140259819997311,-0.0021830113020027873,0.11142398495857758,-4.547473508864641e-12,68.39219270749116
415,277.42381880996754,5954.446293741975,9.29180874831746,-0.18727099269219707,9.293695725598766,0.10754408273515577,-0.0021674883413448733,0.10756592274998572,-5.4569682106375694e-12,67.47053553454987
416,278.2131083685463,6003.697962197287,8.944597194522613,-0.18316393835095826,8.946472377455487,0.10352543049215986,-0.0021199529901731276,0.10354713399832738,-3.637978807091713e-12,66.52724040357252
417,278.9735336559081,6051.1485001286665,8.624952183961314,-0.17818746662795779,8.626792622341302,0.09982583546251522,-0.002062354937823585,0.09984713683265398,-9.094947017729282e-12,65.6454355002529
418,279.7057841354749,6096.840930053634,8.293177148719087,-0.17157786617101464,8.294951849419997,0.09598584662869314,-0.0019858549325348918,0.0960063871460648,-1.000444171950221e-11,64.75004870580756
419,280.41073793481286,6140.830047132322,7.993907645266223,-0.16471020792266702,7.995604348242833,0.0925220792276183,-0.0019063681472530902,0.09254171699355129,1.000444171950221e-11,63.93124209752271
420,281.089144437414,6183.162612894634,7.6855830228057584,-0.16326922874003458,7.687317037919892,0.08895350720839997,-0.001889690147454104,0.08897357682777651,9.094947017729282e-13,63.09914223725424
421,281.7418460221695,6223.8911917833775,7.3946177518535485,-0.15663483949654164,7.396276507065682,0.08558585360941606,-0.0018129032349136764,0.08560505216511206,-2.7284841053187847e-12,62.30433582864137
422,282.3696306059371,6263.064949810476,7.111706694441744,-0.1526022928602174,7.1133437684083365,0.08231142007455722,-0.0017662302414377014,0.0823303676899113,9.094947017729282e-13,61.53386660210438
423,282.9732588659066,6300.731353232571,6.8357615313492035,-0.14808957272554155,6.837365445478517,0.0791176103165417,-0.0017139996843233973,0.07913617413748282,3.637978807091713e-12,60.781988849473144
424,283.55347144281603,6336.93661803172,6.57046549580706,-0.14359244412788713,6.572034359435572,0.07604705434961874,-0.0016619495848135084,0.07606521249346726,-8.185452315956354e-12,60.05712625252008
425,284.11097229932,6371.724671477567,6.30973048423798,-0.13783864469561422,6.311235875460018,0.07302928801201365,-0.0015953546839770165,0.07304671152152797,-4.547473508864641e-12,59.349965888288736
426,284.64645116508444,6405.138552701269,6.064647030344069,-0.1355459772847894,6.066161579995972,0.07019267396231561,-0.0015688191815369141,0.0702102034721756,1.8189894035458565e-12,58.678439192718464
427,285.16056946607813,6437.219534683275,5.814427128003399,-0.13150196802037045,5.815913994760848,0.06729661027781712,-0.0015220135187542876,0.06731381938380612,4.547473508864641e-12,57.99937793543203
428,285.65397193902123,6468.007848994925,5.58579273775312,-0.1274900564683435,5.587247463969517,0.06465037890917961,-0.001475579357272494,0.06466721601816569,0.0,57.368245635597184
429,286.1272431056128,6497.539969790239,5.349952168241362,-0.1241885674402738,5.351393370212409,0.06192074268797872,-0.0014373676787068728,0.06193742326634732,-3.637978807091713e-12,56.728302538860376
430,286.5809859577932,6525.8535237662945,5.132342699106567,-0.11883504834853513,5.133718277212773,0.05940211457299268,-0.0013754056521821194,0.05941803561588858,-7.275957614183426e-12,56.13158409200555
431,287.01572113008774,6552.980998517475,4.912712138655502,-0.11554941994860429,4.914070840529629,0.056860094197401644,-0.0013373775457014385,0.05687581991353738,8.185452315956354e-12,55.53929473533956
432,287.43199472936277,6578.956471112237,4.70706974344887,-0.11386542607533556,4.708446761400953,0.05447997388251006,-0.0013178868758719393,0.054495911590288805,-2.7284841053187847e-12,54.97582598641259
433,287.8303258639111,6603.812333908054,4.496661636965337,-0.11076409587478793,4.498025629350142,0.05204469487228399,-0.001281991850402638,0.052060481821182204,-9.094947017729282e-12,54.40475960287455
434,288.2112101094233,6627.579510828014,4.304051436003957,-0.10797796637439205,4.3054056725226335,0.04981541013893468,-0.0012497449811850931,0.049831084172715666,-5.4569682106375694e-12,53.872287252961264
435,288.57509876073584,6650.286162669916,4.103781130022757,-0.10486969345971602,4.105120852756614,0.047497466782670784,-0.0012137696002281946,0.047512972832831166,1.0913936421275139e-11,53.32914434565909
436,288.92248203133187,6671.962878755108,3.9202283426265474,-0.09979709194709585,3.9214984021281434,0.04537301322484429,-0.0011550589345728686,0.045387712987594246,9.094947017729282e-12,52.82736341945875
437,289.25372164803997,6692.632230837694,3.736581691492455,-0.10071625255566234,3.7379388037694614,0.043247473281162664,-0.001165697367542388,0.04326318059918357,3.637978807091713e-12,52.327531669696896
438,289.5692540386546,6712.321452012047,3.5532642640199814,-0.09758996545431274,3.5546041595821656,0.04112574379652756,-0.0011295134890545455,0.0411412518470158,-2.7284841053187847e-12,51.82669857109018
439,289.8694705222889,6731.054960590827,3.383218507811654,-0.09511895557174059,3.384555375128079,0.03915762161819044,-0.0011009138376358862,0.039173094619537954,1.1823431123048067e-11,51.35648886508286
440,290.1547217570221,6748.85463763818,3.2068474960729194,-0.09170613984423426,3.2081584872250755,0.037116290463806934,-0.0010614136556045632,0.03713146397251244,1.000444171950221e-11,50.87940792456445
441,290.4254008938468,6765.745015776041,3.0455285602272855,-0.08750372451459043,3.0467853736297226,0.035249173150778766,-0.001012774589289241,0.03526371960219586,-1.1823431123048067e-11,50.4405791695951
442,290.6818044996336,6781.744600777136,2.881982553758956,-0.08881071418438752,2.8833506174457755,0.03335627955739532,-0.0010279017845415221,0.03337211362784462,-9.094947017729282e-13,49.99854855357613
443,290.92424402092155,6796.872826905505,2.7205141301840743,-0.08748576837167547,2.7219204419304384,0.03148743206231567,-0.0010125667635610587,0.03150370881863933,-3.637978807091713e-12,49.55652383164025
444,291.15303385649884,6811.149312645527,2.5660733128022146,-0.0859789788536091,2.5675133167094657,0.029699922601877482,-0.00099512707006492,0.029716589313766965,8.185452315956354e-12,49.12915806583089
445,291.3684426235282,6824.59081970816,2.4099494128427525,-0.08296866379625954,2.4113771939771813,0.027892933019013338,-0.0009602854606048558,0.02790945826362478,8.185452315956354e-12,48.70287408509657
446,291.570754247902,6837.2150650690855,2.2645287775580045,-0.08135526544980394,2.2659896874444856,0.026209823814328754,-0.00094161186863199,0.026226732493570434,1.8189894035458565e-11,48.30204277220984
447,291.7602047381102,6849.036775658075,2.1129621677674097,-0.07994688104801072,2.11447407792237,0.024455580645456127,-0.0009253111232408647,0.024473079605582978,-1.8189894035458565e-12,47.891506333202805
448,291.9370345378834,6860.070955163924,1.972752832172705,-0.07849865845026899,1.9743140014252851,0.022832787409406308,-0.0009085492876188539,0.022850856497977835,1.8189894035458565e-12,47.50504164337577
449,292.10145549374386,6870.330822809617,1.8264081975357387,-0.0772694738630662,1.828041978625442,0.02113898376777475,-0.0008943226141558588,0.021157893271127798,-3.637978807091713e-12,47.1086405515665
450,292.25367806664195,6879.829511358458,1.690835227974772,-0.07608032522323356,1.692546006478575,0.019569852175633933,-0.0008805593197133513,0.01958965285276128,9.094947017729282e-13,46.734745980355655
451,292.3938851756371,6888.578434959753,1.5498145525823022,-0.07599314292340296,1.551676546567376,0.017937668432665532,-0.0008795502653171638,0.017959219288974256,-9.094947017729282e-12,46.35024552768527
452,292.52225298532875,6896.588586284513,1.4145952211329298,-0.0732427876820566,1.4164900795980047,0.01637262987422372,-0.0008477174500238031,0.016394561106458382,4.547473508864641e-12,45.979949785439
453,292.63891628654625,6903.868376280486,1.2824495260461364,-0.07359246865344175,1.2845593167691665,0.014843165810719169,-0.0008517646834889092,0.014867584684828314,-3.637978807091713e-12,45.61787904186168
454,292.74404758234374,6910.428569138249,1.146293627686805,-0.07236288854497844,1.148575408283648,0.013267287357486168,-0.0008375334322335467,0.013293696855134813,-7.275957614183426e-12,45.24755892403025
455,292.83777072039686,6916.276892952764,1.0192095500828886,-0.07159410840383772,1.0217210105201442,0.011796406829663061,-0.0008286355139333068,0.011825474658797963,2.7284841053187847e-12,44.89675028319527
456,292.920197709325,6921.420337061881,0.8855860891812201,-0.07123175723558006,0.8884462193009527,0.010249838995153008,-0.0008244416346710656,0.010282942353020283,9.094947017729282e-12,44.5339261593757
457,292.99142956369906,6925.865204774821,0.760249261833296,-0.0706528450288829,0.7635252219990816,0.008799181271218703,-0.0008177412619083668,0.008837097476841221,5.4569682106375694e-12,44.18754563433496
458,293.05155116913966,6929.616792954314,0.6287058330880883,-0.06995344736469634,0.6325855747305597,0.007276687882963984,-0.0008096463815358371,0.007321592300122217,6.366462912410498e-12,43.830376313014824
459,293.1006410018138,6932.679998513182,0.5054345345406431,-0.06960835279739969,0.5102052444707755,0.0058499367423685555,-0.0008056522314513851,0.005905153292485829,1.2732925824820995e-11,43.49036455820372
460,293.1387350832907,6935.057069197341,0.3735260351280431,-0.06886479705017336,0.37982108839720535,0.0043232179991671655,-0.0007970462621547844,0.004396077412004692,7.275957614183426e-12,43.13631389782861
461,293.1657582463132,6936.743314569943,0.2526327324482736,-0.06769715320099294,0.26154579342019574,0.0029239899588920557,-0.0007835318657522331,0.003027150386807821,-5.4569682106375694e-12,42.80036070800478
462,293.1824559107192,6937.78524882888,0.11079275181720051,-0.06670079632356761,0.12932142160301918,0.0012823235164027835,-0.0007719999574486991,0.0014967757129979071,1.4551915228366852e-11,42.45219877982572
463,293.1978489183791,6314.745772506857,0.042102105363971985,-0.16697932025606407,0.17220534448517041,0.00048729288615708316,-0.0019326310214822229,0.001993117413022805,1.8189894035458565e-12,42.59243400982971
464,293.19055239783756,6626.290469625063,0.039684969458448904,-0.07277362648023881,0.08289087713375543,0.00045931677613945493,-0.0008422873435212826,0.0009593851520110582,1.0913936421275139e-11,42.40418460508465
465,233.14431788643392,-51.00041926464314,2.6337923397513916,0.19294634055060364,2.640850313680232,0.011509590233141985,-0.09755720182093312,0.09823379405512705,4.3655745685100555e-11,183.3562579554238
466,301.94560390955263,4242.199828579236,0.37134878177454933,-0.7494002308991412,0.8363615389274712,0.00042980183075758024,-0.0008673613783554875,0.000968011040425314,1.7462298274040222e-10,158.424055952054
467,241.86911362854016,-2933.05278153588,0.017008884555569113,-0.0078080766078496506,0.018715453885458574,0.1968620897635314,-0.09037125703529687,0.21661404960021496,-5.5067062021407764e-14,183.82762784139734
468,301.9918659821047,818.6069653295291,0.3722103097960355,-0.7888538582960507,0.8722562263847856,0.00043079896967133734,-0.0009130252989537624,0.0010095558175749833,4.3655745685100555e-11,167.7172999651956
469,237.74164489420343,-2819.3909371398754,0.011403038503913646,-0.005451662292994806,0.012639221055057093,0.13197961231381536,-0.0630979432059584,0.1462872807298275,-5.329070518200751e-15,183.89091686794816
470,301.9943961996955,1190.4869273776537,0.2584649204931395,-0.7131599445426531,0.7585520559761242,0.0002991492135337263,-0.0008254166024799225,0.0008779537684908844,-1.5279510989785194e-10,153.86242945875236
471,245.77515072108903,-623.8749943494298,0.037307716796089456,-0.01850805040430661,0.041646292299622176,0.4318022777325168,-0.21421354634614134,0.4820172719863677,-3.019806626980426e-14,183.01567738863818
472,301.95821512349954,2881.9482243617626,-0.05753301885069462,-0.5737461290123633,0.5766235069911266,-6.658914218830396e-05,-0.0006640580196902354,0.0006673883182767669,2.0372681319713593e-10,178.28760272392157
473,232.82081958462848,-50.412114166672154,4.644714669384455,0.12519003295450706,4.6464015005535515,0.01184798051193714,-0.03557112542228443,0.03749239397556699,-3.495692624255753e-11,183.75742448346156
474,301.9612390903227,4263.94655049215,0.33714250759234116,-0.6173583043163262,0.7034176187258757,0.00039021123563928376,-0.0007145350744401924,0.000814140762414208,3.346940502524376e-10,138.76562075622996
475,301.99491708363064,1962.461096380585,0.22497640067263092,-0.6217936218327225,0.6612425341820253,0.00026038935263035984,-0.0007196685437878733,0.0007653270071551219,-2.1827872842550278e-11,133.20676207322984
476,233.97294260714028,-2282.1101109641713,0.0048910695192601545,-0.002437030335295441,0.005464583963796875,0.05660960091736289,-0.02820636962147501,0.06324749958098234,-5.329070518200751e-15,183.94307579238577
477,247.63306274640618,-3099.340235895602,0.02235132287460326,-0.008918745006049071,0.024065029539306372,0.25869586660420446,-0.10322621534779015,0.27853043448271264,7.105427357601002e-15,183.7984330136839
478,301.981887315084,292.02641719332087,0.6274649883436041,-0.14836263451685738,0.6447664561047061,0.00072623262539769,-0.00017171601217228863,0.0007462574723434099,1.8189894035458565e-11,180.92134031900537
479,232.42617751946693,-70.79710736792094,6.413948964653859,0.08097343113614738,6.414460072191132,0.015684096385342988,-0.0164522738013068,0.02273033639561665,3.1588953675054654e-11,183.87528886146916
480,301.9724482982401,4268.895575386089,0.28984628277924024,-0.5449070192108252,0.6171989365076466,0.0003354702346981948,-0.0006306794203828995,0.0007143506209579242,-4.2928149923682213e-10,124.78223794921564
481,232.5405543008538,-1788.9721840573184,0.002749846898661099,-0.001212568435535721,0.0030053253030135705,0.03182693169746642,-0.014034356892774547,0.034783857673768175,8.881784197001252e-15,183.9648636687774
482,301.9958236477175,2545.0366231972857,0.19831293608285705,-0.5464682938429632,0.5813395021787549,0.00022952886120701047,-0.0006324864512071334,0.0006728466460402256,-1.8189894035458565e-10,118.50425486957788
483,250.21478200860253,-1245.390928277649,0.026303662017027885,-0.007352637798101437,0.02731197389600586,0.3044405326044894,-0.0850999745150629,0.31611080898154925,3.552713678800501e-15,183.24514611714352
484,301.9658269033757,1983.8742731563511,0.01838442991710565,-0.32873983405920626,0.3292534977196923,2.1278275367020427e-05,-0.0003804859190500072,0.00038108043717556984,-1.7462298274040222e-10,180.30340882668105
485,232.97159371879226,-39.370449048291945,3.845694214166521,0.1499301239084093,3.8486157291848513,0.0010009914930533593,-0.022131662119820206,0.022154287444082914,-3.532818482199218e-11,183.67207978624265
486,232.63934774239377,-59.62486241448437,5.5003005571270736,0.10215244954211021,5.501249071045579,0.014012471851017366,-0.025432764959685866,0.029037474078682863,1.7252155259939173e-10,183.82760956017603
487,301.96705702142026,4266.426054476455,0.31476345584738563,-0.5798765831823971,0.6597976090137646,0.0003643095553789186,-0.000671153452757404,0.0007636546400622275,2.546585164964199e-10,131.60113422890853
488,301.95505455316436,4265.181265833084,0.355108240383004,-0.6582985796152343,0.7479698405091935,0.0004110049078506991,-0.0007619196523324471,0.0008657058339226776,-1.1641532182693481e-10,146.23513692420144
489,301.994810692468,1477.7873297745587,0.24176197711631175,-0.6758167104649146,0.7177583714055911,0.00027981710314387936,-0.0007821952667417994,0.0008307388557935081,1.964508555829525e-10,145.46085401894797
490,235.8871468398529,-2647.7129778740223,0.00824043083365786,-0.004047052959951614,0.009180595731484548,0.09537535687104004,-0.04684089074018072,0.10625689504033041,-1.5987211554602254e-14,183.9170915917461
491,233.1548019599903,-1971.9719946713672,0.003538516374993687,-0.0018201724647136613,0.003979211723118068,0.040955050636501004,-0.021066810934185894,0.04605569123979246,1.7763568394002505e-15,183.9517778348615
492,301.99445876132944,2323.622589744071,0.215159880574918,-0.5831622558948807,0.6215882808655737,0.00024902763955430326,-0.0006749563146931489,0.000719430880631451,6.548361852765083e-11,125.82975704524344
493,236.5853543666239,-279.1101973427137,0.021601893918389226,-0.04559576847903313,0.05045409719789794,0.2500219203517271,-0.5277288018406612,0.5839594583090039,-3.552713678800501e-15,182.74142110174432
494,301.94486455870396,3799.3232386430795,-0.056035690642680436,-0.9580349649698405,0.9596723361286215,-6.485612342902829e-05,-0.0011088367650113895,0.0011107318705192376,1.7462298274040222e-10,175.5666138335583
495,252.2115806963672,-3134.377674499173,0.02559118705916467,-0.010782025821240715,0.027769784585175643,0.29619429466625774,-0.12479196552361937,0.3214095438099033,8.881784197001252e-16,183.76689790790945
496,301.97437446688565,-29.724896825316137,0.16405520281150981,-0.024222335330209777,0.1658337453547219,0.00044867475292094855,0.00023634838703845418,0.0005071189150133854,5.820766091346741e-11,183.91234785790948
497,231.88574142389783,-164.75518817978332,7.112379456853938,0.15356830119084708,7.1140371633418225,0.019939200743004648,-0.007470525135394114,0.021292732846405423,-1.25901511438542e-11,183.92757695676005
498,301.9825460875804,4209.3877368882395,0.23475682899650235,-0.484000883832802,0.5379290141937192,0.00027170929282002585,-0.0005601862081398171,0.0006226030256871749,-2.6193447411060333e-10,112.01785679945667
499,301.9773799074809,4271.333523197957,0.26374548125584113,-0.5121365325304623,0.5760603326346994,0.0003052609736757421,-0.0005927506163547017,0.0006667364961049761,8.003553375601768e-11,118.29130390958078
500,232.1786584025966,-84.1032107971771,7.4508880905483394,0.08989022163343245,7.451430304969669,0.017783070665039178,-0.01005064054930808,0.020426771103852236,-3.3161029477923876e-11,183.90560430217795
501,231.57816704941607,-132.64504837712374,9.46017219372189,0.13965806881709544,9.461203005487969,0.022074064923207903,-0.004015615524063894,0.022436343513841564,-3.418776373109722e-11,183.93703208526733
502,301.9859682914326,4260.882017075652,0.21104705905073873,-0.45477158600692746,0.5013562172479985,0.0002442674294568735,-0.0005263560023228327,0.0005802733995925909,1.0186340659856796e-10,106.22885038906814
503,253.18820004246138,-1965.094551445453,0.015901151277248764,-0.013855141878668278,0.02109055638004786,0.18404110274593477,-0.16036043841051248,0.2441036618061095,-1.9539925233402755e-14,183.31649787458122
504,301.9691309476842,1076.580643233663,0.08801806766845033,-0.12619965941894407,0.15386206248957338,0.00010187276350515084,-0.00014606442062377786,0.0001780810908444136,-1.1641532182693481e-10,182.03769036107752
505,232.06185318671717,-1490.6593880958699,0.0022940852270076535,-0.0009302185795965458,0.0024755067429925075,0.026551912349625617,-0.01076641874533039,0.02865169841426513,-1.3322676295501878e-14,183.96825878918867
506,301.9958118715599,2873.219633845118,0.18739103655471467,-0.5097809537144258,0.5431316795686291,0.000216887773790179,-0.0005900242519842891,0.0006286246291303577,-1.7462298274040222e-10,111.96876061611128
507,231.22132925371943,-144.60825055656235,9.29157159778588,-0.007508563017733844,9.291574631638055,0.024691207338253102,-0.0033091739658536548,0.024911972064790202,2.8762769943568856e-11,183.94344429584044
508,301.98945038517127,4271.332650151135,0.18717301822141608,-0.42883425661801766,0.46790229578325687,0.00021663543775626861,-0.0004963359451597427,0.0005415535830824732,8.731149137020111e-11,100.59171501705407
509,301.970205729662,-355.51611386200074,0.001523044957552207,0.0019008737515359136,0.0024357723543064163,0.01762783515685425,0.02200085360573974,0.028191809656324264,9.069189843557979e-12,183.87165960244363
510,257.80503906330677,-3110.3872560743694,0.03279886004248393,-0.015600969907550223,0.03632018009513081,0.37961643567689735,-0.18056678133738688,0.42037245480475477,3.552713678800501e-15,183.70458260557277
511,231.6452350827501,-1237.2539110600642,0.00213323736549832,-0.0007485874073428263,0.0022607708340277367,0.024690247285860185,-0.008664206103504934,0.026166329097543246,-5.773159728050814e-15,183.97102051640806
512,301.99633798069664,3152.675901343616,0.17332183837652337,-0.47551796465918983,0.5061203358607873,0.0002006039796024576,-0.00055036801465184,0.0005857874257648002,1.7462298274040222e-10,105.76058411055735
513,301.9932447471817,4216.0593377166,0.16214188367457075,-0.40372519859858713,0.4350678411753811,0.00018766421721593834,-0.00046727453541503143,0.0005035507421011356,7.275957614183426e-11,94.83610220059096
514,230.78813686558445,-227.13939409680387,5.925459119831402,-0.02557931805023809,5.9255143306134235,0.027750486734648284,-0.0038095210980237937,0.028010747312525935,0.0,183.95276699901936
515,233.22315437103688,-79.22818713934093,1.735204122826983,0.19814409595833868,1.7464805841001803,0.024547257524946974,-0.17588225636350638,0.1775869813795883,-9.458744898438454e-11,183.04475554974871
516,301.9395172672572,4208.672857585069,0.3686437475962525,-0.9351361477192768,1.005175520699275,0.0004266710041623293,-0.0010823335043047184,0.0011633975934019385,8.731149137020111e-11,167.78609674513817
517,231.24864292725766,-940.4685556888936,0.0021759117057425473,-0.0006748654995344382,0.0022781648741145378,0.02518416326090911,-0.00781094328164859,0.026367649005955295,-1.2212453270876722e-14,183.9698739831097
518,301.9963914939465,3474.196229788998,0.16253653644267274,-0.44314879138718766,0.47201586518538274,0.00018812099125309345,-0.0005129036937351709,0.0005463146587793782,-2.9103830456733704e-11,100.10962832217317
519,230.57933510544458,-513.055779571333,0.0026033781392812904,-0.0006415996605528562,0.002681273551972878,0.03013169142686678,-0.00742592199713954,0.031033258703389785,1.0658141036401503e-14,183.96462862556342
520,301.99676172156103,3943.391641276798,0.1461417611342069,-0.3974106889720182,0.4234296518391476,0.00016914555686829504,-0.0004599660751990951,0.000490080615554569,3.637978807091713e-11,92.00873040324366
521,262.06936896454,-2724.183426234947,0.0434742118898745,-0.030512953398797716,0.05311353334662369,0.5031737487253993,-0.3531591828564551,0.614739969289626,-3.552713678800501e-14,183.43945257080466
522,301.96755668034217,-234.98333021310017,0.020438873133168698,0.024540480515438657,0.03193716829780608,0.008154734434938563,0.07626510650847369,0.07669984461818165,1.9612755863818165e-11,183.68072186731428
523,301.9950638279278,4302.484867879481,0.14722391828542358,-0.38306154104282086,0.4103791251287202,0.0001703980535710921,-0.00044335826509585746,0.0004749758392693521,0.0,90.25955416938044
524,230.37224183334087,-166.77922458384313,8.407159445068585,-0.21889371852098197,8.410008584705123,0.033508469118233276,-0.003806096613385416,0.033723936218626925,-8.003553375601768e-11,183.95056573314585
525,301.9969078189562,4230.602712425792,0.13649683537219487,-0.37350750918640835,0.39766725473096093,0.00015798244834744777,-0.0004323003578546393,0.0004602630263089826,1.7462298274040222e-10,87.59647281631798
526,230.08646466748215,-256.60894022741655,4.504078429736536,-0.1478877038344893,4.506505661170679,0.03659001925764311,-0.006012995682281134,0.03708079862071238,2.609468197078968e-11,183.95978566069707
527,251.6822172100408,-1607.4657400063245,0.01898296788930118,-0.005864243348635345,0.019868125727865064,0.21971027649654143,-0.06787318690550166,0.2299551588873271,-2.842170943040401e-14,183.28592510814013
528,249.6222415254128,-1703.1638230618828,0.02276592079357405,-0.00981050238270471,0.024789778268075373,0.2634944536293293,-0.1135474812813045,0.28691872995457607,-1.0658141036401503e-14,183.35448368158032
529,247.75143030897448,-1372.6089530161564,0.02566488740190966,-0.011452021084904075,0.02810400740609404,0.29704730789247286,-0.13254654033453792,0.32527786349645876,-7.105427357601002e-15,183.28570212110998
530,247.44251728925877,-1810.5555762530962,0.02285379483822537,-0.011810471394779044,0.025725146706570803,0.26451151433131215,-0.13669527077290558,0.2977447535482732,8.881784197001252e-15,183.4160407767512
531,245.41709570662314,-1494.829697362682,0.023430745812949207,-0.014265585813537297,0.027431857172900878,0.27118918764987504,-0.16511094691594094,0.317498346908575,7.993605777301127e-15,183.3441654417726
532,245.3436318880792,-1913.6478982744582,0.021325923885589345,-0.012777667066480073,0.024860889067685403,0.24682782274987666,-0.14788966512129717,0.2877417716167292,0.0,183.47979150203074
533,243.34534594240182,-1599.874197535684,0.020344006434056806,-0.015171284232348035,0.025378070514671457,0.235463037431213,-0.1755935675040282,0.29372766799388256,-1.7763568394002505e-15,183.41559586641523
534,243.4274377623303,-2005.6282886906713,0.019133953119858018,-0.01279888083949276,0.02301998072841199,0.2214577907390974,-0.1481351949015366,0.266434962134398,0.0,183.54587236862037
535,241.56259355867647,-1684.8473194727476,0.01732398921011043,-0.014724421539001093,0.02273607687817364,0.20050913437627815,-0.17042154559029044,0.26314903794182454,3.019806626980426e-14,183.49175716849817
536,241.1973851631182,-1297.9241454748199,0.018155788038341145,-0.018090831391459606,0.025630271550012726,0.21013643562894843,-0.20938462258633805,0.2966466614584806,1.687538997430238e-14,183.36033842279778
537,239.63884608238513,-1371.3524904659344,0.014749514702960952,-0.016589735873614012,0.02219836751495787,0.1707119757287147,-0.19201083187053256,0.256925549941642,1.7763568394002505e-15,183.4511838176674
538,240.05216885432355,-1753.3932405523872,0.014733730134757319,-0.013578322378135175,0.020036308100256955,0.17052928396709857,-0.15715650900619416,0.23190171412334434,3.552713678800501e-15,183.56659051800003
539,238.3599960932078,-1427.5586546949603,0.012223614310535902,-0.014818842836586568,0.01920975923399851,0.14147701748305438,-0.17151438468271488,0.22233517631942717,-1.7763568394002505e-14,183.53645606438346
540,238.77157874085026,-1808.805428294071,0.012541837334121267,-0.012154962219232306,0.01746541697946324,0.14516015433010723,-0.1406824330929665,0.20214602985489857,1.9539925233402755e-14,183.63642719172333
541,237.2973759045854,-1469.8425530540524,0.010126301566315483,-0.013089251089631791,0.016549032524573466,0.1172025644249477,-0.15149596168555313,0.19153972829367436,1.7763568394002505e-15,183.61324417475572
542,238.9569267592985,-1004.8474130592696,0.01450853989780678,-0.020516922853491746,0.025128506786961755,0.16792291548387475,-0.2374643848783767,0.29083919892316845,-3.019806626980426e-14,183.32326559329206
543,236.69100006101914,-1100.9469420640287,0.00962241144353717,-0.015703813060177197,0.01841739793287062,0.11137050281871723,-0.18175709560390274,0.21316432792674328,-8.881784197001252e-15,183.5222405738183
544,235.8562028035775,-1129.6205178337698,0.007548563792471694,-0.013969656793418961,0.015878668906899318,0.0873676364869409,-0.16168584251642315,0.1837808901261495,1.5987211554602254e-14,183.60431199051246
545,236.42532616947463,-1500.6519266391588,0.00821470676885119,-0.011289018909525378,0.01396149545134156,0.09507762463948137,-0.13065994108246967,0.1615913825386755,-1.9539925233402755e-14,183.6808128029235
546,235.2370081407268,-1150.7952006430714,0.005458016969420947,-0.011712357363693979,0.012921658726857152,0.06317149270163132,-0.13555969170942106,0.1495562352645504,-3.2862601528904634e-14,183.67533168534823
547,235.71792826497753,-1521.8453983694578,0.006705272961844321,-0.009330134657726257,0.011489651788637685,0.07760732594727222,-0.10798766964960944,0.13298208088701025,0.0,183.73874564377465
548,234.76380124773587,-1157.9569705337103,0.004322262703717357,-0.009156072824900044,0.01012499997307749,0.05002618870043237,-0.10597306510300974,0.11718749968839684,-1.5987211554602254e-14,183.7340658437746
549,235.13018599574542,-1534.4407116540733,0.005670401265318218,-0.00746388195844563,0.00937352571871079,0.06562964427451641,-0.08638752266719478,0.10848988100359709,-1.2434497875801753e-14,183.78718567286506
550,234.35513336194742,-1153.984998813092,0.003904593364238943,-0.007114049010991354,0.008115142800397653,0.045192052826839614,-0.08233853021980735,0.09392526389349136,-1.2434497875801753e-14,183.7815853903244
551,234.626415399632,-1540.9735413127407,0.004964984184876707,-0.005924930727110222,0.007730192240632226,0.057465094732369305,-0.06857558711933127,0.08946981759991005,8.881784197001252e-15,183.82713976176572
552,233.99083013669332,-1151.8780593078723,0.003624968479816878,-0.005665121647345644,0.0067256226298306465,0.04195565370158424,-0.06556853758501902,0.07784285451192878,-3.2862601528904634e-14,183.8205241217572
553,249.30407237746687,-2137.859813151363,0.022160089217459544,-0.011181869042248377,0.024821437295284885,0.25648251409096695,-0.12941978058157844,0.2872851538806121,-1.0658141036401503e-14,183.48322806969196
554,235.05641789145298,-773.1592422726276,0.007829906341840462,-0.016717442884620633,0.01846023645359253,0.09062391599352386,-0.19348892227570177,0.21366014413880244,1.7763568394002505e-15,183.52434421672245
555,234.1847072026681,-1544.270770768622,0.004445932145527855,-0.004689322143052746,0.00646189250947141,0.051457547980646466,-0.05427456184088827,0.0747904225633265,-1.7763568394002505e-15,183.85984229329307
556,233.65673457574758,-1148.678265859072,0.003356957243529402,-0.00454745056648664,0.005652297638087027,0.038853671800108826,-0.05263252970470648,0.06542011155193318,-1.0658141036401503e-14,183.85239456102113
557,235.86985735586072,-745.709190817067,0.008462335476405587,-0.017852763355875757,0.019756828722143967,0.09794369764358317,-0.20662920550782124,0.22866699909888846,-5.329070518200751e-15,183.42621082254138
558,240.56403586785848,-926.9120471008837,0.019378225800818678,-0.023166190126872235,0.030202450234739355,0.2242850208428088,-0.26812720054250266,0.34956539623540916,-8.881784197001252e-16,183.20934364835603
559,235.9928970078493,-1908.0603953665961,0.007599124269949184,-0.007408631969561132,0.010612941031143722,0.08795282719848592,-0.08574805520325383,0.12283496563823751,6.217248937900877e-15,183.8010941794623
560,240.25691450975353,-2146.7736859630168,0.014737177616910527,-0.011062046811833268,0.018426971638865655,0.17056918538090884,-0.12803294921103317,0.2132751347090932,-3.552713678800501e-15,183.67279608680062
561,238.97899168605593,-2201.631907090491,0.012828031651533211,-0.009796163043799835,0.01614073128558454,0.14847258855941214,-0.11338151671064622,0.18681401950908028,-1.4210854715202004e-14,183.72976226289623
562,245.21700597594108,-2331.3225732452515,0.02035985349851318,-0.011261088421260508,0.023266623023386244,0.2356464525290877,-0.13033667154236697,0.26928961832622966,-1.7763568394002505e-15,183.608611132413
563,233.96919380182004,-786.5745095126263,0.00226427381404809,-0.00809527699048868,0.008405976769996415,0.026206872847778822,-0.09369533553806342,0.09729139780088442,-1.7763568394002505e-15,183.73568737890858
564,237.9069970847666,-665.5905698780854,0.013334569510701355,-0.026164789918097283,0.029366766514103852,0.15433529526274717,-0.3028332166446444,0.339893130950276,8.881784197001252e-15,183.17823637860278
565,233.7803479235879,-1533.3831109584944,0.003943455957579781,-0.0037335681625487636,0.005430504222792689,0.045641851360877096,-0.04321259447394402,0.06285305813417463,-1.7763568394002505e-15,183.88579689670024
566,233.35070816334613,-1141.9903385281,0.0030752972918767466,-0.003639356827171193,0.0047647005728484165,0.035593718655980856,-0.042122185499666585,0.05514699737093074,1.509903313490213e-14,183.87829672545394
567,233.42740529496066,-1523.989887901647,0.0035099649063438463,-0.002991844189761748,0.004612047842290504,0.04062459382342415,-0.03462782627039059,0.0533801833598438,2.4868995751603507e-14,183.90715266376307
568,233.07303687043816,-1133.966718333575,0.0028271941668067424,-0.0029065612739784374,0.004054765751090589,0.03272215470841137,-0.03364075548586154,0.04693015915614107,-2.6645352591003757e-14,183.89935186711745
569,233.4550214289502,-765.7149385956924,0.0025688227848206643,-0.005258984139839252,0.005852842444735258,0.029731745194683617,-0.06086787198888022,0.06774123199925065,1.0658141036401503e-14,183.81804287945758
570,234.75472391210278,-1924.9039058919054,0.005669157753821086,-0.004723285294012613,0.007378941225294151,0.06561525178033663,-0.05466765386588671,0.0854044123297934,1.2434497875801753e-14,183.8722047935235
571,243.3357630671007,-2394.809374050246,0.018491575497193467,-0.01080848699811114,0.021418724414790518,0.2140228645508503,-0.12509822914480484,0.24790190294896428,2.842170943040401e-14,183.66177086064556
572,232.98305155831136,-754.3860433860947,0.0023401825644318807,-0.003445571610903229,0.004165143234119716,0.02708544634759121,-0.03987930105212071,0.04820767632083005,-1.7763568394002505e-15,183.87363735164564
573,232.77153155057854,-750.6567189393156,0.0022281919612440427,-0.0027552244435609195,0.003543458924631151,0.025789258810694937,-0.031889171800473605,0.0410122560721198,6.217248937900877e-15,183.89381118754758
574,232.82415231993056,-1132.6502755261456,0.002630151775904362,-0.002319041186344384,0.0035065154196516,0.030441571480374557,-0.02684075447157852,0.04058466920893056,-1.7763568394002505e-15,183.91642621498508
575,232.56915390893857,-745.6695971018472,0.0021411201349573507,-0.0021864995108446836,0.0030602574308779685,0.024781483043487856,-0.025306707301443094,0.035419646190717226,8.881784197001252e-16,183.91008461086753
576,232.59374073189176,-1118.2182748091934,0.0024573114300301523,-0.0018548714301268065,0.003078786690639268,0.02844110451423787,-0.02146841933017137,0.035634105215732265,1.865174681370263e-14,183.92944358811854
577,244.61281410060766,-2713.1978548745296,0.01974191280975459,-0.009630999989728365,0.021965866297282702,0.22849436122401143,-0.11146990728852273,0.2542345636259572,-8.881784197001252e-15,183.72715588944894
578,232.37499712869237,-738.0901694682453,0.002077238306488647,-0.001732767816994857,0.0027050699232287778,0.02404211002880378,-0.020055183067070104,0.03130867966699974,1.6431300764452317e-14,183.92295848974447
579,232.38155840438552,-1096.2109733380225,0.002324918587438996,-0.0014957705225125213,0.0027645209158616824,0.0269087799472106,-0.0173121588253764,0.031996769859510214,-8.43769498715119e-15,183.93951588989773
580,232.18755659814437,-728.6638219317193,0.0020385899874862854,-0.0013900703152735332,0.0024674165879486165,0.02359479152183201,-0.016088776797147375,0.028558062360516397,2.220446049250313e-15,183.93318190475728
581,240.34207224532554,-2554.70813220221,0.014859738164739544,-0.008843494647005339,0.017292172098849496,0.171987710240041,-0.10235526211811734,0.20014088077372102,4.440892098500626e-14,183.7713661573372
582,239.02950457148063,-2599.6282738302802,0.013120029209626736,-0.007736023125499679,0.015230929724075434,0.15185218992623536,-0.08953730469328332,0.17628390884346568,8.881784197001252e-15,183.8159156954107
583,237.90380255629702,-2231.890981078617,0.011107281465378052,-0.008508386008295241,0.013991580826242796,0.12855649844187558,-0.09847668991082455,0.16193959289632864,-1.7985612998927536e-14,183.77631212274366
584,232.85673940786126,-1527.6895868348668,0.0029344104053019137,-0.0018847058337348843,0.003487532151315375,0.03396308339469808,-0.021813724927487083,0.04036495545503906,5.329070518200751e-15,183.93839997967152
585,232.17673899454414,-1159.658929012544,0.0022395666247632716,-0.0011772142748906337,0.002530117016218782,0.025920910008834168,-0.01362516521864159,0.029283761761791465,-4.440892098500626e-16,183.95130650703132
586,232.01001252775228,-656.4863024512235,0.001968563050209619,-0.0011720617610160048,0.0022910629092817458,0.02278429456261133,-0.013565529641388943,0.026516931820390575,1.4210854715202004e-14,183.9387808069296
587,234.211312481846,-414.7615399514322,0.006575812767798198,-0.015339152280519755,0.016689245226855293,0.0761089440717384,-0.1775364847282379,0.19316256049601033,7.105427357601002e-15,183.436927710252
588,233.2736105781217,-448.62980427861174,0.004911870975185437,-0.011248216476865637,0.01227390933595734,0.056850358509090704,-0.13018769070446337,0.14205913583283955,2.842170943040401e-14,183.53920542786648
589,239.48424391757305,-582.1334632177238,0.0200491653704607,-0.03308381772430524,0.03868472602031885,0.23205052512107294,-0.3829145569942736,0.44773988449443114,3.552713678800501e-15,183.02256875075506
590,234.82095499196618,-410.24795867585163,0.005027250792803091,-0.020368021570942627,0.020979264840506766,0.058185773064850586,-0.23574099040442853,0.24281556528364312,0.0,183.32504111825511
591,245.51640996496917,-1069.9789292185817,0.027804068888633737,-0.01596761280656031,0.03206292103823542,0.32180635287770526,-0.18481033340926287,0.37109862312772474,3.552713678800501e-15,183.1960128465869
592,233.1869291448911,-90.0262107997221,2.232194445208897,0.196482572621839,2.240825170013393,0.012797952691704487,-0.1378532389272277,0.13844602946934387,-2.2303936475509545e-11,183.2290433888715
593,247.21015275123,-2236.6757483926567,0.02178307996159697,-0.011346167331863376,0.02456090563753648,0.252118981037002,-0.13132138115582612,0.2842697411751907,1.7763568394002505e-15,183.54768270613405
594,249.0011392582032,-2530.2213318039353,0.022369520368760856,-0.010947562627109055,0.024904709775520003,0.25890648574954694,-0.1267079007767252,0.2882489557351853,-1.2434497875801753e-14,183.60894598168176
595,251.16791795862463,-2443.9974382242467,0.022443514092389025,-0.01205026499525643,0.025473912366795314,0.2597628945878359,-0.13947065966731978,0.29483694868976057,8.881784197001252e-15,183.54323527039494
596,301.9679711222819,1532.9334689774885,0.05630332756490475,-0.22269303606611857,0.2297003548260789,6.516588838530642e-05,-0.0002577465695209706,0.00026585689215981355,-1.3096723705530167e-10,181.20005337519356
597,301.96868584641913,1563.9359137427143,0.13084313258210756,-0.3048132294072161,0.33170925547164815,0.00015143881085892078,-0.0003527930895916853,0.00038392274938848164,-1.4551915228366852e-11,179.61244395015734
598,301.96617816381547,2010.504914988691,0.09764299883182304,-0.4157576825754177,0.42706979036376846,0.00011301273012942481,-0.00048120102149932603,0.0004942937388469542,-2.0372681319713593e-10,178.1275965208802
599,301.9700879057224,1591.811454562451,0.21127507657424616,-0.38943196652735423,0.44305125497487974,0.00024453133862759974,-0.0004507314427399933,0.0005127908043690738,1.8917489796876907e-10,177.51515354200419
600,301.9672533932915,2033.8935133214447,0.17712952121902248,-0.49731960352244187,0.5279220163385866,0.00020501101992942417,-0.0005756013929657892,0.0006110208522437344,-3.4924596548080444e-10,175.46101043683777
601,301.97214853156356,1619.944872843191,0.2846492397908307,-0.4802748214492567,0.5582912267191857,0.00032945513864679477,-0.0005558736359366397,0.0006461704012953539,8.731149137020111e-11,174.88757214158392
602,301.9689498759452,2058.2331385185853,0.24318712249971242,-0.570833662077348,0.6204764671688411,0.00028146657696725974,-0.0006606871088858194,0.0007181440592231958,-1.0186340659856796e-10,172.34911364246486
603,301.9747157974517,1647.7218607016503,0.3300909795086824,-0.5726232327455136,0.660951905536949,0.0003820497448017157,-0.0006627583712332333,0.0007649906314085058,-4.3655745685100555e-11,171.73694907091135
604,301.9710732589408,2084.7063728953062,0.28481983439468195,-0.6304164265562804,0.6917710668542044,0.00032965258610495596,-0.0007296486418475467,0.000800660957007181,-4.3655745685100555e-11,168.8469836866706
605,301.96498463450587,2493.9838964869564,0.2249727007048108,-0.6455339797733473,0.6836130741175396,0.0002603850702601977,-0.0007471458099228556,0.0007912188357841894,1.1641532182693481e-10,169.81345818581795
606,301.96694952837044,2517.9335635686807,0.2698222855457857,-0.674996460594457,0.7269279796459864,0.000312294311974289,-0.0007812459034658067,0.0008413518282939659,2.0372681319713593e-10,166.01759518113712
607,301.97342526789606,2110.571469971994,0.30232618685074186,-0.6701642846929303,0.7352015313733349,0.00034991456811428456,-0.0007756531072834841,0.0008509276983487672,1.4551915228366852e-11,165.05590334807232
608,301.969197687277,2541.6706429977585,0.2926019496231973,-0.6890596760385961,0.7486114733730115,0.0003386596639157376,-0.0007975227731928195,0.0008664484645520966,1.7462298274040222e-10,162.06178043058694
609,301.9758472295986,2135.1409254066966,0.3035899763212555,-0.6895544616654661,0.7534269900431568,0.00035137728740886054,-0.0007980954417424376,0.0008720219792166168,3.92901711165905e-10,161.0732457872395
610,301.9715576417965,2565.8289070550227,0.30018579222011965,-0.691435599450017,0.7537869049258055,0.0003474372595140274,-0.0008002726845486308,0.0008724385473678303,-1.7462298274040222e-10,158.0214999968727
611,301.9604897588238,2926.578623772,0.2348870555431617,-0.7070039344405927,0.7450010014598734,0.0002718600179897705,-0.0008182915907877231,0.0008622696776155942,2.6193447411060333e-10,167.19098821218722
612,301.96485456083184,2972.1415787283504,0.30059844368140887,-0.7007567164375246,0.7625086228863162,0.000347914865372001,-0.0008110610143952831,0.0008825331283406438,-1.4551915228366852e-10,159.06582977716263
613,301.967286131143,2995.711501761477,0.30801264396367145,-0.6902152044455079,0.7558232712011754,0.0003564961156986938,-0.000798860190330449,0.0008747954527791383,-1.1641532182693481e-10,154.99016232004058
614,301.97394293694725,2589.5822495980638,0.2990066168029699,-0.6856988878744801,0.7480560953058647,0.00034607247315158557,-0.0007936329720769445,0.0008658056658632693,-7.275957614183426e-11,153.9528598511207
615,301.96982366860465,3013.3369663936824,0.3073293118395384,-0.677090374961665,0.7435742611074514,0.00035570522203650273,-0.0007836694154648901,0.000860618357763254,1.7462298274040222e-10,150.9558982222146
616,301.97630433709,2612.6780965414346,0.2932746827661816,-0.6746973886244518,0.7356810489391847,0.00033943829023863614,-0.0007808997553523748,0.0008514826955314637,-2.1827872842550278e-10,149.8955207854642
617,301.9722729848816,3035.8568766629687,0.30230097237722475,-0.6622157865557483,0.7279530382269614,0.000349885384695862,-0.0007664534566617457,0.0008425382386886127,2.9103830456733704e-11,146.95716782980818
618,301.9785932464488,2636.9009072622634,0.2856338075038849,-0.6607684437794319,0.7198622147910381,0.0003305946846109779,-0.0007647782914113795,0.0008331738597118497,-1.1641532182693481e-10,145.8736522618175
619,301.97458195033516,3065.469629319186,0.29498678843660286,-0.6461824368862494,0.710330167663174,0.0003414198940238459,-0.0007478963389887147,0.0008221413977583033,1.6007106751203537e-10,143.00441552046183
620,301.9808026351491,2661.9405626363773,0.27677588448455026,-0.645399671552866,0.7022432814009348,0.0003203424588941554,-0.0007469903605935949,0.0008127815756955263,1.3096723705530167e-10,141.90883323929893
621,301.97688199266787,3090.4518059554553,0.2861091553654376,-0.6295667086072854,0.6915292397075735,0.00033114485574703423,-0.0007286651719991729,0.0008003810644763582,-2.0372681319713593e-10,139.134195209753
622,301.9718705882425,1148.9524181511288,0.24184116581088944,-0.27392630870434687,0.3654076792859713,0.0002799087567255665,-0.0003170443387781792,0.00042292555472913344,-8.731149137020111e-11,179.5306177737078
623,301.96052281940376,3401.656905236132,0.3188505615182464,-0.7028432397485176,0.771786434346117,0.0003690400017572297,-0.0008134759719311546,0.0008932713360487466,-1.6007106751203537e-10,156.0218456069856
624,301.9829420389733,2686.3196810842696,0.2666836930574803,-0.6289444225791385,0.6831480650899792,0.0003086616817794911,-0.0007279449335406696,0.0007906806308911796,-2.0372681319713593e-10,138.0152179529165
625,301.97911397871263,3114.6152931589336,0.2761589827507578,-0.6125680843447299,0.6719400581240156,0.0003196284522578215,-0.0007089908383619559,0.0007777084006064995,-4.3655745685100555e-11,135.34163412792066
626,301.9580276475062,3378.192635385682,0.30457988742499964,-0.724094312166983,0.7855453397076464,0.0003525230178530088,-0.0008380721205636377,0.0009091959950319982,1.4551915228366852e-11,160.1685084292451
627,301.9589641745973,2904.131479242353,0.16031591472870588,-0.6920480058275302,0.710374292106044,0.00018555082723229846,-0.0008009814882263081,0.0008221924677153285,-2.3283064365386963e-10,171.12829940846254
628,301.98272820767096,2209.9100819362807,0.27787348123720435,-0.6759603783720536,0.7308461566593702,0.00032161282550602355,-0.0007823615490417287,0.0008458867553927897,2.9103830456733704e-10,148.78616760264816
629,301.98007473193906,1704.8300475920348,0.32462958761942673,-0.6895026914815503,0.7621012601474039,0.0003757286893743365,-0.0007980355225480906,0.000882061643689125,-4.0745362639427185e-10,164.21316360834524
630,301.9825680201599,1729.8043454413662,0.3050809307665361,-0.7037769586923446,0.7670569613161868,0.0003531029291279353,-0.0008145566651531766,0.0008877974089307717,0.0,160.10908156297327
631,301.97752495580806,1210.5293665257184,0.40832929173274835,-0.4894749086319621,0.6374311701409302,0.0004726033469129032,-0.0005665218849906969,0.0007377675580334841,1.4551915228366852e-10,174.78061384151593
632,301.9682629473589,3456.562766903129,0.3136486278746631,-0.6488253615621602,0.7206592895217038,0.0003630192452253045,-0.0007509552795858335,0.0008340963999093794,1.4551915228366852e-10,144.25135766245148
633,301.9538910808256,3330.93623308816,0.2025810169970228,-0.7742774716925851,0.8003403473636762,0.0002344687696724801,-0.0008961544811256772,0.0009263198464857364,3.4924596548080444e-10,168.67617261990753
634,301.98485622959424,2722.551657477344,0.25645218734946695,-0.6123733127684545,0.6639042088941277,0.00029681966128410525,-0.0007087654082968223,0.0007684076491830181,1.3096723705530167e-10,134.17300230830608
635,301.9812417703914,3140.546714293707,0.26592288362263616,-0.5954551164356872,0.65213631682618,0.00030778111530397706,-0.0006891841625413045,0.0007547874037340046,5.820766091346741e-11,131.62780395060238
636,301.9867495641331,2754.110235819262,0.24671864153753909,-0.5955105869807085,0.6445951809378012,0.0002855539832610406,-0.0006892483645610051,0.0007460592371965291,-1.0913936421275139e-11,130.4230227618736
637,301.9832899121092,3166.0312043181784,0.2549832775998233,-0.5786599788347644,0.6323478812810228,0.00029511953425905474,-0.0006697453458735699,0.0007318841218530357,-1.4551915228366852e-11,127.99760107552035
638,301.9731007403943,3509.8185749041663,0.2963505372695039,-0.6135057222856517,0.6813317196616953,0.00034299830702488876,-0.000710076067460245,0.0007885783792380731,-8.731149137020111e-11,136.59546296962574
639,301.98678983299925,2270.343878419863,0.2579740524694074,-0.6457842063228441,0.6954048122378175,0.00029858107924699934,-0.0007474354239847732,0.0008048666808308073,-2.9103830456733704e-11,140.69360611455275
640,301.9807647983777,1264.7034771897852,0.41111041385644853,-0.6190162647080228,0.7430968364582731,0.0004758222382597784,-0.0007164540100787301,0.0008600657829378161,5.4569682106375694e-11,171.3541874586344
641,301.9777598764043,3550.892830893936,0.27505498336157075,-0.5787494770647754,0.6407856124124394,0.00031835067518700316,-0.0006698489317879345,0.0007416500143662492,-1.4551915228366852e-10,129.30183770442653
642,301.9799687456181,3567.9692599179193,0.2635469288840824,-0.5618993771617511,0.6206350729526936,0.0003050311676899102,-0.0006503465013446194,0.0007183276307322844,1.4551915228366852e-10,125.81629623506707
643,301.98531502380877,3183.00921565977,0.24348693239147323,-0.5623155840558525,0.6127680656802249,0.0002818135791567977,-0.0006508282222868663,0.0007092222982410009,-4.656612873077393e-10,124.49591746281146
644,301.98208554683555,3585.6885483265332,0.25178767357142107,-0.5453507411253327,0.6006700120768957,0.00029142091848544105,-0.0006311929874135794,0.000695219921385296,-8.731149137020111e-11,122.39263984367302
645,301.9870753390022,3211.9248296296487,0.23279335093872078,-0.5461187465002126,0.5936652503896804,0.00026943674877166757,-0.0006320818825233943,0.0006871125583213894,-8.731149137020111e-11,121.13239019523016
646,301.98390889447575,866.7685100369176,0.5483388989947002,-0.5837975238075046,0.8009338905018902,0.0006346515034660882,-0.0006756915784809081,0.0009270068177105211,-1.6007106751203537e-10,174.30074187067686
647,301.9840758414169,3605.498044243934,0.24018046527533699,-0.5292712809913951,0.5812183279819638,0.00027798664962423264,-0.0006125825011474481,0.0006727063981272729,-1.4551915228366852e-10,119.05860952323776
648,301.98864701231156,3247.2681436367516,0.22179769244012704,-0.5306883315067239,0.5751732969889646,0.00025671029217607294,-0.0006142226059105601,0.0006657098344779683,1.1641532182693481e-10,117.9124500382402
649,301.98594640004944,3626.752116695441,0.22875163343596228,-0.513441487626892,0.5620938275912098,0.0002647588349953267,-0.0005942609810496435,0.0006505715597120485,-8.731149137020111e-11,115.82079246918182
650,301.98698894786554,1291.9455777726564,0.32584698522154554,-0.7268604044085123,0.7965565298677025,0.00037713771437678883,-0.0008412736162135559,0.0009219404280876187,-4.656612873077393e-10,163.5382137453301
651,301.9892602772273,1329.0615233135306,0.293741242080948,-0.7237793162011599,0.7811148544611584,0.00033997828944554165,-0.0008377075418994906,0.0009040681185893037,-6.912159733474255e-11,159.18374572358834
652,301.98459143612723,1767.2587831395392,0.28781914488201465,-0.7024543568012973,0.7591323886844366,0.00033312401028010957,-0.0008130258759274275,0.000878625449866246,-7.275957614183426e-11,156.10844082854905
653,301.9904820028913,2786.256278339428,0.22427701667340472,-0.5637041302191506,0.606681569387147,0.00025957988040903324,-0.0006524353359017946,0.000702177742346235,9.458744898438454e-11,123.42839312783484
654,301.99119260216355,3196.7620050868363,0.20840460455912893,-0.5153108991173951,0.5558577173617589,0.00024120903305454737,-0.0005964246517562444,0.0006433538395390729,-1.4551915228366852e-11,114.47549397396635
655,301.9869226439382,3710.1531012085075,0.22023508001814207,-0.49709458942177775,0.543697085979871,0.00025490171298396075,-0.0005753409599789094,0.0006292790346989248,1.1641532182693481e-10,112.92778544114243
656,301.953447436157,3812.34768120159,0.3372000146429457,-0.7242253873532718,0.7988781268517742,0.00039027779472563157,-0.0008382238279551757,0.0009246274616339979,1.3096723705530167e-10,157.1273992380491
657,301.95609280713484,3837.1443555758124,0.34095022472596526,-0.6961614883372818,0.7751695773085173,0.0003946183156550524,-0.0008057424633533353,0.0008971870107737469,2.9103830456733704e-11,153.059048596321
658,301.9527599725762,3315.9019386173663,0.08463420639160191,-0.7833686851511743,0.7879273099512517,9.795625739768739e-05,-0.0009066767189249703,0.0009119529050361711,-1.7462298274040222e-10,172.9389016055702
659,301.9508946858179,3778.660278222314,0.32174045345846025,-0.7634303097077009,0.8284580599958284,0.0003723847840954401,-0.0008835998954950242,0.0009588634953655422,-1.4551915228366852e-11,161.53086021955104
660,301.9626516156547,2452.2843786015715,0.06860208246772004,-0.5298061760053088,0.5342291922501765,7.940055841171301e-05,-0.000613201592598737,0.0006183208243636302,5.820766091346741e-11,176.5618465740029
661,301.9429471267327,4200.349311267022,0.37313734369504176,-0.8118467303081616,0.8934912370985205,0.00043187192557296496,-0.0009396374193381499,0.0010341333762714357,-7.275957614183426e-12,162.93278758433118
662,301.9743314863809,1180.6351938955934,0.33253839130875207,-0.3670410079775479,0.49527859153347936,0.00038488239734809265,-0.00042481598145549526,0.0005732391105711566,-1.4551915228366852e-10,177.47098196805786
663,301.9750786122104,775.4137859136642,0.3608382008774029,-0.23580884835541838,0.4310568642014064,0.0004176368065710682,-0.00027292690781877127,0.0004989084076405167,2.3283064365386963e-10,179.99377241518235
664,301.9724833855806,724.0671460939719,0.2560487704380705,-0.16008477478663963,0.3019736875314418,0.0002963527435625816,-0.00018528330415120328,0.00034950658279102065,2.1827872842550278e-11,181.39677303229374
665,301.94641287522774,3754.7321874326835,0.18816093850327675,-0.9188014231053216,0.937870243625843,0.00021777886400842217,-0.0010634275730385667,0.0010854979671595405,-2.6193447411060333e-10,170.61426132312766
666,236.13808583209607,-351.70742006176357,0.00851094189896281,-0.03293840167637502,0.03402020630451475,0.09850627197873624,-0.3812315008839701,0.39375238778373556,9.769962616701378e-15,183.00164057636755
667,301.9992706624804,4558.507612643583,0.11297676551018597,-0.3318464845149407,0.35055076498286,0.00013076014526641896,-0.0003840815792996999,0.0004057300520634953,-1.7462298274040222e-10,78.06780824201479
668,228.47245070766942,-29.565952537533168,36.00356989805428,-1.3802251334299531,36.030016192378156,0.07618032769461475,-0.0016255503641517954,0.07619766887277643,2.9103830456733704e-11,180.66703987220154
669,301.9688910324627,190.78484827358298,0.10656222704140755,0.024577109561052784,0.10935969342678538,0.00016774811311703886,3.8059513079484e-05,0.0001720114995870168,2.546585164964199e-10,183.42067034203478
670,301.96938498093965,625.0465966942689,0.11162795871060638,-0.04240526443396675,0.11941108666121202,0.00012919902628542404,-4.9080167168943e-05,0.00013820727622825463,2.0372681319713593e-10,182.79084295582774
671,301.9703674532912,150.022317528008,0.1247424984005073,-0.018714982953102487,0.12613858051419274,0.00020886525330013735,-2.0315394319744433e-05,0.0002098509215669477,1.0186340659856796e-10,183.60896620754548
672,301.9706703256276,662.660564921346,0.17409433643040018,-0.09799973364931702,0.19978184545267982,0.00020149807457222244,-0.00011342561764967248,0.00023122898779245348,3.055902197957039e-10,182.32617601439077
673,258.32957056169096,-2530.6060268340702,0.02615874018687819,-0.027721036249075372,0.038114767989417785,0.30276319660738643,-0.3208453269568909,0.4411431480256688,-2.708944180085382e-14,183.3777097882271
674,255.37868629619993,-2278.72001777015,0.01895299229097479,-0.020636089206739292,0.02801899524483795,0.21936333670109712,-0.23884362507800105,0.3242939264448837,-9.769962616701378e-15,183.3467007359758
675,256.0010149541411,-2715.3650872805556,0.026381148289699324,-0.01814212793167702,0.032017210855607665,0.3053373644641125,-0.20997833254255813,0.37056957008805164,-9.769962616701378e-15,183.54131290637625
676,253.35516200649155,-2368.8237898276743,0.021388801881230424,-0.014908874921710854,0.026072119157171423,0.24755557732905586,-0.17255642270498672,0.30176063839318773,0.0,183.46216488917486
677,241.73242948604863,-2485.0367108006058,0.016712342656983528,-0.009918236091653602,0.01943383143526287,0.19342989186323523,-0.11479439920895373,0.2249286045748017,-6.661338147750939e-15,183.7210587695772
678,301.9842059695521,1274.6741417704031,0.37445170981712295,-0.7008610182729171,0.7946195630108267,0.00043339318265870713,-0.0008111817341121726,0.0009196985682995679,-1.1641532182693481e-10,167.54714979528026
679,301.9524421222936,3335.4446326266097,-0.0805222231985212,-0.7338894558081961,0.7382936826055623,-9.319701759088102e-05,-0.0008494090923705974,0.0008545065770897711,-8.731149137020111e-11,177.0936801877545
680,241.97912769582032,-406.8901875861192,0.03773110094781303,-0.034711799178080725,0.05126933762897141,0.4367025572663545,-0.40175693493148995,0.5933951114464283,1.9539925233402755e-14,182.84700865631137
681,248.33425569238855,-913.1928575804473,0.030875396573602748,-0.009406963677834805,0.03227663364127901,0.35735412700929103,-0.1088768944193843,0.37357214862591437,-1.7763568394002505e-15,183.1591355522828
682,301.96260715273854,2433.23817865891,-0.021349862164225186,-0.44373356355976057,0.44424688186173633,-2.4710488616001374e-05,-0.0005135805133793525,0.000514174631784417,-7.275957614183426e-11,179.34414802804972
683,246.8779731648609,-2681.342210366795,0.02147466195101592,-0.010079649064811713,0.023722572187268618,0.2485493281367583,-0.11666260491680225,0.2745668077230164,3.552713678800501e-15,183.6855972890583
684,301.9793476795905,756.9903448081847,0.513769395707521,-0.3515452359152919,0.6225295534032176,0.0005946405042911122,-0.00040688106008714343,0.0007205203164389092,-1.6007106751203537e-10,178.02426355137953
685,301.9781780823987,2161.602634158804,0.29727688663740537,-0.6933234145147367,0.7543678840215842,0.0003440704706451451,-0.0008024576556883526,0.0008731109768768334,-5.820766091346741e-11,157.0243332919816
686,301.9804744848085,2186.7852430005014,0.2881270835596119,-0.6874829103151683,0.7454193237741972,0.00033348042078658785,-0.0007956978128647781,0.0008627538469608763,-4.3655745685100555e-11,152.91306844540074
687,301.9878989691485,1706.6683768994171,0.271792103087972,-0.6947679085818622,0.7460384669011362,0.0003145741933888565,-0.0008041295238215998,0.000863470447802241,1.7462298274040222e-10,152.1122600708944
688,237.6900677281988,-1850.0628914536478,0.010615604627557299,-0.01062107855339744,0.015016603186008977,0.1228657943004317,-0.12292914992358146,0.17380327761584463,3.552713678800501e-15,183.6984374540354
689,236.77663215337753,-1882.5744192008844,0.008984447851150473,-0.008994329071113633,0.012712916999238301,0.10398666494387121,-0.10410103091566707,0.14714024304673962,-1.5987211554602254e-14,183.75354027504306
690,237.05755333277745,-2345.5917950103367,0.009781639768060083,-0.006823869815220872,0.01192667916090548,0.11321342324143613,-0.07897997471320453,0.13804026806603564,8.881784197001252e-16,183.83115782797788
691,251.38709521739003,-2037.7054867075287,0.020613970036681264,-0.011236719872161911,0.023477641154056157,0.23858761616529237,-0.1300546281500221,0.2717319578015759,-1.865174681370263e-14,183.4079152686429
692,301.97014047806266,1118.188677973134,0.158170484492679,-0.19706830830665467,0.2526931346584143,0.00018306769038504514,-0.00022808831979936883,0.00029246890585464617,1.8917489796876907e-10,181.02963901361193
693,231.0252615243961,-166.99125568496723,7.162919062978485,-0.10351718825715057,7.163667029604687,0.026237111892254483,-0.003452292737007904,0.026463264454497655,-4.8888892933973693e-11,183.9458896624056
694,230.96301561979527,-599.5915245025719,0.0023120759325060145,-0.0006334556873703718,0.002397282049641933,0.026760138107708498,-0.007331663048268193,0.02774632001900385,7.105427357601002e-15,183.96310597028912
695,301.9911624154967,4261.280959922472,0.17575236760820304,-0.4164103103568664,0.45198057623242033,0.0002034170921391239,-0.0004819563777278546,0.0005231256669356717,1.7462298274040222e-10,97.87118413475059
696,301.995263728991,3832.820757514246,0.15990533024076115,-0.4193391033325611,0.4487928232750199,0.00018507561370458467,-0.00048534618441268645,0.0005194361380497915,1.1641532182693481e-10,96.6073381357661
697,235.3204667595122,-1910.8521816482044,0.006501345355711519,-0.005954110893462365,0.008815833934794765,0.07524705272814258,-0.06891332052618478,0.10203511498605052,-1.7763568394002505e-15,183.83912045035333
698,301.98467618635954,2249.4211241342796,0.2685160810772942,-0.6611969207079937,0.7136401430348779,0.0003107825012468683,-0.0007652742137824001,0.0008259723877718494,1.4551915228366852e-11,144.70238314054976
699,301.9877885249236,4262.861759896088,0.199147175363133,-0.4417185999930098,0.4845357768368596,0.0002304944159295521,-0.0005112483796215391,0.0005608052972648839,-1.0186340659856796e-10,103.38332250257834
700,301.99013595799704,3858.252279242034,0.19439420065413104,-0.45946098135652846,0.49889227157479876,0.00022499328779413316,-0.0005317835432367227,0.00057742161061898,-5.820766091346741e-11,105.39530301523656
701,301.9886271927614,3843.0647712786686,0.205497752147771,-0.47229509812694914,0.515065030702465,0.00023784462054140162,-0.0005466378450543393,0.0005961400818315568,2.9103830456733704e-11,108.11514743296695
702,301.9841005664924,4264.093845409613,0.2230790430256456,-0.4676836710293628,0.5181624027124498,0.0002581933368352379,-0.0005413005451728736,0.0005997250031394096,6.693881005048752e-10,108.98394636503092
703,301.992415398533,3800.579816158799,0.18084226728544905,-0.4465154436482968,0.48174678727872916,0.000209308179728529,-0.0005168002820003435,0.0005575773000911217,2.9103830456733704e-11,102.34783146236568
704,231.4059304074329,-141.4735620077523,9.670644862982126,0.08372191426172985,9.671007260097069,0.023148342770337046,-0.0035238860526843516,0.023415028206801688,2.1827872842550278e-11,183.94092278830408
705,231.55787348391496,-536.8140227938865,0.0020083973308767477,-0.0007028452188834024,0.0021278278220711612,0.02324533947774014,-0.008134782625965306,0.024627636829527334,-1.2434497875801753e-14,183.9498925448485
706,231.72160262270273,-541.7854851637555,0.0019515310387822067,-0.0008087250043673236,0.0021124652726185315,0.022587164800719983,-0.009360243106103283,0.024449829544195965,-3.1086244689504383e-15,183.94557571195114
707,231.7363557671687,-119.49110034817299,8.826548173186083,0.030747511902459668,8.82660172790541,0.020515052153389737,-0.004793086790109295,0.02106753535261828,-3.295852479823225e-11,183.93196357014213
708,231.3693036022458,-606.3282622838173,0.002099564434246689,-0.000633857890775817,0.002193159054709071,0.024300514285262604,-0.0073363181802756595,0.025383785355429064,6.217248937900877e-15,183.95613318051377
709,234.24401882606094,-1989.3708486551538,0.00502011833743742,-0.0035527407905804427,0.006150085791834906,0.05810322149811827,-0.04111968507616253,0.07118154851660771,-1.5987211554602254e-14,183.90547817742677
710,234.78926650050573,-2338.849414657413,0.006197411858787472,-0.0034890033659635577,0.007112036152547639,0.07172930392115129,-0.04038198340235599,0.08231523324707915,-5.773159728050814e-15,183.91806833581506
711,301.98970795707004,2237.9439609904666,0.2442773696919411,-0.6287599416890544,0.6745446594677303,0.00028272843714345034,-0.0007277314139919611,0.0007807229854950584,9.458744898438454e-11,136.38950116945455
712,301.992985597148,1854.5999250457025,0.23950395438924232,-0.6474906543049315,0.6903667804727517,0.00027720365091347493,-0.0007494104795195966,0.0007990356255471664,-1.1641532182693481e-10,139.41805442899715
713,301.98886276946826,2758.0887424112148,0.23578770729916876,-0.5792158993411931,0.6253694115984773,0.00027290243900366756,-0.0006703887723856402,0.0007238071893500895,2.9103830456733704e-11,126.79527108691974
714,233.12564698297757,-1538.9759226764588,0.003211068564274749,-0.0023559587490322997,0.003982650242189909,0.03716514541984663,-0.027268041076762728,0.04609548891423505,0.0,183.9255315436059
715,301.9796048689776,4280.87899932226,0.25012249723910657,-0.49695225895641215,0.5563477431490198,0.00028949363106378075,-0.0005751762256439955,0.0006439209990150693,-1.6370904631912708e-10,115.13225395204373
716,232.03864197634593,-83.44548876347734,7.859023781892734,0.24339532715105514,7.86279187627617,0.019044231655049666,-0.007717139601008209,0.020548406336079808,2.298072843132104e-11,183.91523645006913
717,232.30706105419125,-71.8663594652844,6.910201375390365,0.06938306094764692,6.910549692867663,0.016653200119185568,-0.012869219523308217,0.02104627960825237,-2.070343896320992e-11,183.89203986566338
718,301.97492129074817,4275.416144551339,0.27687280401533104,-0.528223984118938,0.5963884028062552,0.00032045463427700355,-0.0006113703519895116,0.0006902643550998324,-1.8189894035458565e-10,121.4853041282492
719,301.96309660558796,3420.641974075239,0.3221553147897964,-0.6841333495768254,0.7561894516921799,0.00037286494767337547,-0.000791821006454659,0.0008752192727918748,2.6193447411060333e-10,152.03649859831305
720,234.46894853918175,-790.9780624468889,0.004218450641389271,-0.015382233015643077,0.015950185527490817,0.04882466020126471,-0.17803510434772077,0.1846086287904029,-3.552713678800501e-15,183.60884183526028
721,232.53682381672272,-60.78915841188914,5.952643986884543,0.09127866531231484,5.953343785582511,0.014787837840376942,-0.020534719431153075,0.025305233650560505,-6.73487932090211e-11,183.85384273985667
722,301.96976468890233,4271.827370682802,0.3025396256190325,-0.5621097689573844,0.6383554005622796,0.0003501616037257321,-0.0006505900103673431,0.0007388372691693051,2.1827872842550278e-11,128.1400106277671
723,232.73389313218152,-48.20582573336092,5.067981845085311,0.11349294057720373,5.069252472473153,0.013018494531523558,-0.03051153182164808,0.03317280172024594,1.3742784688020038e-10,183.79544221108515
724,301.9641249975096,4271.762591958291,0.32641277261416984,-0.5982770340641537,0.6815282148335975,0.00037779256089602993,-0.0006924502709075853,0.0007888058042055526,2.546585164964199e-10,135.12097463310647
725,232.90008769582298,-40.19986922752855,4.238362675039337,0.13764915388188162,4.2405972992882734,0.009497236817352232,-0.03685338233977239,0.03805744732698606,4.446754076070647e-11,183.71457599909093
726,233.40790642994892,-418.3465440059396,-0.000453289256160904,-0.007420840963222461,0.007434672269252449,-0.005246403427788242,-0.08588936300025996,0.08604944756079223,-9.769962616701378e-15,183.6948275786788
727,301.95812051504004,4269.00808053109,0.3467904420317478,-0.6372663914559666,0.7255150338648292,0.000401377826425634,-0.0007375768419629244,0.0008397164743805895,3.5652192309498787e-10,142.45592370556443
728,301.9617324236301,3859.38247094465,0.3333468172166407,-0.6531635608367878,0.7333094420184815,0.0003858180754822231,-0.000755976343561097,0.0008487377801139833,-1.4551915228366852e-10,145.30931517098057
729,241.72369986243268,-2080.965470778648,0.01684928649556542,-0.012133763462296679,0.02076359003565157,0.1950148899949701,-0.14043707710991526,0.24031932911633758,3.019806626980426e-14,183.61084109697003
730,301.97740909402717,1679.2588890929947,0.3382112799665222,-0.6475598900375985,0.7305618940802346,0.0003914482407019933,-0.0007494906134694427,0.0008455577477780493,-2.764863893389702e-10,168.12141934170552
731,301.99431200171307,1355.2882041307603,0.25012613378419246,-0.6938098974839733,0.7375196652622554,0.00028949784002800055,-0.0008030207146805246,0.0008536107236831659,-7.566995918750763e-10,149.62054377432364
732,301.99185062857276,573.8637877567357,0.5760184907218502,-0.8614325427804062,1.0362737704943585,0.0006666880679651044,-0.0009970284059958405,0.0011993909380721742,0.0,173.1660983314194
733,243.75211115051496,-3060.297630638406,0.01905467299289943,-0.007972645857763154,0.020655353902551243,0.22054019667707672,-0.09227599372411059,0.23906659609434308,1.9095836023552692e-14,183.8308545297714
734,236.73422857427772,-2716.941001749931,0.009649902164975572,-0.004787956709627063,0.01077242504020627,0.11168868246499504,-0.0554161656206836,0.12468084537275774,-8.881784197001252e-15,183.90189541111968
735,301.99506126312474,2096.930914411884,0.21933565715389136,-0.6043757575726971,0.6429449329769237,0.0002538607142984854,-0.0006995089786721032,0.0007441492279825505,0.0,129.78705502315017
736,233.5737410283252,-2172.5594682503192,0.004191525148934668,-0.002086876113290236,0.0046823001811474195,0.048513022557114205,-0.024153658718636988,0.05419328913365067,-8.881784197001252e-16,183.94924134676563
737,232.29573359142452,-1654.7173201915766,0.0024974202647812574,-0.0010592595409983979,0.0027127732588877055,0.02890532713867196,-0.01225994839118516,0.031397838644533625,0.0,183.96722349303377
738,301.9959256868233,2694.5745047336613,0.1924925825133812,-0.5284491220060232,0.5624160994064872,0.00022279234087196897,-0.000611630928247712,0.000650944559498249,-2.473825588822365e-10,115.24649466286164
739,231.84905691255636,-1369.2967324670594,0.0021773789175202327,-0.0008243018059560101,0.002328186508371681,0.025201144878706394,-0.009540530161527894,0.026946603106153714,-1.865174681370263e-14,183.97015813395865
740,301.99613493776974,3007.9062563641505,0.18038822433200608,-0.4920446847445703,0.5240685864112041,0.00020878266705093296,-0.0005694961628988082,0.0006065608639018566,-1.1641532182693481e-10,108.8036675378225
741,231.449214345631,-1101.9326406742728,0.002132949890000603,-0.0006993690798876608,0.002244680900073883,0.024686920023155128,-0.008094549535736814,0.02598010301011439,1.0658141036401503e-14,183.97111537432247
742,301.996469964475,3300.232371488797,0.16782864175178247,-0.4589128664594426,0.4886383857151118,0.00019424611313863713,-0.0005311491509947253,0.0005655536871702683,-1.4551915228366852e-10,102.8927277157048
743,301.9706395928376,3485.5965121771183,0.3057409188621989,-0.6313105577340821,0.7014488789450158,0.00035386680423865613,-0.0007306835158959283,0.0008118621284085831,8.731149137020111e-11,140.44346598497086
744,233.71561580785416,-773.5036320209205,0.002555238058169545,-0.006460666740900339,0.006947622346594112,0.02957451456214751,-0.07477623542708726,0.0804122956781726,2.042810365310288e-14,183.780176890537
745,301.97547902770117,3526.098758444278,0.2859905267526486,-0.5961479306134265,0.6611981068990808,0.0003310075541118618,-0.000689986030802577,0.0007652755866887509,-1.1641532182693481e-10,132.97672940459623
746,233.21907908561525,-764.3067016222325,0.002469809087813412,-0.004280369238285213,0.004941813204311151,0.028585753331173747,-0.04954131062830106,0.05719691208693461,-7.105427357601002e-15,183.84829632947944
747,301.96255099794956,2948.463222138423,0.27893310963339957,-0.7073224183294542,0.7603345862981543,0.00032283924726087915,-0.0008186602063998313,0.0008800168822895306,-2.9103830456733704e-11,163.13718471882694
748,237.71064858575636,-1060.855488385923,0.011584397227179489,-0.017797244027210776,0.02123535151772095,0.13407867161087372,-0.2059866206853099,0.2457795314551036,-2.6645352591003757e-14,183.42900650682793
749,249.84348324242154,-3134.104606950441,0.02382055620644193,-0.00953063790529211,0.025656421357353208,0.27570088201900383,-0.11030830908902904,0.29694932126566215,-1.3988810110276972e-14,183.78876743736586
750,301.95580812604317,3348.7324389358455,0.2707531240062089,-0.749098889228037,0.7965277145221002,0.0003133716713034825,-0.000867012603273191,0.0009219070769931715,-2.0372681319713593e-10,164.42485611101512
751,236.79817769880057,-717.1044202711186,0.009945805255664361,-0.021459666763878445,0.0236524066386554,0.11511348675537454,-0.24837577273007452,0.27375470646591893,5.329070518200751e-15,183.3128982812951
752,301.97765770923337,119.02148916762462,0.31869882190048976,-0.060773668036372706,0.3244416400639032,0.0005467444732104217,-8.741571232621463e-05,0.0005536885638584574,-7.275957614183426e-11,183.31877151378973
753,233.09432464306386,-39.54123384647114,3.029564808267256,0.16570157185131992,3.0340929350310635,0.024696204318971654,-0.04907571265122416,0.05493931270037802,2.9103830456733704e-11,183.4354923915124
754,301.94870725099094,4256.9711583025855,0.367593893448295,-0.710246038873322,0.7997341472237639,0.000425455895194786,-0.0008220440264737524,0.0009256182259534306,0.0,154.17662892796744
755,301.97204355954995,-178.34985782464054,0.08120714388063105,-0.009466825814901098,0.08175708537037747,0.0003253066854049062,0.0018625562814980807,0.0018907512637354191,-8.731149137020111e-11,183.90686348450566
756,254.85934871229773,-3116.856295600616,0.028096427920151153,-0.01292331359203023,0.03092606176140445,0.32519013796471236,-0.14957538879664614,0.35794052964588474,0.0,183.73443329763103
757,301.96350819351204,2470.269544839703,0.15579858950314218,-0.5975815043933039,0.6175571673004313,0.0001803224415545627,-0.0006916452597144721,0.0007147652399310548,-2.3283064365386963e-10,173.3539686587576
758,243.12943104397414,-1201.1703427106052,0.02268868447182507,-0.01839082071701658,0.02920614130123119,0.2626005147201976,-0.21285672126176594,0.33803404283832394,1.7763568394002505e-15,183.2712948152026
759,301.9580791887608,2893.3293459247147,0.057178582437323655,-0.6505914539557693,0.6530992499228764,6.617891485801349e-05,-0.0007529993680043626,0.0007559019096329588,1.1641532182693481e-10,174.88043610158385
760,242.7407141156976,-801.869451675047,0.027246691033699876,-0.02379988881844504,0.03617757426992924,0.3153552202974523,-0.2754616761394102,0.4187219244204774,-2.042810365310288e-14,183.09513854489666
761,233.03603279398882,-34.60864475180956,3.447632274377171,0.15648528398389921,3.451181818367532,0.009676136820445979,-0.01262065509682427,0.01590309903260955,4.458833302578569e-11,183.56888722452973
762,301.95188075445805,4265.72395876593,0.3620800404490099,-0.6817490485549911,0.7719350496623354,0.0004190741208900577,-0.000789061398790499,0.000893443344516592,2.9103830456733704e-10,150.08900398221758
763,236.04930245814805,-2297.887149303178,0.008141157532333467,-0.005628047087867427,0.009897138980004421,0.09422636032793363,-0.06513943388735448,0.11455021967597709,-3.6415315207705135e-14,183.86283027842705
764,301.98910210509985,1817.026404574312,0.2602347022679652,-0.6771085245098334,0.7253951021535644,0.0003011975720694042,-0.0007836904218863813,0.0008395776645295885,-2.3283064365386963e-10,147.3313802532295
765,233.25001935146568,-34.71195974297206,1.1198793343187414,0.3261393195342468,1.166403266105016,0.018422371576885,-0.2120287985703726,0.21282761850312676,7.275957614183426e-12,182.78150430421923
766,301.9355799231595,4251.267019931375,0.25668135541151976,-1.288171899093868,1.3134961590469145,0.0002970849020966664,-0.0014909396980253102,0.001520250184082077,-7.275957614183426e-11,173.59396885754308
767,301.9911269188986,3425.561257596908,0.20118762953930108,-0.4922395245824386,0.5317670653968598,0.0002328560527075244,-0.000569721671970415,0.0006154711405056249,-3.7834979593753815e-10,110.61435129138177
768,231.91264825910756,-947.4510864698469,0.0020785080441299243,-0.0009524794754720135,0.002286353612350514,0.024056806066318565,-0.011024068003148304,0.02646242606887169,-1.0658141036401503e-14,183.95311139039623
769,240.2327383751453,-2957.548161826209,0.014987090156491757,-0.0067671517327680146,0.016444063181985078,0.17346169162606198,-0.07832351542555571,0.1903248053470495,-1.0658141036401503e-14,183.86253637357032
770,301.9939022166725,896.3498843694566,0.2994460703141826,-0.7616040325031008,0.8183572883231325,0.00034658109990067426,-0.0008814861487304407,0.0009471727874110329,2.6193447411060333e-10,162.6929332107791
771,301.9955288314604,2408.7229060003738,0.20575381923703162,-0.5636767776937859,0.6000551173366283,0.0002381409944873051,-0.0006524036778863262,0.0006945082376581346,3.346940502524376e-10,121.94671524018035
772,232.8189626471496,-1907.8948517404297,0.0030836574724922884,-0.001436111076051276,0.003401669947307452,0.03569048000569778,-0.01662165597281569,0.039371179945688096,-1.7763568394002505e-15,183.9608258586708
773,253.0609814992339,-2766.3164020490417,0.02459682074959632,-0.013233725012981609,0.02793089810061587,0.28468542534255,-0.153168113576176,0.3232742835719429,8.881784197001252e-16,183.62104458574524
774,301.9656498625261,3441.606382310907,0.3195125864880026,-0.6663526565153006,0.7389953692475019,0.00036980623436111415,-0.0007712415005964127,0.0008553187144068309,0.0,148.1137277725359
775,234.1710917275437,-788.7496417017375,0.0018173445500517405,-0.011417096678048107,0.01156083205351154,0.02103408044041366,-0.13214232266259382,0.13380592654527246,7.993605777301127e-15,183.67911915441508
776,301.9724026467153,284.21708953277795,0.25236249226077234,-0.06194558052197863,0.259853963691673,0.0002920862178944124,-7.169627375229008e-05,0.00030075690242091784,2.0372681319713593e-10,182.98918924926278
777,235.36913918201427,-384.18922039828664,0.0065198801103242875,-0.026313271580166702,0.02710898555653846,0.07546157535097554,-0.30455175440007753,0.3137614069043803,-2.3092638912203256e-14,183.1820192671469
778,301.9482848748122,3770.349693859661,0.282996454338587,-0.8243664831754813,0.871588831818836,0.00032754219252151273,-0.000954127874045696,0.0010087833701606897,-2.9103830456733704e-11,165.98440932297123
779,301.95892427940305,3848.280470084741,0.3387832244749063,-0.6734289048606001,0.7538438585591595,0.000392110213512623,-0.0007794316028479168,0.000872504465924953,1.1641532182693481e-10,149.14233242382775
780,233.12805336501995,-446.7468391191014,-6.668179988729565e-05,-0.008489115465375412,0.008489377353311149,-0.0007717800912881446,-0.09825365121962282,0.09825668232999014,1.7763568394002505e-14,183.627368899164
781,233.32603202708452,-402.03850159495795,0.0012832529028261018,-0.006755159477929158,0.006875966665485498,0.014852464153079883,-0.07818471617973562,0.07958294751719325,1.9539925233402755e-14,183.7428350383444
782,301.9642958889587,3880.951120498424,0.32579112898205587,-0.6342427649576052,0.7130243646780036,0.00037707306595145357,-0.0007340772742564875,0.0008252596813402819,-1.8917489796876907e-10,141.61776560105062
783,231.1554709944768,-546.3397907068621,0.0022081678889515712,-0.0005980854458489346,0.0022877306717210303,0.02555749871471726,-0.0069222852528811885,0.026478364256030444,-2.6645352591003757e-15,183.9578149362277
784,301.99350280081603,3873.958312983564,0.17038949796664227,-0.4307972868727177,0.46326977388366164,0.00019721006709102115,-0.0004986079709174973,0.0005361918679209047,1.7462298274040222e-10,99.2794442067292
785,233.1769759206987,-400.7724743962185,0.0016543432488135303,-0.0058013944065026975,0.006032663478489057,0.019147491305712156,-0.06714576859378123,0.06982249396399372,5.329070518200751e-15,183.78499427754707
786,301.96707155062757,3891.7272224727417,0.3166573613023118,-0.615404575988407,0.692094413078457,0.0003665015755813794,-0.0007122738148013971,0.0008010352003222882,5.820766091346741e-11,137.8459846673133
787,301.9926724937676,3456.4769058097277,0.18966045468697956,-0.4760106506001307,0.5124033836313256,0.0002195144151469671,-0.0005509382530094106,0.0005930594717955159,5.820766091346741e-11,107.37497985868538
788,231.7146500077966,-928.9672048918726,0.0020689756950785236,-0.0007915493189497056,0.002215222506015006,0.023946477952297724,-0.009161450450806777,0.025639149375173677,-7.105427357601002e-15,183.95861870872335
789,245.619416643813,-3122.7610607457796,0.020778918487124837,-0.008390701821592886,0.0224090903553326,0.24049674174913008,-0.09711460441658433,0.2593644717052384,1.687538997430238e-14,183.82567340065307
790,301.9879574679335,394.63668973887576,0.8939619529315337,-0.47392012459099675,1.0118143395808874,0.0010346781862633492,-0.0005485186627210611,0.0011710814115519531,-2.0372681319713593e-10,177.7572672289207
791,301.99755647466174,4331.109873928177,0.12938183787490373,-0.36075222608627655,0.3832516517878192,0.0001497474975403978,-0.00041753729871096823,0.00044357830068034637,8.731149137020111e-11,84.86992559618804
792,229.74227177275577,-177.61989147188496,7.434388219191859,0.06752283371531341,7.434694850949273,0.04046292438200405,-0.005481688691916157,0.0408325502566134,2.9103830456733704e-11,183.95750436902352
793,230.79208643321076,-688.8004962001436,0.0024092091430507954,-0.0006878955689812824,0.00250549176984951,0.02788436508160643,-0.007961754270616694,0.02899874733622118,1.4210854715202004e-14,183.969453155162
794,301.9970484775544,3754.3891353701356,0.14910788666088592,-0.4112836314740548,0.43747844219225446,0.00017257857252417352,-0.00047602272161348933,0.0005063407895743685,-1.0186340659856796e-10,94.28030152287829
795,301.96962843405146,3908.602696003264,0.30625668590124455,-0.5972886958756476,0.6712279373506778,0.00035446375683014414,-0.0006913063609671847,0.0007768841867484696,-1.4551915228366852e-10,134.23070971210024
796,233.00941907970815,-394.56076473044743,0.00176271970551818,-0.004830015231222319,0.0051416172449980846,0.02040184844349745,-0.05590295406507314,0.05950945885414449,7.105427357601002e-15,183.81934312302457
797,235.3428261387423,-2286.134201713145,0.006965776385894559,-0.004561361711625759,0.008326347417840056,0.08062241187377961,-0.052793538329001834,0.09636976178055617,7.105427357601002e-15,183.88999921353127
798,301.9906271045249,1872.8367148839106,0.2503625068169555,-0.6618387503543204,0.707610002960839,0.0002897714199270318,-0.0007660170721693523,0.0008189930589824526,8.731149137020111e-11,143.27289185906957
799,233.7647699310126,-1880.1821027962537,0.004238798865294886,-0.002900586389916035,0.0051362259710600105,0.04906017205202414,-0.03357160173513929,0.059447059850231604,5.329070518200751e-15,183.91858657712325
800,301.99017224866253,2377.0791157216413,0.2373222565430524,-0.6095306932480753,0.6541020711342883,0.0002746785376655699,-0.0007054753394074945,0.0007570625823313522,-2.9103830456733704e-11,132.48810369235716
801,301.9934528808926,4364.164951839827,0.1570736025326428,-0.39065912254163776,0.42105423241856266,0.00018179815107944767,-0.00045215176220096963,0.00048733128752148457,-4.3655745685100555e-11,92.44476552256742
802,230.58074650521837,-91.98792600330667,12.270052509786828,-0.04959790770353682,12.270152751509437,0.030385566866122517,-0.0022418263725015207,0.030468154838454622,-2.1827872842550278e-11,183.9448193209323
803,232.84363194724648,-395.3314843822579,0.0017477484151264292,-0.003945393493462575,0.004315177208508796,0.020228569619518855,-0.04566427654470573,0.049944180654036996,-1.5987211554602254e-14,183.84855644777468
804,301.97223739118346,3918.296224449169,0.29508437059016046,-0.5794449850288288,0.6502547780998236,0.00034153283633120424,-0.0006706539178574408,0.0007526096968747958,-4.3655745685100555e-11,130.6350479438156
805,301.9987279652696,4480.6134311768765,0.11795347221026062,-0.34121272123388735,0.36102512757187866,0.00013652022246557943,-0.00039492213105774,0.0004178531569118966,-1.7462298274040222e-10,80.33246449497956
806,229.00034337371113,-74.4857673377805,15.034695021312796,-0.41693785594483307,15.040475110833688,0.06225178716210028,-0.0007722122809834531,0.06225657649343028,-4.001776687800884e-11,183.93541363641367
807,238.92479404985409,-2939.016174801302,0.013162940183166104,-0.005993587211360632,0.014463266640900824,0.15234884471257062,-0.069370222353711,0.16739891945487062,-1.7763568394002505e-15,183.88509015390295
808,301.99489481324997,996.6013651038345,0.27137842997740336,-0.7356143477034323,0.7840757111428376,0.00031409540506643907,-0.0008514054950271207,0.000907495036044951,-5.820766091346741e-11,158.25060130664983
809,250.64422153474072,-2812.9892923344028,0.023570452369123817,-0.011056544356994926,0.02603484968274891,0.27280616167967375,-0.12796926339114498,0.3013292787355197,1.1546319456101628e-14,183.67500087847785
810,301.9749853519722,389.34868177187155,0.35684544089473036,-0.11206526862554256,0.3740284656539787,0.0004130155565911231,-0.00012970517202030388,0.000432903316729142,8.731149137020111e-11,182.12117404650402
811,301.991640605889,2849.478275927387,0.21529789948103684,-0.5473091886381667,0.5881330916456877,0.00024918738365860743,-0.0006334597090719521,0.0006807095968121386,5.820766091346741e-11,120.14561158076953
812,232.6058462992339,-1480.1949629530552,0.00267574661817687,-0.0015270988740948496,0.003080852306740249,0.03096928956223229,-0.01767475548720891,0.03565801280949362,-2.6645352591003757e-15,183.94743649975487
813,301.97463383036967,3934.4638807647643,0.283349097277525,-0.5621251481182412,0.6295009079222547,0.0003279503440712095,-0.0006506078103220384,0.0007285890137989059,1.6007106751203537e-10,127.16958562972496
814,232.6791918828569,-389.6372287747417,0.001745382097220022,-0.0031689766851921495,0.003617840778224988,0.02020118168078729,-0.03667797089342765,0.0418731571553818,3.552713678800501e-15,183.87186189381524
815,301.9954351079812,1790.0440656633223,0.2273574525485401,-0.6370879859782349,0.6764410640308328,0.00026314519970895847,-0.0007373703541414756,0.0007829178981838343,2.9103830456733704e-11,136.35418815915327
816,234.39867586721368,-2428.0221789049738,0.005657819824669652,-0.0027429921888402894,0.006287680917195447,0.06548402574849135,-0.03174759477824409,0.07277408468976213,-2.042810365310288e-14,183.94060111155704
817,301.97699841088144,3946.582318038297,0.2711721268835472,-0.5452368960025638,0.6089479412569331,0.0003138566283374389,-0.0006310612222251896,0.0007048008579362651,1.4551915228366852e-11,123.76015619432188
818,232.5179390021616,-387.6809241093551,0.0017366549780911537,-0.0025150418843385637,0.0030563714095158756,0.0201001733575365,-0.029109281068733377,0.035374669091618925,-1.0658141036401503e-14,183.89089682672167
819,232.35766134785982,-390.898477844976,0.0017637375204031275,-0.0019750255861301414,0.0026479229797610206,0.02041362870836953,-0.022859092432061818,0.03064725671019699,-1.9539925233402755e-14,183.90630521132653
820,301.97933236136225,3953.4444096814864,0.2586215241266725,-0.5288530983066266,0.5887025499606074,0.0002993304677392043,-0.0006120984934104475,0.0006813686920840365,-7.275957614183426e-11,120.41027142245474
821,301.5415378471993,-565.3800714909385,0.004985749620301937,0.006155842621969395,0.007921622161072563,0.0577054354201613,0.07124817849501615,0.09168544167908059,-1.9539925233402755e-14,183.80478100967474
822,261.1999506044898,-3082.4348496529615,0.04007403481258446,-0.0167383159198571,0.04342924689645415,0.4638198473678757,-0.19373050833167937,0.5026533205608119,-4.796163466380676e-14,183.6765748620146
823,235.27317695803336,-2616.587239420866,0.007210654034659189,-0.00340786381492622,0.007975403901284896,0.08345664391966653,-0.039442868228312736,0.09230791552413074,-5.329070518200751e-15,183.93192354271753
824,301.9956950631868,1546.9913878740708,0.23453137392047269,-0.6619074406568416,0.7022296101346872,0.00027144834944499153,-0.0007660965748343074,0.0008127657524707028,1.4551915228366852e-11,141.9696799630152
825,300.82528537109766,-664.0483728880299,0.011365070177295331,0.01840850686103191,0.02163418463884199,0.1315401640890663,0.21306142200268416,0.25039565554215265,-1.0658141036401503e-14,183.67566138115612
826,264.70440224064725,-2917.8500635826836,0.053384624421449665,-0.017723891111225264,0.0562499283621038,0.6178775974704822,-0.20513762860214424,0.6510408375243496,-1.2434497875801753e-14,183.58400078410574
827,243.01245380674553,-2712.837931819221,0.018169330704786196,-0.009245204473270433,0.020386230255063493,0.21029317945354395,-0.10700468140359298,0.23595173906323488,3.197442310920451e-14,183.75360144941646
828,301.98652913348195,967.1499420368237,0.45405032225172304,-0.7138727420593568,0.8460354525622662,0.0005255212063098646,-0.000826241599605737,0.000979207699724845,0.0,170.73623553328082
829,232.1951990608095,-393.9739946885296,0.001798051837627197,-0.0015501859368540923,0.002374040195450519,0.020810785157722184,-0.017941966861737175,0.027477317076973595,-7.105427357601002e-15,183.91835423210233
830,301.9815448292375,3960.6860823359702,0.2462306032069428,-0.5128956139543561,0.5689388550356451,0.0002849891240821097,-0.0005936291828175418,0.0006584940451801448,1.1641532182693481e-10,117.14816335276343
831,301.9970342164804,3531.804686914351,0.15592092596669999,-0.4314105346783549,0.4587225573108185,0.00018046403468368054,-0.0004993177484703182,0.0005309288857764103,-7.275957614183426e-11,97.87114666892799
832,231.0876666862972,-892.9398469748395,0.0022470577492965656,-0.0006778069032314499,0.0023470600177119363,0.026007612839080617,-0.00784498730591956,0.02716504650129556,3.552713678800501e-15,183.97149470809316
833,301.9981512028368,4402.717124040099,0.12439328328402773,-0.3517158204653924,0.3730652855624931,0.00014397370750466172,-0.000407078495909019,0.0004317885249565892,-2.9103830456733704e-11,82.63649243035664
834,229.42669124294446,-125.74197745897736,10.220607007147835,-0.37034191561107516,10.227314443636605,0.047786571695057255,-0.004154791159686866,0.047966850260856814,-2.9103830456733704e-11,183.9493690312112
835,301.98666307062814,3890.452041930889,0.21707230802797994,-0.4826323523138001,0.5292016387092412,0.0002512410972546064,-0.0005586022596224538,0.0006125018966542143,5.820766091346741e-11,110.5376314635248
836,231.85389348370637,-485.95505943512967,0.0018392058317984847,-0.0009691288021210342,0.0020789152764896664,0.02128710453470468,-0.011216768543067523,0.02406151940381558,-7.105427357601002e-15,183.9393031137588
837,232.0377160404637,-383.94230868337974,0.0018668557970085357,-0.001302395245599759,0.0022762653497747647,0.021607127280191384,-0.015074019046293508,0.026345663770541258,-5.329070518200751e-15,183.9272529765723
838,301.98335812130006,3980.675099429046,0.2358133356548592,-0.5001123727980314,0.5529198085602907,0.0002729321014523833,-0.0005788337648125364,0.000639953482129966,2.9103830456733704e-10,114.19419877386542
839,273.8578904519687,-2380.0676357971547,0.0895604538826516,-0.00832827159505739,0.08994684545567791,1.0365793273455046,-0.09639203235020127,1.041051452033309,7.105427357601002e-15,183.4519093604055
840,294.58803227389126,-1086.5067861091854,0.08954780141019703,0.01886964092019859,0.0915143272163289,1.036432886692095,0.21839862176155778,1.0591936020408437,1.0658141036401503e-14,183.46327128591514
841,301.9909532351747,2475.7814028092407,0.2306473005898944,-0.5943342850002409,0.6375197405540888,0.0002669528942012667,-0.000687886903935464,0.000737870070085751,-2.9103830456733704e-11,128.97811882976487
842,233.3959203744214,-1804.5486477118452,0.003741942778579847,-0.002435665551389948,0.00446481829825062,0.04330952290022971,-0.028190573511457727,0.051676137711234034,1.7763568394002505e-14,183.93038030981663
843,301.99272367403705,2900.9703952970654,0.20746726473894342,-0.5335453526539766,0.5724624959566479,0.00024012414900340673,-0.00061752934334951,0.0006625723332831573,0.0,117.21225086519058
844,232.39703650863964,-1441.8001433921756,0.002495817316348985,-0.001290545227483714,0.0028097350517029968,0.028886774494779922,-0.014936866058839282,0.03252008161693283,2.1316282072803006e-14,183.9544085541064
845,301.99368481107007,3507.2289912151214,0.18147845424943512,-0.46344003740821904,0.4977058344340518,0.0002100445072331425,-0.0005363889321854387,0.0005760484194838562,1.6007106751203537e-10,104.70431883845505
846,231.5449514395305,-888.8186619216592,0.002085302175239001,-0.0007165939489709834,0.0022049925282772134,0.024135441843043993,-0.008293911446423418,0.02552074685506034,-5.329070518200751e-15,183.96167701327664
847,301.98986693158713,1422.6034601841886,0.27663670031735704,-0.7138822271977915,0.76560805786731,0.00032018136610805213,-0.0008262525777752216,0.0008861204373464237,-1.4551915228366852e-11,155.8326074221589
848,238.0970278463906,-2564.3096987336953,0.0116549430617432,-0.006906324781291051,0.013547509725301948,0.13489517432573148,-0.07993431459827605,0.15679988107988363,-7.105427357601002e-15,183.83585293825982
849,248.6259474576352,-2866.0653160673965,0.022707025650115897,-0.010056427230781186,0.02483426549191698,0.2628127968763414,-0.11639383368959706,0.28743362837866876,0.0,183.71792481631468
850,301.97815105321854,463.11218829795496,0.46382506635334264,-0.1857067945463399,0.4996205617449698,0.000536834567538591,-0.00021493841961381933,0.0005782645390566781,-4.3655745685100555e-11,180.82222647926002
851,259.21341233842975,-2838.254416086352,0.033582002814033694,-0.02176216915172763,0.04001678296902654,0.38868058812538997,-0.2518769577746253,0.463157210289659,-8.881784197001252e-16,183.54684560090686
852,301.96918919605037,-170.9980975349935,0.03162722697812162,0.006310244938485076,0.0322505918939374,0.004652475185461391,0.027904553010432397,0.028289743796354284,3.0517810500896303e-12,183.79371079577362
853,301.99797139903944,3945.714128580136,0.1376905291513367,-0.38639233358489944,0.4101922930421284,0.00015936403836960266,-0.0004472133490565966,0.0004747595984283893,-5.820766091346741e-11,89.47522618228814
854,230.33995460690662,-525.7461192511961,0.0028973735245481276,-0.0007695934371748546,0.002997840455944086,0.0335344157933811,-0.00890733144878304,0.03469722749935285,4.085620730620576e-14,183.96921497955333
855,284.22332746456345,-1733.2643662112405,0.0895542976949872,3.1631181139407624e-06,0.08955429775084893,1.036508075173463,3.661016335579586e-05,1.036508075820011,0.0,183.43588290211142
856,270.2346203882584,2249.9296728690974,0.03168769982611968,-0.03096891138875396,0.044307829927392746,0.3667557850245333,-0.3584364744068746,0.5128221056411197,-2.042810365310288e-14,181.66129887781898
857,275.67426141017796,-201.3925248083019,0.0016113040581407555,-0.00135412543837807,0.002104746177248807,1.7213135001818722,0.7558078909849447,1.879937694175921,0.0,183.19398908909662
858,297.38777775194876,1633.9042369316358,0.05056378842425877,-0.028450575806794224,0.058018376085093505,0.5852290326881802,-0.3292890718378961,0.67150898246636,-1.2434497875801753e-14,182.1235051089237
859,259.88506228875735,200.06013314211694,0.04667031565717066,-0.015452817201234112,0.04916205775793672,1.0484722050458213,-0.10421782161921438,1.0536390838881695,-1.5987211554602254e-14,183.05163459362316
860,276.81022736796336,2651.0997598180807,0.036395530077821446,-0.04690325231101077,0.05936791799445171,0.42124456108589636,-0.5428617165626246,0.6871286804913391,-1.3322676295501878e-14,181.17433108672233
861,297.7143383430813,767.8591990744897,0.04552511475747456,-0.025647549231860047,0.05225258706783725,0.5269110504337333,-0.2968466346280098,0.6047753132851534,4.085620730620576e-14,182.71952936643805
862,263.4978216186841,1840.2269503052023,0.03754753565943813,-0.013728120840348412,0.03997847840906387,0.43457795902127455,-0.15889028750403256,0.46271387047527623,-2.1316282072803006e-14,181.95643337986672
863,273.2169012305309,-1230.8290534197615,1.6144181118874994e-05,6.337248237387044e-06,1.7343451191193324e-05,1.8685394813512726,0.73347780525313,2.0073438878695975,0.0,183.19423185574644
864,296.4991883742963,2491.0765734188626,0.056946795140878664,-0.03444821658618994,0.06655536869994977,0.6591064252416512,-0.3987062104883095,0.7703167673605298,-3.019806626980426e-14,181.42536620514008
865,254.16398746369174,1232.885175717196,0.06250621537602274,0.0063101017941022955,0.06282391539283169,0.723451566852115,0.07303358557988766,0.7271286503799964,5.329070518200751e-15,182.02537789523487
866,285.7609099138458,3204.622908205341,0.056286726413746054,-0.06406130345220455,0.08527629313221426,0.6514667408998386,-0.7414502714375525,0.9869941334747019,-1.4210854715202004e-14,180.45477873751776
867,292.3905484286564,-374.59988246209656,9.127459569982538e-06,2.9718808469654724e-06,9.599093393140105e-06,1.0564189317109416,0.3439676906210037,1.111006179761586,2.0230128336407027e-15,183.19435268315857
868,250.15337556362684,517.6167115379639,0.08102614432309574,-0.009317580558936863,0.08156012120723839,0.9378025963321265,-0.10784236758028776,0.9439828843430368,2.1316282072803006e-14,182.39760938110524
869,294.49701569308394,3284.645422669718,0.0687885228752898,-0.051088590800214544,0.08568491693008773,0.796163459204743,-0.5913031342617424,0.991723575579719,3.552713678800501e-15,180.5549053334821
870,297.5013636045132,-101.56515758331307,0.01375030337414894,-0.008215809794385595,0.016017814253469605,0.6118529510961431,-0.010363109205205964,0.6119407061124945,3.552713678800501e-15,183.19443095515925
871,293.06577893458075,102.50916433337206,0.02782390151445957,-0.018222533247901088,0.03326003928826913,0.4764097863020799,-0.31449334535128415,0.5708523002972271,1.0658141036401503e-14,183.13800502135393
872,288.4280679894996,-74.69328817521809,0.01446422927469361,-0.010681704528755711,0.01798089931428748,0.6998256446218631,-0.11864477938771323,0.7098116063762028,1.093808203733726e-14,183.1942418832249
873,288.57328359576337,319.0930482605857,0.04244228318729663,-0.029830403447323503,0.05187678066322902,0.49123012948259986,-0.3452592991588368,0.6004257021207061,1.3322676295501878e-14,182.97470040217812
874,283.9303998760846,125.36811662609925,0.03123195458993906,-0.023203287733190737,0.038907936839894956,0.49281498203234797,-0.3665199009615267,0.6141689053643068,1.509903313490213e-14,183.11481278956074
875,283.9704031330556,509.70696596957384,0.04374920000703675,-0.03123003068778628,0.05375227732864699,0.5063564815629253,-0.3614586885160449,0.6221328394519328,1.4210854715202004e-14,182.84508702998127
876,288.6295792748002,746.7684953379263,0.04446708293901286,-0.029779177050349392,0.053517481731683754,0.5146653117941303,-0.34466640104571056,0.6194152978204138,4.440892098500626e-15,182.68921060820344
877,283.9899974893692,931.008262971024,0.04487356150102297,-0.031198794185955617,0.0546534654019643,0.5193699247803584,-0.36109715493004185,0.6325632569671793,1.865174681370263e-14,182.54992468539425
878,279.4156878229705,680.17604679366,0.044669416078968065,-0.03194312664066157,0.05491557222152304,0.5170071305436118,-0.36971211389654596,0.6355969007120722,8.881784197001252e-16,182.72406867179282
879,279.27544507110576,1100.318830921753,0.044804483636035314,-0.03156991117827246,0.054809680218878935,0.5185704124541124,-0.36539249048926453,0.6343712988296172,-2.7533531010703882e-14,182.42384478738785
880,284.16220978902896,1362.6540649238389,0.04552275139221398,-0.03203426295715437,0.05566430541671595,0.5268836966691433,-0.37076693237447184,0.644262794174953,-1.9539925233402755e-14,182.23754897071584
881,274.74895759909936,850.3434621608621,0.045790554697253155,-0.03142252400651643,0.05553512325026599,0.5299832719589485,-0.36368662044579203,0.6427676302114118,-6.217248937900877e-15,182.6038339456328
882,274.6918006730045,1277.2399019229683,0.04420207061625128,-0.03029673375204368,0.053588386081372966,0.5115980395399454,-0.3506566406486537,0.6202359500158908,-7.105427357601002e-15,182.29753105245607
883,270.326443650629,1037.415459860235,0.04672813403011469,-0.028604501106641738,0.05478810083856011,0.5408348846078089,-0.3310706146602052,0.6341215374833346,7.105427357601002e-15,182.4636722343314
884,270.25987054217103,626.1632001491038,0.048883848131121906,-0.03236634513189621,0.05862773153810074,0.5657852792953925,-0.37461047606361353,0.6785617076169067,1.7763568394002505e-15,182.76720665567154
885,270.3931242694008,1467.2012153505095,0.04286859572069542,-0.027041041714301463,0.05068465681110032,0.4961643023228637,-0.3129750198414521,0.5866279723506981,-1.2434497875801753e-14,182.1704646367709
886,274.72672299007877,1693.5964994235271,0.04136599175164483,-0.031135208511515786,0.05177399426983312,0.47877305268107445,-0.36036120962402524,0.5992360447897352,-9.769962616701378e-15,182.00187205582102
887,266.2245238846308,1182.6410827219408,0.0475146560340976,-0.02365015811423717,0.05307515913181067,0.5499381485427963,-0.27372868187774496,0.6142958232848458,8.881784197001252e-15,182.34681614998374
888,259.4412914372621,1578.2330294022343,0.04620276102558784,-0.004175004794825118,0.04639100981250992,0.5347541785368962,-0.04832181475492033,0.5369329839410869,-5.329070518200751e-15,182.0238384862199
889,257.2034613268701,962.7501117525175,0.05977264558771422,-0.012054917114551584,0.06097614441068901,0.6918130276355811,-0.1395245036406433,0.7057424121607523,-2.3092638912203256e-14,182.33437096116222
890,255.04211795980424,355.4171645517989,0.06318875354888724,-0.014490990457944527,0.06482906276905635,0.8971864694388981,-0.15874333511920705,0.9111218400351315,4.440892098500626e-15,182.76642886671434
891,261.6789487678765,755.3034985850578,0.055504420344909974,-0.02322830136130719,0.06016888449984893,0.642412272510532,-0.26884608057068504,0.6963991261556589,8.881784197001252e-16,182.59403342010987
892,280.69173373818967,2893.9381711816727,0.04349181824293108,-0.055350903171469755,0.07039361289189221,0.5033775259598504,-0.6406354533734925,0.8147408899524561,-1.7763568394002505e-15,180.85069997033312
893,282.70809339264326,2566.212821857561,0.045197366310200805,-0.04514746814109194,0.06388345482931701,0.5231176656273242,-0.5225401405218975,0.7393918383022803,-3.552713678800501e-15,181.22306129801478
894,278.6207885508424,2310.073889407249,0.0401192945959899,-0.03983701902276525,0.05653800388676616,0.4643436874535869,-0.46107660905978304,0.6543750449857195,-1.0658141036401503e-14,181.48877650903768
895,284.00460374198065,2195.034733901425,0.04593484840858483,-0.03842173726246028,0.05988522516101277,0.5316533380623244,-0.44469603313032735,0.6931160319561663,-8.881784197001252e-16,181.5743859797171
896,289.72887119683855,2467.1745312585826,0.05233275594329927,-0.03989348373925918,0.06580431132893544,0.6057031937881858,-0.4617301358710554,0.7616239737145305,8.881784197001252e-16,181.3556109754675
897,289.389509355255,2020.7044887811865,0.049255486338001246,-0.03498654823583699,0.06041656636926312,0.5700866474305699,-0.40493690087774287,0.6992658144590639,3.552713678800501e-15,181.7465638203267
898,279.66445992066093,1927.8738490536593,0.042468779668832383,-0.03519874589457897,0.055159305281257585,0.49153680172259695,-0.40739289229836767,0.6384178851997405,-2.6645352591003757e-15,181.80400153941923
899,273.4498784653332,2444.682967450555,0.03281080200544206,-0.038936825453332435,0.05091782698253724,0.3797546528407645,-0.45065770200616245,0.5893267011867735,-1.509903313490213e-14,181.4399015742259
900,287.69907492476074,2871.125582807336,0.05455500381852437,-0.049536843650827035,0.07368953331732866,0.6314236553069951,-0.5733430978104982,0.8528881170987115,1.4210854715202004e-14,180.91818654231875
901,295.04541099803157,2873.604192347827,0.061428163360517325,-0.04076019948053424,0.0737211849846389,0.7109741129689505,-0.47176156806173886,0.8532544558407279,8.881784197001252e-15,181.03415417795074
902,266.94059902825296,2060.8259206989583,0.033086298467906096,-0.022648397437966095,0.04009554903995498,0.38294326930446876,-0.26213422960608906,0.4640688546291086,-1.0658141036401503e-14,181.83222343636086
903,284.86390046905024,1796.9770310251454,0.045877347359037667,-0.03432886746686457,0.0572992333479197,0.5309878166555284,-0.39732485494056213,0.6631855711564779,-7.105427357601002e-15,181.90708637828845
904,289.12849424684674,1587.2393027213027,0.047591634235284556,-0.032093868494828856,0.057401916728873056,0.550829099945423,-0.3714568112827414,0.6643740362138084,-1.4210854715202004e-14,182.0873632846384
905,288.8685668963594,1188.8343687476947,0.04611580833978007,-0.03050457323113479,0.055291923161027726,0.5337477817104175,-0.35306219017517115,0.6399528143637468,1.0658141036401503e-14,182.38006391526858
906,293.1182815365782,971.9696016302069,0.04597886549935857,-0.02830342970807104,0.053992038356111584,0.532162795131465,-0.32758599199156296,0.6249078513438842,-1.9539925233402755e-14,182.55439074392484
907,274.8312931271768,453.84040444159626,0.04541481933233351,-0.033368516318703405,0.056355689120975785,0.5256344830131193,-0.38620967961462266,0.6522649203816642,-8.881784197001252e-15,182.89311312614024
908,269.8771544559492,192.05748865486592,0.03656739693614288,-0.024823315203489463,0.044196962524332174,0.9160235304507646,-0.2929451045722401,0.961725502746144,-8.43769498715119e-15,183.13288300792658
909,279.3244351190318,308.18562123194516,0.04366977711374215,-0.03272475330110187,0.05457067813195925,0.5054372351127564,-0.3787587187627531,0.6316050709717506,3.907985046680551e-14,182.98053349373708
910,246.46255269172187,756.00393610866,0.09768356936098148,0.017295473726301174,0.09920288874079652,1.1305968676039522,0.2001790940544117,1.1481815826481079,2.3092638912203256e-14,181.92675665929713
911,292.368423219876,3620.5428135075044,0.07924940059852101,-0.0703811054615509,0.10599041230797628,0.9172384328532525,-0.8145961280272095,1.22674088319417,-3.552713678800501e-14,179.9843508325427
912,271.9376162687893,-856.8382532189326,1.6272526850506733e-05,8.296723170437436e-06,1.8265561734240095e-05,1.883394311401242,0.9602688854672957,2.114069645166677,3.469446951953614e-18,183.19412022877071
913,297.0934181925859,2067.763019464975,0.05346824097128114,-0.030775548539380613,0.06169268336247629,0.6188453816120503,-0.35619847846505337,0.7140356870656979,-1.4210854715202004e-14,181.78973885804047
914,279.41310519625,1523.0319175069953,0.044009637078689046,-0.03241907368073251,0.05466117904065631,0.5093707995218638,-0.37522076019366324,0.6326525351927812,0.0,182.11460754212646
915,275.37066379656653,-1550.2524511126496,1.3958753028976784e-05,3.8094009647240976e-06,1.4469219807370728e-05,1.6155964153908313,0.4409028894356594,1.674678218445686,-3.686287386450715e-18,183.19432371539168
916,297.59217602924286,1212.9036221585147,0.048039708894976996,-0.02684620588040658,0.0550321033660109,0.5560151492474188,-0.3107199754676688,0.6369456408103112,-7.993605777301127e-14,182.42322639535766
917,293.2815487724877,548.2335238517343,0.043716897464270175,-0.02756144821815354,0.05167978861976383,0.505982609540164,-0.31899824326566595,0.5981457016176369,-1.4210854715202004e-14,182.8398522240831
918,274.7907734247876,2082.9127373310116,0.03770045955183495,-0.034147895039896445,0.05086652520150484,0.4363479114795712,-0.3952302666654681,0.5887329305729727,-1.7763568394002505e-15,181.7147986307754
919,297.7332159458155,339.51229892310704,0.042793577146886225,-0.024775424966758993,0.04944807303940173,0.4952960317926645,-0.2867526037819328,0.5723156601782606,8.881784197001252e-15,182.98537642003677
920,263.3622720311952,18.784132696010964,0.024193470423794265,-0.012879201840522025,0.02740798882070543,1.2796852134740868,0.1467848851648128,1.288076103379403,-3.552713678800501e-15,183.19320508154325
921,270.64581548972876,1865.8561674450123,0.03779069857555147,-0.027926495945559807,0.046989637949504955,0.43739234462443827,-0.3232233327032385,0.5438615503414925,4.263256414560601e-14,181.91030215408793
922,266.67886737960487,1625.9431766064815,0.0410060653229792,-0.0217487157987744,0.04641663529563831,0.4746072375344815,-0.251721247671,0.537229575180999,1.5987211554602254e-14,182.0742971134717
923,293.3507678556967,1396.1262751681854,0.04808333348478983,-0.02956409256895687,0.05644503989222935,0.5565200634813637,-0.3421769973258897,0.6532990728267284,4.440892098500626e-15,182.25767803774175
924,262.0458042252923,1318.5955395909436,0.04790773850331167,-0.015999161250421584,0.050508658358925776,0.5544877141586998,-0.18517547743543497,0.5845909532283076,-1.2434497875801753e-14,182.216348371368
925,264.99097776387356,446.97350533712944,0.05582512330984509,-0.03073116461073283,0.06372479008118714,0.6461241123824663,-0.35568477558718553,0.7375554407544808,-5.329070518200751e-15,182.8791957220104
926,266.58211479863076,811.7034404467414,0.051060838744794654,-0.027656119333617963,0.05806952892797771,0.5909819299166047,-0.3200939737687264,0.6721010292590012,-1.4210854715202004e-14,182.6086934340314
927,271.11799150921576,-140.67103087245832,0.00995567681318468,-0.006464646109088118,0.011870431758126205,1.8353045353332686,0.1726629092620243,1.8434085867353691,2.220446049250313e-16,183.1938255732395
928,275.0879732122395,99.93880432323313,0.032105785385192064,-0.023762162013872493,0.0399427314886393,0.527867091945022,-0.4044609270136892,0.66500549489404,1.4210854715202004e-14,183.14007621750403
929,279.32129707497586,-42.03762404224262,0.017953624595377665,-0.013880995023238541,0.02269393440871201,0.7756373264021615,-0.029197504643639977,0.7761866762485096,-1.032081863548695e-14,183.19406961887768
930,283.8071280913657,-217.5802593695942,0.002778491576640224,-0.0020614181010765375,0.003459690741801451,1.260810566488374,0.3849113850103893,1.3182564465533066,2.1218378616627565e-15,183.1941850416522
931,293.5221217139483,1807.8490701197707,0.05033441636080669,-0.031561370995987915,0.05941105629030199,0.5825742634352626,-0.36529364578689716,0.6876279663229397,-1.0658141036401503e-14,181.95102437443882
932,293.4820428701928,2191.8399463493856,0.052711168375535855,-0.0344001490813283,0.06294312931791447,0.6100829673094428,-0.3981498736264849,0.7285084411795656,1.0658141036401503e-14,181.64129032561624
933,281.7987979879313,-768.3627784981962,1.25414711515184e-05,4.573601996243374e-06,1.3349394513026036e-05,1.4515591610553702,0.5293520828985386,1.5450688093780134,4.336808689942018e-19,183.19427085919207
934,250.67644589208248,2958.5532781979414,0.0813734748421875,0.6287721902720105,0.6340158591607575,0.09418226254882812,0.7277455905926047,0.7338146518064322,-1.6342482922482304e-13,153.27128218779794
935,282.99758926301763,4962.084974845611,0.07742728538640613,-0.6837051322477417,0.6880753537107762,0.08961491364167376,-0.7913253845459972,0.7963835112393243,1.3500311979441904e-13,152.20510737961544
936,281.5156681950383,4869.613100204217,0.10017487411448979,-0.7054994920171883,0.7125759879762752,0.11594314133621506,-0.8165503379828569,0.8247407268243926,2.5579538487363607e-13,159.91302530567728
937,252.7619550375283,3143.3635158976567,0.09962404381637018,0.6487287641706315,0.656333725758993,0.11530560626894697,0.750843477049342,0.7596455159247603,8.526512829121202e-14,160.55981947274668
938,293.231941703092,5600.7085671062505,0.021575289692197876,-0.32037243185317754,0.32109809749797824,0.024971400106710506,-0.3708014257559925,0.37164131654858595,-1.9895196601282805e-13,75.94934062943207
939,238.06992474963883,2158.598709215933,0.03728430602030216,0.3743399287089791,0.3761921074414761,0.043153131967942314,0.4332638063761332,0.4354075317609677,-1.4210854715202004e-14,66.45054844909643
940,249.2105205246746,2853.771885575582,0.07171534786285995,0.5933623024462783,0.5976804439526524,0.08300387484127311,0.6867619241276367,0.6917597730933475,-1.1368683772161603e-13,145.54647810723154
941,283.3200322796952,5051.382385643683,0.07104034064817717,-0.6488531938371576,0.6527305701069079,0.0822226164909458,-0.7509874928670804,0.7554751968829951,-1.4210854715202004e-13,145.1587337827802
942,278.756968631603,4759.104227288195,0.14415187972870117,-0.660453269774801,0.6760016908155956,0.16684245338970047,-0.7644135066837974,0.7824093643699022,-7.815970093361102e-14,166.65731581949814
943,254.3223567783266,3191.189474370926,0.15001914039782874,0.6083197168219877,0.6265449867009445,0.17363326434933882,0.704073746321745,0.7251678086816488,2.5579538487363607e-13,168.20830201062927
944,292.68683476428316,5592.157582230232,0.02496043523551449,-0.33468362510697197,0.33561309903204084,0.02888939263369733,-0.3873653068367731,0.3884410868426399,5.684341886080802e-14,79.99656131454836
945,238.9660942272468,2247.1379602320117,0.04094178762581547,0.3653472790161658,0.36763414457652527,0.04738632827061976,0.4228556470094513,0.4255024821487562,-1.4921397450962104e-13,72.17844151803378
946,237.49710806910113,2122.8549483503803,0.028771104272956396,0.37490837310261715,0.37601072413368286,0.03329988920481064,0.4339217281280291,0.4351975973769477,9.237055564881302e-14,61.32194415022618
947,293.5908930556135,5623.107131503592,0.01964533239085876,-0.3075355561973198,0.3081623880526989,0.022737653230160606,-0.3559439307839349,0.35666943061654954,4.973799150320701e-14,72.0238753838659
948,248.31515002305355,2823.5704205561283,0.06858225995184697,0.5565177147471335,0.5607276461950799,0.07937761568500808,0.644117725401775,0.6489903312443054,3.552713678800501e-14,138.37562283400655
949,285.07654472384996,5110.822091667616,0.0631931094549987,-0.6096249170969887,0.6128914329863829,0.07314017298032256,-0.7055843947881814,0.7093650844749801,1.9895196601282805e-13,137.9483664619702
950,292.3008113977992,5558.783602608393,0.027510391287504172,-0.3504854241562612,0.3515634426028763,0.03184073065683354,-0.4056544261067838,0.406902132642218,2.1316282072803006e-13,84.35460364332161
951,239.66359777228175,2287.7331779755054,0.04160102328482724,0.36182398959303397,0.3642076942945669,0.04814933250558708,0.4187777657326783,0.42153668321130433,-2.842170943040401e-14,78.22531727617996
952,247.0968680355171,2738.262957376561,0.06411223678961854,0.522826776040392,0.5267430271498221,0.0742039777657622,0.6051235833800833,0.6096562814234053,7.105427357601002e-14,131.3642295666371
953,286.0370485257866,5181.413678741947,0.05822309658308552,-0.5712963764444728,0.5742555865764897,0.0673878432674601,-0.6612226579218436,0.6646476696487149,-1.4210854715202004e-14,130.948026146254
954,291.6988864034527,5533.991883982461,0.030601488644290905,-0.3690001840422332,0.37026691309168935,0.035418389634595954,-0.42708354634517737,0.42854966793019605,7.105427357601002e-14,89.09223339742991
955,240.20739219330775,2291.9766777008736,0.0425995934868669,0.36582667306229144,0.3682986289535585,0.0493050850542441,0.423410501229504,0.4262715612888409,9.947598300641403e-14,84.33078552753672
956,246.1067023875183,2689.05125009879,0.0605580589328725,0.49035472309125994,0.49407998639858247,0.07009034598712095,0.5675401887630324,0.5718518361094705,-9.237055564881302e-14,124.32200349562017
957,287.3210476704588,5231.868779469942,0.0532879627146443,-0.5358579873162487,0.5385010580685039,0.06167588277157906,-0.6202060038382508,0.6232651135052129,1.1368683772161603e-13,124.37020640541476
958,237.5424553596084,2192.036854655116,0.023532626308941013,0.3668454921617182,0.36759950982063283,0.027236836005718763,0.4245896900019887,0.42546239562573246,1.2079226507921703e-13,57.403211750434025
959,293.525624584372,5684.602923630038,0.018047266412643183,-0.29678623100139107,0.29733444256759084,0.02088803982944813,-0.34350258217753593,0.34413708630508194,1.4210854715202004e-14,68.61185821756858
960,235.70006604605808,2027.210551677403,0.003118889438070965,0.3147328623122158,0.3147483154689904,0.003609825738508062,0.3642741461946943,0.364292031792813,-7.105427357601002e-14,35.876747463975896
961,294.98722072513107,5728.300163871385,0.002530931846007297,-0.2534254746440325,0.25343811239543723,0.0029293192662121492,-0.2933165215787413,0.2933311486058301,1.2789769243681803e-13,46.439204054468256
962,291.3437209731911,5482.88359356043,0.03334007602273359,-0.38917782594485933,0.3906033037192196,0.03858805095223795,-0.45043729854729087,0.45208715708243,-4.263256414560601e-14,93.96680652095762
963,240.95590039533212,2338.6835895071945,0.044316281233757394,0.37518176660910546,0.37779000883866526,0.051291992168700694,0.4342381557975757,0.437256954674381,-4.263256414560601e-14,90.22703570794776
964,244.82703108216336,2580.2421443628846,0.056664772932105846,0.46188035169186614,0.46534326660052694,0.06558422793067807,0.5345837403841044,0.5385917437506099,-1.4210854715202004e-14,117.66691585691545
965,288.1959955323762,5286.465526053584,0.049012781295245465,-0.5039964717388403,0.5063740675187615,0.05672775612875632,-0.5833292496977318,0.5860810966652331,-5.400124791776761e-13,118.24317634405234
966,241.7379703116383,2387.4847522846994,0.04656987721536097,0.38864624818323307,0.391426442247783,0.05390032085111223,0.44982204650837154,0.4530398637127117,-5.684341886080802e-14,96.13704447928524
967,290.7458327388176,5445.575367735531,0.03640145405673489,-0.4110652203242864,0.4126738193994122,0.04213131256566538,-0.475769930930887,0.47763173541598636,1.2789769243681803e-13,98.95021888634912
968,243.96777779754103,2536.856959659318,0.05363375408552388,0.43691676019747727,0.4401963595019458,0.06207610426565265,0.5056906946730061,0.5094865272013261,-1.2789769243681803e-13,111.3357679273578
969,288.90845299339816,5341.348029942474,0.045443239677036784,-0.47467926090307494,0.47684954520669737,0.05259634221879258,-0.5493972927118923,0.5519091958410849,0.0,112.42268675616927
970,242.62834742119506,2452.2844466914125,0.0492997753274759,0.4054780083571825,0.4084640536309737,0.057059925147541546,0.4693032504134056,0.47275932133214543,-4.263256414560601e-14,102.09433257208647
971,290.0207317530569,5409.466547523059,0.04001641046643872,-0.4348443401473967,0.43668170704168885,0.046315289891711485,-0.5032920603557832,0.5054186424093621,2.842170943040401e-14,104.13210746768634
972,236.85628798849692,2102.430757198396,0.01926696116265099,0.3555524123979929,0.3560740565591314,0.022299723567883085,0.4115189958310103,0.4121227506471428,-1.5631940186722204e-13,53.7251739519157
973,294.07619004239626,5671.609901594687,0.015304382988520979,-0.2863716270603867,0.28678028684669477,0.017713406236714097,-0.3314486424310032,0.33192162829478566,8.526512829121202e-14,65.09684970064346
974,235.78230696657803,2034.2761666636798,0.005516661292661211,0.3172016177544212,0.3172495860640954,0.00638502464428381,0.36713150203058004,0.3671870209075178,-4.263256414560601e-14,38.517977557183265
975,294.86756997274455,5733.632107382046,0.004507429611518278,-0.25547174718531634,0.25551150763051944,0.005216932420738747,-0.29568489257559766,0.2957309116093975,-1.2789769243681803e-13,49.32086323278072
976,236.57529599125073,2089.37328909541,0.016117749684399333,0.3446634430782835,0.34504010034989574,0.01865480287546219,0.39891602208134663,0.3993519679975645,-1.4210854715202004e-14,50.40300087646957
977,294.26022514775644,5696.040424159486,0.013031585247550654,-0.2772858991523391,0.27759195248202956,0.015082853295776221,-0.3209327536485406,0.32128698203938605,-1.7053025658242404e-13,61.692040715053565
978,235.8539563300742,2030.1700772004624,0.00813164838246252,0.32158760915286627,0.321690400954198,0.009411630072294582,0.37220788096396556,0.3723268529562477,-2.1316282072803006e-13,41.43979955309223
979,294.87004910213903,5712.94659884919,0.006544463438449274,-0.2589584835098896,0.2590411669666406,0.007574610461168141,-0.2997204670253352,0.2998161654706489,0.0,52.358810073589545
980,236.32365482717333,2075.7255029126713,0.013325658577123015,0.3349678663264624,0.3352328215551348,0.015423215945744232,0.38769428972970194,0.38800095087399866,-2.842170943040401e-14,47.243259344576586
981,294.62417832219285,5687.584132138144,0.01073046256699995,-0.26980724075544493,0.27002053623931715,0.012419516859953647,-0.3122768990225057,0.31252376879550603,-8.526512829121202e-14,58.47759237145706
982,236.09638528676763,2059.387202946749,0.010699026493120033,0.32735877350754616,0.3275335643262617,0.012383132515185224,0.3788874693374377,0.3790897735257659,-7.105427357601002e-14,44.21769594257636
983,294.7475337272836,5703.760319287228,0.008609528295128024,-0.2637367595624888,0.26387724858726763,0.009964731823064843,-0.30525087912325094,0.3054134821611894,-1.4210854715202004e-13,55.38477617831579
984,266.801098704086,4042.5583462229597,0.14807818385017413,-0.028594069248295696,0.15081369078615608,0.17138678686362746,-0.03309498755589779,0.1745528828543473,-1.5631940186722204e-13,178.37531380026016
985,264.12294185461775,3784.306976564039,0.16335479545344303,0.062101638998458664,0.17476098753420655,0.18906805029333684,0.07187689698895679,0.20226966149792422,-5.684341886080802e-14,178.36344986132795
986,269.5834357966081,4125.04179854423,0.16496835471363447,-0.11688079509244255,0.20217734373159885,0.19093559573337324,-0.13527869802366035,0.23400155524490607,1.2789769243681803e-13,177.80685262686762
987,276.0199498391658,4549.444452390768,0.19708688790920262,-0.47295105317106517,0.5123728525998956,0.22810982396898452,-0.5473970522813255,0.5930241349535829,1.4210854715202004e-14,172.55472919017424
988,257.5955778894236,3398.950609087202,0.2004638348821333,0.42057481948987996,0.4659065656165368,0.23201832740987652,0.48677641144662037,0.539243710204325,8.526512829121202e-14,173.90861535469875
989,261.2060310008102,3637.5864226863255,0.1827421706075776,0.1994306946013951,0.27049455238056813,0.21150714190691855,0.23082256319605912,0.31307239858862057,7.105427357601002e-14,177.05236287891998
990,272.40615732760176,4338.913996613857,0.18269889355904081,-0.2565421478314537,0.3149488201623768,0.21145705273037133,-0.2969237822123307,0.36452409741015834,-1.4210854715202004e-13,176.02247857276387
991,298.43173426321385,4875.714296960852,0.012010329797878435,-0.4571073324795559,0.45726508879251765,0.013900844673470412,-0.5290594125920786,0.5292420009172658,1.9895196601282805e-13,108.58332622636664
992,235.00931182940718,917.4676930129139,0.02708985317394876,0.42179978903850873,0.42266880909042315,0.03135399672910735,0.48819420027605176,0.4892000105213231,0.0,107.18939605932728
993,296.1156496978695,4739.878109416704,0.03381545824133012,-0.7320155436355882,0.7327961799437663,0.039138261853391344,-0.8472402125411899,0.8481437267867665,-4.263256414560601e-14,156.87789274758086
994,238.5547798830348,1150.2528308772858,0.03882789813286122,0.675732526735436,0.6768471417991455,0.04493969691303381,0.7820978318697177,0.783387895600863,1.2789769243681803e-13,158.21939706981993
995,237.9806058653523,1114.9646040546027,0.028295050765269687,0.6187670161036073,0.6194136179610285,0.03274890134869177,0.7161655278976937,0.7169139096771164,-9.947598300641403e-14,149.81344141527052
996,296.55636879775767,4770.949263054661,0.022624177517606234,-0.674001733629816,0.6743813389650885,0.026185390645377588,-0.7800945991085833,0.780533957135519,-2.842170943040401e-14,148.72006919957735
997,299.524101936862,4947.967995204024,0.005923506519807939,-0.3160011098847269,0.31605662368928367,0.006855910323851781,-0.365742025329545,0.3658062774181523,-9.947598300641403e-14,73.88796510805986
998,230.27729700870492,629.7185893310015,0.02901992406960724,0.407483028918441,0.4085150852166328,0.033587875080563934,0.4716238760630104,0.47281838566739914,-3.552713678800501e-13,62.670845502424086
999,295.1700404468287,4676.250102954269,0.09865919969606722,-0.8395597197684076,0.8453367144175601,0.11418888853711484,-0.9717126386208422,0.9783989750203242,2.5579538487363607e-13,166.01225352948111
1000,239.70085558887467,1225.3231062891632,0.10365581624641192,0.7806262878951653,0.7874782089649817,0.11997200954445823,0.9035026480268117,0.9114331122279881,-2.984279490192421e-13,167.61534702949743
1001,299.5939623728954,4922.053417876433,0.006190332438974389,-0.33060841902295274,0.33066636802759564,0.007164736619183321,-0.3826486331284175,0.38271570373564306,-7.105427357601002e-14,78.312438201268
1002,231.16406628596917,661.8488395893248,0.06097250128710205,0.3631859541163362,0.3682684933314268,0.0705700246378496,0.4203541135605742,0.4262366820965587,1.5631940186722204e-13,69.68502537112951
1003,237.12839389074304,1028.2687952070146,0.02481294025185411,0.5746558458736687,0.5751912927024572,0.02871868084705337,0.6651109327241537,0.6657306628500662,2.842170943040401e-14,141.86299049085326
1004,296.9431486912273,4793.917502257438,0.019197466652731393,-0.6284419561723212,0.6287351071823304,0.022219290107328,-0.7273633751994458,0.7277026703499193,-3.126388037344441e-13,141.0891788159642
1005,230.00429878998222,613.7820864516241,0.009249780341564255,0.3790502471665947,0.3791630893341593,0.010705764284217887,0.43871556385022537,0.4388461682108326,-1.1368683772161603e-13,58.316379903913635
1006,299.6040971233075,4956.809502450361,0.005223244413184727,-0.30288472055477206,0.30292975460945104,0.006045421774519361,-0.3505610191606158,0.3506131419090869,3.552713678800501e-14,70.0119017547118
1007,299.30236393765995,4930.350982881965,0.007468969938445206,-0.34669439756788245,0.3467748416723715,0.008644641132459727,-0.4012666638517158,0.4013597704541337,-2.7000623958883807e-13,82.91559154497062
1008,232.2310012450863,752.5863275431228,0.04303318335828984,0.35615093619286964,0.35874133330438196,0.049806925183205834,0.41221173170471026,0.4152098765097014,-8.526512829121202e-14,76.4123034273429
1009,236.90151455474134,1036.5379813897243,0.025597976460339514,0.5368329882330476,0.5374429399053332,0.0296272875698374,0.6213344771215829,0.6220404397052467,6.394884621840902e-14,134.34651529977862
1010,297.3087501862082,4813.437861464899,0.017022436404025648,-0.588009440451294,0.58825578229285,0.019701893986140796,-0.6805664820038123,0.6808515998759836,-5.684341886080802e-14,133.88449491328865
1011,299.1601405992245,4921.475789627974,0.008207050106097477,-0.364921675493292,0.36501395167346073,0.009498900585760969,-0.42236305033945837,0.42246985147391286,-1.2789769243681803e-13,87.64259295536947
1012,232.89466821003876,789.7748334208626,0.03521661250525813,0.3614996697933524,0.3632109869718265,0.040759968177382096,0.4184023955941578,0.4203830867729473,-7.815970093361102e-14,82.6266619742882
1013,236.43958299863075,1007.7129953531543,0.02559024187239656,0.5024357974003569,0.5030870610425399,0.029618335500458986,0.5815229136578205,0.5822766910214582,4.263256414560601e-14,127.16774295700827
1014,297.6508972857079,4830.563527740119,0.015596496826977896,-0.5506934112090521,0.550914225503695,0.01805150095715034,-0.6373766333438103,0.6376322054440915,-7.105427357601002e-14,127.05299068889889
1015,229.92795891061522,617.7723407397485,0.006294674116940606,0.3625930479825203,0.3626476821482425,0.00728550245016274,0.4196678796093985,0.4197311135975029,-8.526512829121202e-14,54.678082782743274
1016,299.69205539096293,4962.782952616126,0.00456493287469235,-0.2914298464999041,0.29146559667155936,0.005283487123486516,-0.33730306307859276,0.33734444059208263,1.4210854715202004e-13,66.33832574443282
1017,229.50548998187983,581.0403257996823,0.0013044834704380066,0.3179530957090096,0.3179557716854142,0.0015098188315254707,0.36800126818172413,0.3680043653766369,-1.0658141036401503e-13,37.54222145424832
1018,299.9786907111516,4979.372750694736,0.0010532831226833536,-0.2560242698062081,0.2560264363989363,0.0012190776882909187,-0.2963243863497779,0.29632689398025036,-2.7000623958883807e-13,48.223848630656924
1019,299.0022512174478,4911.623719351378,0.00908322220817172,-0.38491700697134984,0.3850241644123979,0.010512988666865416,-0.4455057951057289,0.44562981992175676,1.4210854715202004e-13,92.5501642881292
1020,233.46095453369963,820.8501977701005,0.03150369200296718,0.37085095674635976,0.37218666651226,0.03646260648491572,0.4292256443823608,0.43077160475956017,-2.8421709430404007e-13,88.67416784096659
1021,235.97281721802804,978.5870377903342,0.025973420761791682,0.47202695864664523,0.4727410160703964,0.03006182958540704,0.5463274984336172,0.5471539537851811,-3.552713678800501e-14,120.27599926668867
1022,297.9625565165842,4845.750161501522,0.014244849377891014,-0.5168988241878781,0.5170950688032229,0.01648709418737386,-0.5982625279952293,0.598489662966693,-1.8474111129762605e-13,120.59956740903075
1023,298.82825793293324,4900.7818970600365,0.00999183444114312,-0.406854382405402,0.4069770573852785,0.0115646231957675,-0.4708962759321782,0.4710382608625908,-2.4868995751603507e-13,97.66402791508003
1024,234.00225111284487,855.0327752203773,0.029217270942311996,0.38481519303104245,0.3859227665075422,0.033816285812861106,0.44538795489703986,0.44666986864298863,4.263256414560601e-14,94.74241337346416
1025,235.49938945522996,949.0605040471115,0.026415301322580947,0.4452137048851051,0.44599664927158833,0.03057326541965387,0.5152936399133162,0.51619982554582,-4.973799150320701e-14,113.62807669330756
1026,298.2057927342565,4861.333772397616,0.01304821411933023,-0.48580509433629965,0.48598029340170257,0.01510209967515073,-0.5622744147410875,0.5624771914371557,-2.2737367544323206e-13,114.46246052110897
1027,229.85970761572372,618.8573882913091,0.00509306990583537,0.34996766211770297,0.35000471980988546,0.005894756835457604,0.40505516448808204,0.40509805533551546,7.105427357601002e-14,51.29874337586694
1028,299.7763769619104,4966.76608943043,0.0038192446884168316,-0.2815936123587407,0.2816195113113343,0.004420422093075037,-0.32591853282261657,0.3259485084621925,1.0658141036401503e-13,62.836419059055686
1029,299.9484236941966,4978.613100593888,0.0016398783225797329,-0.2592168675162568,0.25922205462856257,0.001898007317800617,-0.3000195225882602,0.300025526190466,-5.684341886080802e-14,51.35266432440305
1030,229.53120850371434,581.8085338480602,0.0020203231596978293,0.32190084695900734,0.3219071869011251,0.0023383369903910065,0.3725704247210733,0.37257776261704295,7.105427357601002e-14,40.45924614602126
1031,298.6457991942328,4888.384504584503,0.010958674155716793,-0.43087850044340853,0.43101783569083496,0.012683650643190733,-0.4987019681057969,0.4988632357532812,1.6342482922482304e-13,103.00019708067902
1032,234.5202662831623,887.6386949990871,0.028063122865198964,0.40157496053738156,0.4025543289986419,0.03248046627916547,0.46478583395530276,0.46591936226694664,8.526512829121202e-14,100.91616734429593
1033,288.9120303743422,4304.1857988132,0.6591759896019448,-0.7064227494822349,0.9662018869023925,0.7629351731503992,-0.817618923011846,1.1182892209518434,1.6342482922482304e-13,175.15997237943424
1034,245.65766563735136,1602.0194967861655,0.6561722140413989,0.6555173722049535,0.927504716830313,0.7594585810664339,0.7587006622742519,1.0735008296647142,-1.2079226507921703e-13,176.9026707781765
1035,229.80292770792644,619.8240855857123,0.004239646940407925,0.33956737871128756,0.33959384460121517,0.004906998773620284,0.3930177994343606,0.3930484312514065,-7.105427357601002e-14,48.09215698766561
1036,299.83325408357945,4971.956662424257,0.00320139599993583,-0.2733472072601421,0.2733659537200408,0.0037053194443701734,-0.3163740824770163,0.31639577976856575,1.5631940186722204e-13,59.45624324517118
1037,299.9027438926101,4977.64305442844,0.0022615432285158265,-0.2637975274275302,0.26380722138458035,0.0026175268848562805,-0.30532121230038217,0.30533243215807915,1.7053025658242404e-13,54.55563493963903
1038,229.64490229636496,600.3678953432367,0.002807041024439789,0.3274815511493078,0.3274935813454511,0.003248890074583089,0.37902957308947666,0.37904349692760547,-2.8421709430404007e-13,43.3998627989886
1039,265.0834754079717,2835.9529905895806,0.23502104723209113,-0.0016757041614330886,0.2350270210561021,0.2720151009630684,-0.0019394724090660749,0.27202201511122925,-3.268496584496461e-13,180.55836987267418
1040,269.6523876136176,3120.511856538728,0.2340561154854217,-0.05670054714765848,0.2408261141217225,0.2708982818118307,-0.06562563327275288,0.27873392838162325,0.0,180.1972143415771
1041,259.9259174910001,2509.023067438959,0.3198219007245005,0.06602727321267753,0.3265664541727056,0.37016423694965334,0.07642045510726565,0.37797043307026107,-1.1368683772161603e-13,180.27488625728571
1042,274.86472788405825,3445.821039232386,0.31466062620674445,-0.12494955893259639,0.338561223358894,0.3641905395911394,-0.14461754506087546,0.3918532677764977,2.842170943040401e-14,179.19599167860352
1043,299.8751202383964,4997.8039153627815,0.0005061747068296117,-0.254235214572255,0.25423571846110526,0.0005858503551268655,-0.2942537205697396,0.29425430377442735,-8.526512829121202e-14,45.11314873011103
1044,229.6341725087454,613.9640776457511,0.0006193623019453831,0.31574307318593914,0.3157436806565769,0.0007168545161404897,0.3654433717429851,0.365444074834001,7.105427357601002e-14,34.63421260812823
1045,282.9723312222895,3945.659569962766,0.5389506801284724,-0.3201265985324277,0.6268563429517844,0.6237855094079541,-0.3705168964495691,0.7255281747127134,-2.913225216616411e-13,177.09575246266124
1046,281.966286162677,4308.695829130055,0.4038166188608745,-0.5042114176409104,0.6459853058295407,0.46738034590378996,-0.5835780296769796,0.74766817804345,1.8474111129762605e-13,174.05637288250819
1047,278.51336338691675,4052.147397192562,0.3627712805423415,-0.31814342401423956,0.48251242494865815,0.41987416729437665,-0.3682215555720365,0.5584634548016876,-1.4210854715202004e-13,176.25252817312554
1048,285.882875373209,4510.5350613645805,0.3332330048224697,-0.6998757517213131,0.7751582440705157,0.3856863481741548,-0.8100413793070752,0.8971738936001338,1.4210854715202004e-14,171.32248226902453
1049,278.35249020770436,3648.727910449467,0.40360794004500883,-0.18766766020041392,0.4451050661950204,0.46713881949653807,-0.21720794004677538,0.5151679006886811,-4.831690603168681e-13,178.4133559210321
1050,275.2949117130949,3845.5206007047486,0.298765022368092,-0.20823314751012467,0.3641724623205053,0.3457928499630694,-0.24101058739597767,0.4214959054635478,2.5579538487363607e-13,177.624444722388
1051,272.4353203390171,3755.20418447371,0.2419514321883049,-0.14592857771574047,0.2825520223465244,0.28003637984757507,-0.16889881680062555,0.32702780364181055,0.0,178.31142650166817
1052,251.69199201153958,1985.0901203298472,0.5447054056481844,0.2685659667848695,0.607315122039164,0.6304460713520653,0.3108402393343397,0.7029110208786622,1.1368683772161603e-13,178.77208594739358
1053,252.08629586759722,2423.539230325033,0.4087537901086815,0.4519262407169427,0.6093578488677733,0.47309466447764065,0.5230627786075726,0.7052752880414043,1.9895196601282805e-13,175.65424609481036
1054,255.78062669504806,2620.5366574265563,0.3685836544040308,0.26206909738237943,0.452254488199559,0.4266014518565171,0.30332071456293913,0.5234426946754155,3.268496584496461e-13,177.69964472762035
1055,248.5701023380892,2195.7682667337367,0.3346576378172399,0.6448397884810441,0.7265081467937525,0.38733522895513883,0.7463423477789863,0.8408659106409173,-7.105427357601002e-14,172.84869482279356
1056,293.61819653889194,4586.902669747466,0.2552003513428212,-0.9494739667139053,0.9831724328890317,0.29537077701715414,-1.098928202215168,1.1379310565845273,2.8421709430404007e-13,171.2656671048989
1057,288.62580041234304,4658.384696206327,0.1886181356171007,-0.7798010079403762,0.8022882356538065,0.21830802733460727,-0.9025474628939539,0.9285743468215353,-7.105427357601002e-14,167.37811903622904
1058,289.9298820464612,4736.762267082815,0.10365404456779255,-0.7618875808719636,0.7689062666165459,0.11996995899050063,-0.881814329712921,0.8899378085839653,-2.4158453015843406e-13,163.00956484864707
1059,283.5315368416854,4766.05526174761,0.13587200807506963,-0.7190192110672121,0.7317443737139822,0.15725926860540465,-0.8321981609574214,0.846926358465257,-1.0658141036401503e-13,164.19735105262953
1060,241.17889204578995,1318.623427400029,0.25756489692568446,0.8884116982359528,0.9249946063036412,0.2981075195899126,1.028254280365686,1.0705956091477327,0.0,172.9714879693217
1061,246.1715162275722,2042.0998111023732,0.192163783353533,0.721317221368564,0.7464753535620647,0.2224117862888114,0.8348578951025049,0.8639761036597974,1.4210854715202004e-14,168.96515701787368
1062,244.7616736856977,1946.1827464271041,0.11095491401382383,0.70547898235939,0.7141509556771982,0.12842003936785165,0.8165265999529977,0.8265636061078683,4.973799150320701e-13,164.56062785410543
1063,262.69672267850467,2679.241789741731,0.26588900782590197,0.02647501700273301,0.26720383793639185,0.30774190720590505,0.030642380790200246,0.30926370131526837,1.9895196601282805e-13,180.52111271290747
1064,261.77449374712046,3011.125090143039,0.252757913805247,0.08078877669560046,0.2653552136875254,0.2925438817190359,0.09350552858287091,0.3071240899161174,-8.526512829121202e-14,179.35821596306621
1065,259.03207444969297,2820.324817905227,0.30438441790353427,0.1488398361392761,0.3388261658792602,0.35229677998094244,0.17226832886490287,0.3921599142121067,1.5631940186722204e-13,178.79132421285857
1066,256.3834860208392,2270.712203473864,0.409356833611844,0.13116662369462537,0.4298577676350195,0.47379263149518985,0.1518132218687794,0.4975205643923837,-8.526512829121202e-14,179.81729306902895
1067,264.10030559825816,3278.5232791976605,0.21250570088986945,0.0353810262961622,0.21543094005380095,0.24595567232623777,0.04095026191685441,0.24934136580301036,-1.1368683772161603e-13,179.36366704553984
1068,265.7700632342344,3318.8496605628907,0.2038297696020447,-0.0029158832325426602,0.20385062509359264,0.23591408518755178,-0.003374864852479931,0.23593822348795446,-1.8474111129762605e-13,179.5707040868205
1069,267.28470005940807,3063.8877343033528,0.2223049276938682,-0.029104124404530148,0.2242019869098629,0.25729737001605113,-0.033685329171909896,0.2594930404049339,2.4158453015843406e-13,180.24615025837505
1070,268.4822456170449,3485.840744562118,0.20419393758561336,-0.05386446137493099,0.2111789391628076,0.23633557590927473,-0.06234312659135531,0.2444200684754718,-2.8421709430404007e-13,179.35021306643227
1071,270.15803241890836,3587.665462583158,0.21192696007243597,-0.09149472703324146,0.23083396951148943,0.24528583341717125,-0.10589667480699243,0.2671689461938535,1.1368683772161603e-13,179.01824406689758
1072,239.00325376800794,1180.668856213205,0.056200957920796886,0.7173391864768085,0.7195373903602401,0.06504740500092232,0.8302536880518616,0.8327979055095371,-1.4210854715202004e-13,162.73845260276158
1073,243.76679852523915,1869.114277090203,0.07451777205779067,0.6778075398421594,0.6818914572124638,0.08624742136318364,0.7844994674099066,0.7892262236255367,1.4210854715202004e-14,160.1708845848801
1074,243.20446402011274,1835.8298864805038,0.057110520522047244,0.6523185626545537,0.6548138046330437,0.06610013949311024,0.7549983364057334,0.7578863479549118,-1.2789769243681803e-13,155.90014135693784
1075,248.56048696635293,2587.745950576813,0.0820177291527593,0.6509878922253672,0.6561342421482068,0.09492792726013809,0.7534582085941751,0.7594146321159803,7.105427357601002e-14,157.5552116857428
1076,238.19224871104942,1123.375423338965,0.03130242089734881,0.6447982283461282,0.6455575859924043,0.03622965381637594,0.7462942457709817,0.7471731319356532,2.842170943040401e-14,153.9593007484957
1077,242.67393411271362,1797.7852066960209,0.04964746625246207,0.6279049705201285,0.6298646861899568,0.057462345199608876,0.7267418640279265,0.7290100534605982,4.263256414560601e-14,151.74671111660675
1078,242.44073943002678,1803.2836955085345,0.04661801242313095,0.6036183657105939,0.6054158657529645,0.0539560328971423,0.6986323677205947,0.7007128075844495,1.4210854715202004e-14,147.42617593354674
1079,247.350855315122,2518.754582773634,0.06622922204762592,0.61353621321754,0.6171004738147204,0.07665419218475224,0.7101113578906713,0.7142366595077783,4.263256414560601e-14,149.45892207946812
1080,244.27921636756162,2123.3418625614026,0.05349591367087164,0.5840360766477316,0.5864809899779841,0.06191656674869402,0.6759676813052449,0.6787974421041483,-2.1316282072803006e-13,143.5745473575787
1081,237.28655996656653,1032.2913832851161,0.025467206991948987,0.5959948920396344,0.5965387581451068,0.029475934018459476,0.689808902823651,0.6904383774827626,-3.410605131648481e-13,145.73987080778898
1082,230.09218753466658,617.215356776913,0.014051587684951239,0.39059537818967494,0.3908480479414002,0.016263411672397268,0.4520779840158274,0.45237042585810194,-2.842170943040401e-14,60.33655655420926
1083,232.84608513750388,1185.3689578160947,0.01888697912831972,0.3801270457048471,0.38059596537126944,0.02185992954666634,0.4399618584546842,0.44050458955008037,-1.4210854715202004e-14,59.735610713450654
1084,232.69419102402887,1175.596601250871,0.014735589407451961,0.37249157702761143,0.37278292953366576,0.017055080332699032,0.4311245104486243,0.4314617239972983,5.684341886080802e-14,57.678840253493256
1085,233.00671911460245,1189.739664455682,0.026856449565724378,0.3873135836146764,0.3882435845390355,0.03108385366403284,0.4482796106651348,0.44935600062388376,-2.4158453015843406e-13,62.03980864329734
1086,233.49962188005242,1244.0189912716537,0.04232166111119282,0.38594997973477596,0.3882634541860522,0.048983404063880576,0.4467013654337685,0.4493789979005233,-9.947598300641403e-14,64.93104344193478
1087,236.3271505289999,1844.1811611433118,0.03323196546366343,0.3797286466816295,0.3811800213012743,0.038462922990351193,0.4395007484741082,0.44118058020980816,-4.263256414560601e-14,63.719837367656524
1088,235.3080545234164,1557.8410390072224,0.0447917204043818,0.37413611086687154,0.3768078126464104,0.05184226898655301,0.4330279060959162,0.43612015352593797,1.7763568394002505e-13,68.10441852744883
1089,229.91019596199826,604.9847065953978,0.0072687195788077716,0.37007629371167394,0.37014766979096936,0.008412869882879365,0.42832904364777075,0.42841165485065896,2.842170943040401e-14,56.44669213930616
1090,232.8332561044026,1222.6654242893885,0.01258021120431386,0.3652357724815509,0.3654523651779263,0.014560429634622526,0.4227265885203136,0.42297727451148875,0.0,55.80474258978939
1091,232.7475616829755,1221.1703672173605,0.011284081220680739,0.3585594231353983,0.35873693761332204,0.013060279190602708,0.41499933233263686,0.4152047889043079,2.842170943040401e-14,53.99881466352608
1092,229.9173069159623,623.6862976724743,0.00563481516770184,0.35596420578442395,0.35600880177561606,0.006521776814469723,0.411995608546787,0.4120472242773334,6.394884621840902e-14,52.96934945195004
1093,232.66384821983985,1218.3793817814128,0.010213443042711127,0.3524096755333684,0.35255764610673346,0.011821114632767507,0.40788156890436156,0.40805283114205254,1.1368683772161603e-13,52.28720287586387
1094,232.540255952364,1205.8119986487052,0.009356985775844439,0.34675824026229135,0.3468844625701911,0.010829844647968101,0.4013405558591335,0.40148664649327676,1.4210854715202004e-14,50.604681957773224
1095,229.86343588432436,626.5349166949003,0.004697346131763431,0.34446182230632844,0.3444938491283671,0.005436743208059526,0.3986826647063986,0.3987197327874619,1.4210854715202004e-14,49.68854921235688
1096,232.82460640816913,1282.060929551641,0.009013841536385906,0.3411678429445741,0.34128689749050817,0.010432686963409614,0.394870188593257,0.3950079832066067,1.1368683772161603e-13,48.910459137975565
1097,232.30230926034662,1178.4667001845341,0.007619182900748612,0.3366982862974294,0.33678448293189045,0.008818498727718302,0.3896970906220248,0.38979685524524355,4.973799150320701e-14,47.340638588732844
1098,229.79775922974127,624.4819868589044,0.0037097696101389913,0.33511735918038316,0.3351378922392904,0.004293714826549759,0.3878673138661843,0.3878910789806603,-7.815970093361102e-14,46.54300049901732
1099,232.1227214963799,1149.0719106467789,0.00661052664862373,0.33255344060252506,0.33261913642956464,0.007651072509981168,0.38489981551218183,0.3849758523490332,0.0,45.758824457144115
1100,229.65693504871442,598.3762499415294,0.003254817206766779,0.33103187029573083,0.3310478711403217,0.0037671495448689577,0.383138738768207,0.38315725826426117,1.4210854715202004e-14,44.939285145270766
1101,232.0124469563718,1134.1941366093206,0.005755987073231779,0.3286704154110166,0.3287208136909457,0.0066620220754997446,0.38040557339238035,0.3804639047348909,-4.263256414560601e-14,44.11644001131403
1102,231.84496077726322,1103.9962628970368,0.004985021956869726,0.3254883674709947,0.3255265393218251,0.005769701338969591,0.37672264753587353,0.37676682791877913,-1.9895196601282805e-13,42.657242990825296
1103,235.49233905455873,1741.498787620511,0.022211495616163285,0.3734015309465352,0.3740615642520936,0.02570774955574454,0.4321776978547862,0.43294162529177505,4.263256414560601e-14,59.01029851566836
1104,230.46477358935198,606.0016640495614,0.07014092620579272,0.39338931922426706,0.3995934258827824,0.08118162755300085,0.45531171206512394,0.4624923910680353,-1.5631940186722204e-13,65.8604865828568
1105,299.56967177680224,4951.983082319641,0.005531317374524173,-0.3091866413736924,0.3092361147664386,0.006401987701995571,-0.35785490899732925,0.3579121698685633,-2.842170943040401e-14,71.91136232451547
1106,297.3474390743492,5209.36992874539,0.010398688205736613,-0.3055661184371434,0.3057430055669998,0.012035518756639598,-0.3536644889318789,0.3538692194062497,2.1316282072803006e-13,71.02127883054926
1107,297.449106586327,5214.351440103744,0.009758479939621693,-0.2995473389535044,0.299706249859521,0.011294536967154739,-0.3466983089739634,0.3468822336337049,-3.552713678800501e-13,69.11560939388126
1108,297.29262250332937,5198.580480503463,0.011092503259762652,-0.3122118977582247,0.31240888708607506,0.012838545439540106,-0.36135636314609343,0.36158436005332767,1.1368683772161603e-13,72.9770757263725
1109,297.0701171982315,5203.397220674648,0.012363265676071518,-0.3196433176011359,0.3198823234022752,0.014309335273230925,-0.3699575435198333,0.3702341706044852,5.684341886080802e-14,75.17077235989552
1110,294.7506868687567,5466.131588202596,0.017397602774939475,-0.3147886645625232,0.31526905956558965,0.020136114322846614,-0.3643387321325499,0.36489474486758056,4.263256414560601e-14,74.00794719210774
1111,295.67071075261794,5329.575705760777,0.0163150629376444,-0.3255052312345161,0.325913848800101,0.018883174696347687,-0.37674216578068986,0.3772151027778946,-7.105427357601002e-14,77.23411732807902
1112,299.68222841397403,4956.035099013327,0.00486169618493896,-0.2969179279776365,0.2969577277060282,0.005626963177012685,-0.3436550092333756,0.34370107373382897,-1.9895196601282805e-13,68.14632915654293
1113,297.4383955340384,5231.69372258212,0.00908546580641427,-0.29370000502700133,0.29384049864132095,0.01051558542409059,-0.33993056137384414,0.3400931697237511,-5.542233338928781e-13,67.2443859566809
1114,297.4613695041811,5244.004556961926,0.008446654567342296,-0.2884194211548325,0.28854307905868865,0.009776220564053584,-0.33381877448475983,0.3339618970586674,1.7053025658242404e-13,65.46686255220861
1115,295.20156001746574,5465.857459337702,0.015196034229007213,-0.30221404889803427,0.3025958539167921,0.01758800257986946,-0.34978477881716924,0.35022668277406493,-2.7000623958883807e-13,70.15224745908029
1116,299.6823006566253,4921.7301800263,0.0058975960295175245,-0.32304878028724016,0.32310260921880674,0.006825921330460098,-0.3738990512583798,0.37396135326250785,0.0,76.04876527731996
1117,299.744823849143,4963.784153677093,0.004190553604318567,-0.28634959182045355,0.28638025329140804,0.004850177782776119,-0.3314231386810806,0.3314586264946853,-5.684341886080802e-14,64.56872852821766
1118,297.74602565963175,5222.727965215636,0.0076975939614360445,-0.28344115798569564,0.2835456629770013,0.008909252270180607,-0.3280568958167773,0.32817785066782557,-2.984279490192421e-13,63.6513650075347
1119,297.83046709876345,5224.848720041919,0.007012145408047489,-0.27892471407557834,0.2790128425455838,0.008115909037092,-0.32282953018006744,0.3229315307240552,0.0,61.91973838317727
1120,299.84923453417167,4963.837111032403,0.0034930096751501593,-0.27725685875487155,0.27727886115463163,0.0040428352721645355,-0.32089914207739767,0.3209246078178607,2.842170943040401e-14,61.11721350582494
1121,297.84316715566956,5234.977504612986,0.006433168027333362,-0.2748618986203638,0.27493717275781215,0.00744579632793213,-0.31812719747727297,0.3182143203215419,-2.842170943040401e-14,60.25958147917731
1122,297.8236862471505,5248.772641957528,0.005890741059875773,-0.27113267929133683,0.2711966640833427,0.0068179873378191825,-0.31381097140201025,0.3138850278742393,-5.684341886080802e-14,58.61012128921182
1123,299.87672696021946,4971.61500196908,0.0028994048126282455,-0.269805816968618,0.26982139540512884,0.003355792607208618,-0.3122752511210856,0.3122932817188991,-3.410605131648481e-13,57.80820819333619
1124,297.8667884105054,5253.072490398553,0.005298115696787523,-0.2678065542096318,0.26785895636990187,0.006132078352763336,-0.3099612895944812,0.31002194024294194,0.0,56.99412502955001
1125,299.90916076137563,4972.210318978535,0.002576717980224883,-0.2666195815532348,0.2666320324776669,0.002982312477112133,-0.3085874786495773,0.3086018894417441,5.684341886080802e-14,56.165269035321096
1126,297.9596127874426,5249.4320206099055,0.00468974680759745,-0.26483726365579896,0.26487878349503674,0.00542794769397853,-0.30652461071273035,0.3065726660822185,1.5631940186722204e-13,55.36823481533156
1127,298.04161838789645,5245.853112094194,0.004082025294119838,-0.2622454771176615,0.2622772449130342,0.004724566312638702,-0.30352485777507116,0.3035616260567526,1.1368683772161603e-13,53.797698215047156
1128,299.964329570272,4972.84351598692,0.0019477207086236621,-0.2613359992980615,0.2613432573170297,0.002254306375721831,-0.30247222140979346,0.30248062189471037,8.526512829121202e-14,52.951419779664846
1129,298.0845328696909,5246.691693592515,0.0034705948169939348,-0.2599746167500299,0.25999778149574404,0.0040168921492985355,-0.3008965471643865,0.3009233582126668,-5.684341886080802e-14,52.23815452792415
1130,298.156080938625,5242.48007289315,0.0028810768031523673,-0.25800396831353306,0.25802005400564554,0.0033345796332782027,-0.29861570406658916,0.2986343217657934,-2.5579538487363607e-13,50.62482474456044
1131,300.00822805748936,4972.710671543412,0.0013342639207680623,-0.25745352567454344,0.25745698309127885,0.0015442869453334053,-0.29797861767886974,0.29798261931860986,0.0,49.79171859175986
1132,298.1857699878815,5242.998493840143,0.002327112369770182,-0.25643164337698354,0.25644220241021565,0.002693417094641414,-0.29679588353817543,0.2968081046414533,-1.4210854715202004e-14,49.08736555711901
1133,297.97940854694684,5277.809822679534,0.0018484424716464787,-0.2551645292342744,0.2551712243159872,0.002139401008850091,-0.29532931624337316,0.29533706518054076,7.105427357601002e-14,47.457911798663616
1134,229.51466865739275,580.8447774538462,0.0016726023404387818,0.31969756454999043,0.31970193990306744,0.0019358823384708127,0.3700203293402667,0.37002539340632806,-1.9895196601282805e-13,38.99848820772306
1135,231.80164150558355,1106.7500164441308,0.0035588615684366575,0.3203773104328358,0.3203970763534539,0.004119052741246132,0.37080707226022663,0.37082994948316417,8.526512829121202e-14,39.76932854494687
1136,231.92227077572474,1139.7900845599572,0.0028814009313312,0.318364142309055,0.3183771813109528,0.0033349547816333334,0.36847701656140625,0.3684921079987879,2.5579538487363607e-13,38.27330806375575
1137,231.93099213251216,1145.7216314359825,0.00227332190530286,0.31686086804422064,0.3168690229262276,0.0026311596126190515,0.3667371157919221,0.36674655431276343,1.1368683772161603e-13,36.863015869093736
1138,233.73054250707713,837.0083313106331,0.029900690360619403,0.3773582870812888,0.3785410520841379,0.034607280509976156,0.4367572767144547,0.4381262176899745,-4.263256414560601e-14,91.70436372533227
1139,236.63154608352667,1407.7693633162503,0.03536797791252829,0.38165313740109436,0.3832884177088054,0.04093515962098182,0.44172816828830364,0.44362085382963584,3.836930773104541e-13,93.19369791570638
1140,236.91340114124228,1420.5829348990464,0.03535597236487375,0.38917767678484516,0.3907803844738309,0.04092126431119647,0.45043712590838564,0.4522921116595266,1.4210854715202004e-13,96.24731555664218
1141,234.22317813737948,863.1099213981315,0.028614979625003274,0.3928151821435398,0.3938560452518175,0.03311918938079083,0.4546472015550229,0.4558519042266406,-3.552713678800501e-13,97.842179853183
1142,237.3683431474756,1468.6946143671782,0.03550866474615918,0.397369484746023,0.39895284518270446,0.04109799160435091,0.4599183851227118,0.46175097822072275,2.4158453015843406e-13,99.25113923968564
1143,237.70596281579859,1492.515727997832,0.03567262941539347,0.40646981308504354,0.4080321622602785,0.04128776552707577,0.4704511725521338,0.4722594470605076,2.842170943040401e-14,102.32018423859815
1144,236.2952061542012,1383.22226956027,0.03569574567601188,0.37504131714457406,0.3767362151756896,0.04131452045834708,0.4340755985469607,0.43603728608297404,-2.1316282072803006e-13,90.21239811848854
1145,235.99033128244437,1365.9322465774226,0.03638971496397656,0.36949634708762114,0.37128393698927403,0.042117725652750654,0.42765780912919116,0.42972677892277095,-3.126388037344441e-13,87.22310737000227
1146,233.18474985651417,805.3036584627173,0.03326962057020275,0.3657653863332959,0.36727535377755816,0.03850650528958652,0.4233395675153888,0.4250872150203219,1.4210854715202004e-14,85.67202634795599
1147,235.68309853201896,1349.3147077906913,0.03736342311239139,0.36508657237770165,0.3669935022819537,0.04324470267637892,0.4225539032149325,0.42476099801152056,-5.684341886080802e-14,84.22514111885191
1148,235.3893314684038,1337.1714757538182,0.03882322305831009,0.36177630673969263,0.3638534578190064,0.04493428594711816,0.41872257724501455,0.4211266872905166,0.0,81.20164276478211
1149,232.55320199171342,765.6268173032882,0.03820312087616676,0.35803293326455443,0.36006535482700897,0.04421657508815596,0.41438996905619724,0.4167423088275567,-1.7053025658242404e-13,79.60273238087947
1150,234.9440139292261,1297.8069220321304,0.0412110555147629,0.3599413647036886,0.36229288858794156,0.04769798091986447,0.41659880174038033,0.41932047290271013,2.2737367544323206e-13,78.008084591057
1151,234.6733751422598,1300.4168748332984,0.044906344936004206,0.36063842433940324,0.3634235172983703,0.05197493626852339,0.4174055837261612,0.42062907094718793,1.5631940186722204e-13,74.68956045445816
1152,231.84179114224807,732.2714198892844,0.05026891632018241,0.35741918192239264,0.36093688583196637,0.05818161611132223,0.4136796087064729,0.4177510252684795,-2.4158453015843406e-13,73.16324663007934
1153,234.14531502037607,1258.6323056784784,0.04909321496513265,0.36613402146445473,0.3694107002095994,0.05682085065408872,0.4237662285468226,0.42755868079814746,-1.4210854715202004e-14,71.06671079053802
1154,234.76471487654524,902.0983663283787,0.027557585917120705,0.4112405663387695,0.4121628609472369,0.03189535407074156,0.47597287770690916,0.4770403483185613,4.263256414560601e-14,104.04876078257527
1155,237.95215132112656,1497.8819987045345,0.035858805738285565,0.41648799269723563,0.4180288291612777,0.041503247382274955,0.4820462878440228,0.48382966338110855,4.263256414560601e-14,105.46578830330397
1156,238.27815425236565,1518.8852131832102,0.03609838925001222,0.42725659970823543,0.4287788424125994,0.041780543113440066,0.4945099533660133,0.49627180834791595,4.263256414560601e-14,108.60940224896217
1157,240.79491284295437,2018.9234180595763,0.04390107864266409,0.4213561917960913,0.42363704402577196,0.05081143361419455,0.4876807775417724,0.4903206528076065,0.0,106.8542821330164
1158,235.2256594845381,927.7147690154472,0.026800707821776223,0.43308930590037037,0.4339177627442933,0.031019337756685444,0.5012607707180212,0.502219632805895,1.2789769243681803e-13,110.38829523229278
1159,238.48161754674751,1517.0473238743855,0.036298677528152995,0.4387804408874903,0.4402793082756822,0.04201235825017707,0.5078477325086693,0.509582532726484,4.263256414560601e-14,111.77985295008614
1160,238.81137039225607,1538.392250696389,0.036615921185961166,0.4511454229944045,0.4526288969709034,0.04237953840967728,0.5221590543916719,0.5238760381607678,2.842170943040401e-14,115.00233473257795
1161,235.7037661703234,958.0373952445649,0.02622233894140084,0.4581741255769621,0.4589238939168144,0.030349929330325043,0.5302941268251876,0.5311619142555722,2.2737367544323206e-13,116.90985230476232
1162,239.14172377598067,1559.4274062884049,0.03701489684274596,0.4644247035605946,0.4658974220422617,0.04284131579021524,0.5375285920840215,0.5392331273637287,-1.7053025658242404e-13,118.2734951877443
1163,239.42512297552454,1570.412094325589,0.03741106114897974,0.4788175494221118,0.4802768296835578,0.043299839292800624,0.5541869784978145,0.5558759602818956,5.684341886080802e-14,121.72215579545936
1164,236.13895061339215,981.5221772804019,0.025727028489658865,0.4867719912510518,0.4874513836901294,0.02977665334451257,0.5633935083924211,0.5641798422339461,-4.263256414560601e-14,123.67859716300723
1165,239.74544624734523,1588.698970377118,0.037913499300374985,0.4938133449577933,0.49526664847090607,0.043881364930989576,0.5715432233307792,0.5732252875820671,5.684341886080802e-14,125.13412274331053
1166,240.09436735416543,1610.9732483586781,0.03854206891497969,0.50997667120562,0.5114310278524486,0.044608876059004265,0.5902507768583565,0.5919340600144082,8.526512829121202e-14,128.644021975798
1167,236.62495495760922,1014.6270800784602,0.025499812657300527,0.5191439523180268,0.5197698372106053,0.02951367205706079,0.6008610559236421,0.6015854597344968,2.2737367544323206e-13,130.7014680036231
1168,240.59270079601555,1655.7138221513414,0.03946920913261686,0.5274227204358568,0.5288974801429047,0.04568195501460285,0.610442963467427,0.61214986127651,-9.947598300641403e-14,132.38151282282053
1169,241.22214431001478,1721.6185317364616,0.04042679892791617,0.5455983066463427,0.5470939940146617,0.04679027653694001,0.6314795215814151,0.6332106412206733,1.2789769243681803e-13,136.030070715905
1170,237.0852331062938,1043.344800645172,0.025553388359437268,0.5553750833518745,0.5559626416089032,0.02957568097157091,0.6427952353609658,0.6434752796399342,2.2737367544323206e-13,138.0656619647976
1171,241.42260476484196,1714.841359562537,0.042283447310993406,0.5665814710749844,0.5681570674399773,0.04893917512846459,0.6557655915219726,0.6575891984258996,8.526512829121202e-14,140.08360628106746
1172,298.0947910055363,4853.33743761492,0.013649905499435263,-0.5010312741109709,0.5012171760398944,0.01579850173545748,-0.5798973079988089,0.5801124722683961,-2.842170943040401e-14,117.49234248371238
1173,294.60245046041393,5024.768648587608,0.025528154016173157,-0.4922649863633415,0.49292646860031186,0.02954647455575597,-0.5697511416242378,0.5705167460651757,1.7053025658242404e-13,115.77484634782104
1174,294.8721787063009,5036.600493879823,0.0244828069438531,-0.47743918164050747,0.4780665016516086,0.02833658211094109,-0.552591645417254,0.5533177102449173,-1.2789769243681803e-13,112.79206891470773
1175,298.3738273580732,4866.008739259091,0.01249897002051213,-0.471091877186069,0.47125765882611176,0.014466400486703853,-0.5452452282246169,0.5454371051228145,-5.684341886080802e-14,111.46699879800907
1176,294.99523818568,5054.69611701917,0.02358927176945287,-0.4632897450601659,0.4638899024774376,0.027302397881311197,-0.5362149827085254,0.5369096093488862,1.1368683772161603e-13,109.90588792955518
1177,295.1974746625079,5067.901337755428,0.022621217897238047,-0.44970039661370453,0.4502689931737222,0.02618196515884033,-0.5204865701547506,0.5211446680251415,-4.263256414560601e-14,107.08266225249965
1178,292.1792465275362,5224.672265306976,0.033155475341958576,-0.4555499487073636,0.45675490288822607,0.0383743927568965,-0.5272568850779672,0.528651507972484,-1.0658141036401503e-13,108.35696252912477
1179,294.40520689931003,5008.865988509572,0.0266214209153145,-0.5075600964657716,0.5082577609598241,0.03081182976309549,-0.5874538153539023,0.5882612974072038,1.4210854715202004e-13,118.7808489175717
1180,294.1476069447215,4994.548194198201,0.027775146063873307,-0.5235204731162006,0.5242567543777382,0.03214715979614966,-0.6059264735141211,0.6067786509001599,-3.268496584496461e-13,121.87120171204865
1181,297.79455590670796,4839.025296894388,0.014904999960811847,-0.5334169002869517,0.5336251011108563,0.01725115736205075,-0.6173806716284164,0.6176216448042319,0.0,123.77258008491442
1182,293.86671931878163,4979.946463956726,0.029035269988408576,-0.5401607460194648,0.5409405498237349,0.03360563656065807,-0.6251860486336399,0.6260885993330265,1.4210854715202004e-13,125.04631828614316
1183,293.541911276423,4965.607946978502,0.030288870865541967,-0.5576527418891707,0.5584747050984669,0.03505656350178468,-0.6454314142235772,0.6463827605306329,5.684341886080802e-14,128.3058963318585
1184,297.5383893498465,4820.655090315607,0.01624977970330953,-0.568703014424867,0.5689351228007783,0.018807615397348997,-0.6582210815102627,0.6584897254638636,-5.684341886080802e-14,130.3660579137801
1185,293.37444772515147,4943.787843490419,0.03159033485260227,-0.5765087431177326,0.5773736053434443,0.03656288756088225,-0.6672554897195978,0.6682564876660234,1.4210854715202004e-14,131.81006547206627
1186,292.85373258748905,4930.9764508192775,0.033321580359190896,-0.596269055141698,0.5971993920268233,0.03856664393424872,-0.6901262212288172,0.6912030000310454,-2.842170943040401e-14,135.45225007330475
1187,297.1797098555901,4802.812599152949,0.01805859201559463,-0.607824518252405,0.6080927213298593,0.02090114816619749,-0.7035005998291725,0.7038110200577076,7.105427357601002e-14,137.41524759918786
1188,292.2659702128994,4918.740463036972,0.035313537209056334,-0.6164688642024786,0.6174794785588501,0.04087214954751891,-0.7135056298639798,0.7146753224060765,-2.842170943040401e-14,139.0203822146535
1189,292.0054282663337,4896.012394220781,0.03728025339110041,-0.6374346836269121,0.6385239174717312,0.04314844142488474,-0.7377716245681855,0.7390323118885779,2.5579538487363607e-13,142.7422746846342
1190,296.72196302332014,4783.697643854218,0.020482599104805394,-0.6502502862859117,0.6505728027523118,0.023706711926858096,-0.7526044980161016,0.7529777809633238,7.105427357601002e-14,144.83539277582938
1191,291.8305041916223,4870.358959081874,0.04024746400221235,-0.6595478532512876,0.6607747188618761,0.046582712965523555,-0.763365570892694,0.7647855542382824,-1.7053025658242404e-13,146.5749629322309
1192,291.42145734061853,4846.839155016651,0.044619895681036074,-0.6820292232662633,0.6834872321263719,0.05164339777897694,-0.7893856750766938,0.7910731853314491,-2.842170943040401e-14,150.48551481628655
1193,296.32606367121105,4757.4212732843525,0.026205671321884626,-0.700286369735246,0.7007765241832808,0.030330638104033136,-0.8105166316380163,0.8110839400269455,1.4210854715202004e-13,152.7118558693268
1194,291.06250527162086,4819.024940655194,0.05216854347581349,-0.7073144025434223,0.7092356596884749,0.06038025865256191,-0.8186509288697016,0.82087460612092,1.8474111129762605e-13,154.52284619506855
1195,290.68700735580836,4782.851104645278,0.06919608905681963,-0.7339560210559423,0.7372106480409993,0.08008806603798568,-0.8494861354814146,0.8532530648622676,-2.842170943040401e-14,158.7387076002588
1196,285.0849998373763,4878.533610961531,0.0777321177675345,-0.7069527620946098,0.7112133927070157,0.08996772889760939,-0.8182323635354279,0.8231636489664534,1.9895196601282805e-13,156.2748239839312
1197,286.3376344749699,4954.6094453323385,0.061314799204295015,-0.667926980808069,0.6707353847031224,0.07096620278274887,-0.7730636351945243,0.7763141026656509,-8.526512829121202e-14,148.37678013155318
1198,298.577633805918,4880.047282106869,0.011489900924805022,-0.44367805331553906,0.4438268049781673,0.013298496440746552,-0.5135162654115035,0.5136884316876936,8.526512829121202e-14,105.75549854357494
1199,295.3796953401965,5081.3106407588875,0.021594273613015507,-0.4366764231693134,0.43721003099748185,0.024993372237286465,-0.5054125268163349,0.5060301284693076,1.2789769243681803e-13,104.31017448755782
1200,295.6807270931271,5085.900268418167,0.020533030496201463,-0.42428981394995396,0.42478635990700603,0.023765081592825765,-0.49107617355318745,0.49165087952199776,-6.252776074688882e-13,101.63070167030544
1201,298.7874252614911,4891.484705162591,0.010429471757541385,-0.41859982497770715,0.4187297306766125,0.01207114786752475,-0.48449053816864246,0.4846408919868199,1.7053025658242404e-13,100.30515722163739
1202,295.87406966719385,5095.980947704653,0.01955963290796656,-0.41240842585866394,0.4128720006959972,0.022638464013850185,-0.47732456696604625,0.4778611119166635,1.4210854715202004e-13,99.00202784807048
1203,296.0211166840144,5108.286264582174,0.0187123779698052,-0.40102085047689773,0.4014571902538292,0.021657844872459725,-0.4641445028667797,0.46464952575674673,2.7000623958883807e-13,96.42431545075803
1204,298.93076971490575,4905.271201143063,0.009557933000307358,-0.3956682667322609,0.39578369266829316,0.01106242245405944,-0.4579493827919687,0.45808297762533934,-2.2737367544323206e-13,95.09343487879835
1205,296.17592038908936,5119.036964716404,0.01782967495003061,-0.39010584587324587,0.39051308338300833,0.020636197858831726,-0.4515113956866272,0.4519827353970004,-2.7000623958883807e-13,93.90594344243155
1206,296.3879864794372,5125.030772756897,0.01692954232352102,-0.37949535193514294,0.3798727833678821,0.01959437768926044,-0.4392307314064154,0.4396675733424561,-1.5631940186722204e-13,91.35027982709377
1207,299.1342919413968,4912.454142110346,0.008614227992490916,-0.37467171967923113,0.37477073318403475,0.009970171287605226,-0.4336478237028138,0.4337624226667069,0.0,90.08188116147159
1208,296.547972915055,5133.191429357077,0.016085697791175267,-0.36958898880978525,0.36993887376547574,0.018617705776823226,-0.4277650333446588,0.4281699927841154,1.2789769243681803e-13,88.92020099764076
1209,296.6861235459883,5142.324745807641,0.01529793636713578,-0.36001709736533544,0.36034197264883583,0.017705944869370115,-0.4166864552839531,0.41706246834356003,-1.4210854715202004e-14,86.5159747270912
1210,299.24940694400976,4924.518018580495,0.00781701743283141,-0.35558336917153066,0.3556692820485377,0.00904747388059191,-0.41155482543001237,0.411654261630252,1.1368683772161603e-13,85.2718192345702
1211,296.7373991066943,5159.22110236541,0.01462600306835056,-0.3507020453924534,0.35100690108344856,0.01692824429207241,-0.40590514513015447,0.4062579873651026,2.8421709430404007e-13,84.0483266559152
1212,296.69804066585505,5183.314464334532,0.013926455509298224,-0.34203627814137666,0.34231967768134164,0.016118582765391465,-0.3958753219228897,0.39620333064970104,9.947598300641403e-14,81.73463227560552
1213,299.40185588064384,4931.224253325958,0.007003245153960943,-0.3383599884275447,0.3384324559071938,0.008105607817084423,-0.39162035697632486,0.39170423137406685,2.842170943040401e-14,80.60180225141937
1214,296.9586128704162,5179.189169984351,0.013389534440355757,-0.3330839273486899,0.33335293952589773,0.015497146343004349,-0.38551380480172437,0.3858251614883075,-4.263256414560601e-14,79.28254985543141
1215,272.134911501579,3266.330427540224,0.26168973461661416,-0.08627831688343963,0.27554575875515336,0.30288163728774786,-0.09985916305953661,0.31891870226290897,-5.684341886080802e-14,179.80272731137813
1216,229.50678116976803,583.0546070682179,0.0009716467891681822,0.3166224066801849,0.31662389756529,0.0011245911911668776,0.3664611188428066,0.3664628444042709,1.5631940186722204e-13,36.08506649027983
1217,242.1442142434478,2412.8343736296147,0.047850733108781296,0.39668465681346693,0.39956027031008207,0.05538279294997835,0.4591257602007719,0.462454016562595,-5.684341886080802e-14,99.11512971280366
1218,291.0513637479798,5464.640502707266,0.03481801738323022,-0.3999353217331039,0.40144807373340363,0.04029863123059053,-0.46288810385775925,0.4646389742284765,2.4158453015843406e-13,96.43234073662164
1219,290.42638238366345,5425.641665573926,0.03810958619936478,-0.42270430656635144,0.42441874528586365,0.044108317360375904,-0.48924109556290674,0.49122539963641626,9.947598300641403e-14,101.52268319849867
1220,291.9222458907874,5554.418405274011,0.029062852357244446,-0.35947385782687724,0.36064678543982187,0.033637560598662554,-0.416057705818145,0.41741526092571984,2.5579538487363607e-13,86.69214025329242
1221,292.50193631593686,5577.528714738564,0.02605579790131153,-0.3419897810184402,0.3429809250167051,0.030157173496888345,-0.3958215058083798,0.39696866321377894,-1.7053025658242404e-13,82.03508638765926
1222,291.40470302248445,5519.245283100914,0.03199282059026195,-0.37875007293817736,0.38009887966158934,0.0370287275350254,-0.4383681399747423,0.43992925886758016,1.4210854715202004e-14,91.44302022504247
1223,292.9239554145973,5600.589078611767,0.023599771452923007,-0.32770581292359974,0.32855448412180827,0.027314550292734958,-0.37928913532824043,0.3802713936595003,2.842170943040401e-14,77.99972172345365
1224,286.62144994457066,5210.955357628646,0.05574061814658015,-0.5530344246361225,0.5558363890066662,0.06451460433631961,-0.6400861396251418,0.6433291539429007,-5.684341886080802e-14,127.55035543162725
1225,287.7674188500347,5259.722341075495,0.05104455686974049,-0.5195963584361917,0.5220976177748559,0.05907934822886631,-0.6013846741159625,0.6042796502023795,8.526512829121202e-14,121.26885289554001
1226,288.60775600256295,5312.15937939325,0.04710474700158258,-0.4890260580455597,0.49128946929245515,0.05451938310368354,-0.5660023819971757,0.5686220709403418,2.984279490192421e-13,115.29033588780457
1227,284.3252527027519,5078.1973391952415,0.06654747476816118,-0.6294171751120365,0.6329253879597777,0.07702254024092729,-0.7284921008241163,0.7325525323608538,7.815970093361102e-14,141.65251992682914
1228,285.5089482216121,5146.2806176795075,0.06058993301314633,-0.5905210690826856,0.5936213212251524,0.07012723728373417,-0.6834734595864417,0.6870617143809634,5.044853423896711e-13,134.5466605403457
1229,248.81612397134302,2848.5229315046363,0.07018560565363878,0.5737408346844223,0.5780177891945417,0.08123333987689674,0.6640518919958591,0.6690020708270159,3.126388037344441e-13,141.82493675354425
1230,246.71638136572452,2733.5851918646667,0.06230651343295438,0.5061835164422609,0.5100037783526937,0.07211402017703054,0.585860551437802,0.5902821508711733,-1.2789769243681803e-13,127.80578139357945
1231,253.24452747294515,3137.6382590747016,0.11927305224066671,0.6434893810750703,0.6544498793239875,0.13804751416743835,0.7447793762442944,0.7574651381064672,-1.4210854715202004e-13,164.36540184602043
1232,245.6261754077414,2662.6437205641605,0.058624615445593435,0.475798418625208,0.47939647547973524,0.06785256417314055,0.5506926141495464,0.5548570318052493,-2.4158453015843406e-13,121.02728192336156
1233,255.85934633887786,3295.463582854284,0.18308986305586208,0.5325153176463125,0.563111411251599,0.21190956372206263,0.6163371732017507,0.6517493185782397,2.2737367544323206e-13,171.2764073987031
1234,247.74386702586122,2784.864078862257,0.06600593034964113,0.5401479164263668,0.5441659254869484,0.07639575271949203,0.6251711995675541,0.6298216730173012,-9.947598300641403e-14,135.01887079864332
1235,244.34747039446714,2550.317557450853,0.054980520164763846,0.4489412442261082,0.4522953662872019,0.06363486130181001,0.5196079215579955,0.5234900072768539,1.4210854715202004e-13,114.46884313201703
1236,240.57804143804827,2315.105190572744,0.04337737770480706,0.36993498546389164,0.3724694489038198,0.05020529826945263,0.42816549243505975,0.43109889919423583,7.105427357601002e-14,87.28123698328037
1237,238.57780576425148,2214.449426052711,0.04012342249425457,0.36966026957985476,0.3718314187081336,0.04643914640538723,0.42784753423594307,0.4303604383195991,-5.684341886080802e-14,69.36020869331465
1238,239.28042073511807,2263.672946959564,0.041399697542259396,0.36270723180540715,0.3650622836729808,0.04791631659983727,0.4198000368118138,0.42252579128817225,-1.0658141036401503e-13,75.01641037728834
1239,241.3421970959158,2362.788503623926,0.04538824484878398,0.38144645968373325,0.38413733790886184,0.05253269079720368,0.4414889579672838,0.444603400357479,-1.9895196601282805e-13,93.17655389698903
1240,239.99511866527072,2301.6171580890623,0.042001807276083804,0.36300746764141656,0.3654293001086412,0.048613202865837736,0.42014753199238025,0.42295057882944587,-8.526512829121202e-14,81.34514555722068
1241,294.66803505424843,5699.046872341488,0.009646945848695873,-0.2665864007179875,0.26676089033435746,0.011165446584138742,-0.30854907490507816,0.3087510304795804,0.0,56.92134946457266
1242,294.3531184976919,5704.623834684,0.011875972152353628,-0.2733954291128587,0.2736532465993554,0.01374533813929818,-0.3164298948065494,0.3167282946751799,0.0,60.097037391241535
1243,293.8628417702822,5670.935281704064,0.01658085749413234,-0.29148044012397323,0.2919516600571161,0.019190807284875395,-0.33736162051385793,0.3379070139549955,-1.7053025658242404e-13,66.89482769093698
1244,294.1052652924134,5692.731330991764,0.014141712828905625,-0.2816537160174241,0.2820085172262693,0.016367723181603733,-0.325988097242389,0.32639874678966346,-1.9895196601282805e-13,63.38144422299817
1245,295.1862501858443,5701.922944258121,0.0015193102601050229,-0.2528468697773944,0.2528514343639227,0.0017584609491956282,-0.29264684002013236,0.29265212310639194,-1.8474111129762605e-13,44.971723847079254
1246,297.3645486522864,5372.73736628965,0.0014382670734085338,-0.25404980947256167,0.2540538807127719,0.0016646609645932103,-0.2940391313339834,0.29404384341756007,1.9895196601282805e-13,45.9264598315917
1247,294.78910747540533,5712.0941275425885,0.007584337024342861,-0.2611965832036608,0.2613066727915032,0.008778167852248683,-0.3023108601894222,0.30243827869386947,-8.526512829121202e-14,53.86425583249933
1248,294.92174540354,5732.6125078901205,0.003519625556143557,-0.2542814348323233,0.25430579203871967,0.004073640689980969,-0.29430721624111494,0.29433540745222186,-1.4210854715202004e-14,47.90157575692761
1249,294.7993441280384,5734.693472111456,0.005515597183971936,-0.25701687510759036,0.25707605081447504,0.006383793037004555,-0.2974732350782296,0.29754172547971647,2.7000623958883807e-13,50.79310314614538
1250,236.07210237701415,2068.1637782182916,0.009416811503376792,0.32426312084155645,0.32439982718367155,0.010899087388167583,0.37530453801106073,0.3754627629440643,4.263256414560601e-14,42.78867138136648
1251,236.02220873719912,1988.6711199648398,0.014155166756984975,0.33984333665246574,0.34013800465840216,0.016383294857621498,0.39333719519961313,0.3936782461324099,-5.684341886080802e-14,48.83163055429211
1252,235.93072947202083,2059.369732808263,0.006817768669643368,0.31915239229503584,0.319225204952988,0.007890935960235379,0.3693893429340693,0.36947361684373614,0.0,39.955965729637356
1253,237.12294835721116,2131.556919987589,0.021164386917730375,0.36136488843478226,0.36198413482787617,0.024495818191817564,0.4182463986513684,0.41896311901374567,8.526512829121202e-14,55.577552883364525
1254,235.460657160383,1974.7840794332344,0.001885283108236429,0.3140172127752761,0.3140228721153146,0.0021820406345329038,0.36344584811953257,0.3634523982816142,-1.4210854715202004e-14,34.50893179930254
1255,232.74039720679275,1337.3780830023118,0.0017656132296304488,0.31551365530716513,0.31551859545098965,0.002043533830590797,0.36517784179070034,0.3651835595497565,4.263256414560601e-14,35.39559543879768
1256,236.16675541462197,2058.4431822311094,0.012030956147914133,0.33102214665259777,0.33124070625502383,0.013924717763789507,0.38312748455161777,0.3833804470544257,8.526512829121202e-14,45.74669132701052
1257,236.76186857271304,2106.116267093812,0.017690920225251934,0.34996321344922116,0.35041007323723067,0.02047560211256011,0.40505001556622816,0.40556721439494287,-1.8474111129762605e-13,52.082212086840066
1258,235.84045605625795,2054.8739090469217,0.0043017426190405566,0.31574746896170636,0.31577677106665747,0.004978868772037681,0.36544845944641935,0.36548237391974236,7.105427357601002e-14,37.161688451264524
1259,295.9126931068419,4715.298364706404,0.051013376291863866,-0.7744494668900281,0.7761277867251913,0.059043259597064655,-0.8963535496412364,0.898296049450453,-2.5579538487363607e-13,161.2620650894458
1260,277.69059134274437,4663.266140785112,0.17915625862672457,-0.5859623414459093,0.612738794755072,0.20735678081796824,-0.678197154451284,0.7091884198554076,1.8474111129762605e-13,169.8203361794955
1261,274.1511317964701,4446.706854523693,0.1949098335455044,-0.3560548566913651,0.4059124341360397,0.22559008512211157,-0.4121005285779689,0.46980605802782377,8.526512829121202e-14,174.51151784180726
1262,265.56295997587563,3820.51078166256,0.16314801107204557,0.010604881101029483,0.1634923148650458,0.18882871651857128,0.012274167941006347,0.18922721627898823,1.1368683772161603e-13,178.62892277078288
1263,268.18350732241646,3952.4131676893226,0.1639569492494042,-0.0670026858542798,0.1771192849998526,0.1897649875571808,-0.07754940492393494,0.2049991724535331,1.1368683772161603e-13,178.42211697169924
1264,262.81842448197233,3744.464866934926,0.16870986084838221,0.12054411326698612,0.20734970554790877,0.19526604264859052,0.13951864961456728,0.23998808512489442,1.8474111129762605e-13,177.86551598453576
1265,271.08115307970286,4175.5775269397445,0.17608886008086305,-0.17226979594070216,0.24634157025972886,0.20380655101951742,-0.1993863378943312,0.28511755817098244,-1.4210854715202004e-14,177.21434640019604
1266,259.4531935632964,3526.665828712645,0.19720393453687204,0.30224023357656354,0.3608857860726003,0.22824529460286122,0.3498150851580597,0.4176918820284726,-9.947598300641403e-14,175.74114414312405
1267,299.8657972933101,4997.922938193008,0.0008007798430906236,-0.2549364276023467,0.2549376852625042,0.0009268285220956294,-0.2950653097249383,0.2950667653501206,0.0,46.67424203622954
1268,231.7943162607011,1098.9123201627044,0.004254062054190957,0.32282813335384103,0.3228561610511503,0.004923682933091385,0.37364367286324196,0.37367611232772024,-1.4210854715202004e-14,41.27650838473875
1269,229.46907452473778,564.1710522031597,0.002388111281698345,0.32450012397848393,0.3245089113376476,0.0027640176871508624,0.3755788471973194,0.37558901775190695,-4.263256414560601e-14,41.94540017443887
1270,297.4993088066414,5354.827967636274,0.0006010804273362993,-0.25346348105721705,0.25346419377758733,0.0006956949390466427,-0.2933605104828901,0.29336133539072606,-1.9895196601282805e-13,44.13330967355089
1271,232.58628876984147,1303.701404123928,0.0007449009861585998,0.31478547262274287,0.31478635397965204,0.0008621539191650461,0.36433503775780424,0.36433605784681944,-2.1316282072803006e-14,33.721993633810655
1272,289.4182932217609,5400.845198425523,0.04209516034669128,-0.4476130400685752,0.4495880738676745,0.04872125040126305,-0.5180706482275177,0.5203565669764751,-9.947598300641403e-14,106.89754003522074
1273,243.2959003364936,2522.9773505664093,0.0509394389430723,0.4152074898366614,0.4183205541881683,0.05895768396188924,0.4805642243479878,0.48416730808815783,1.5631940186722204e-13,105.21003079648118
1274,243.7684264088765,2554.2773670453244,0.0524216268463647,0.4257778365801264,0.4289927657712567,0.06067317922032952,0.4927984219677389,0.4965194048278434,-2.4868995751603507e-13,108.34837963867733
1275,289.0166579468756,5378.122643068793,0.043943602172147135,-0.46099897639870185,0.4630886485463823,0.05086065066220733,-0.5335636300910901,0.5359822321138684,-8.526512829121202e-14,109.71539286601453
1276,292.55271709935744,5237.162957334443,0.0315935170196369,-0.44238156462558725,0.44350828519685254,0.03656657062457974,-0.5120156997981334,0.5133197745333942,-1.7053025658242404e-13,105.6021218474606
1277,240.33343650717785,1979.5720171367357,0.042934395545194924,0.4111209316234287,0.41335672577054705,0.0496925874365682,0.4758344116011906,0.47842213630850344,1.4210854715202004e-13,103.77020282435547
1278,292.8015717590848,5255.062027628237,0.030109296115829475,-0.42973363068535025,0.4307871435577015,0.03484872235628411,-0.4973768873673035,0.4985962309695619,-7.105427357601002e-15,102.9286063259228
1279,239.9791162282268,1959.7885473214146,0.0421318450555063,0.40161988862682724,0.4038237577315212,0.04876370955498414,0.4648378340588278,0.46738860848555686,-1.0658141036401503e-13,100.71587306927314
1280,296.28315253719484,5480.023432318988,0.007096429206292231,-0.2657747910596361,0.2658695147441187,0.008213459729504899,-0.3076097118745788,0.3077193457686559,3.552713678800501e-14,56.17040778499127
1281,241.15257461590042,2037.1970560626519,0.044697605431599924,0.4322855927566567,0.43459027788975335,0.05173333961990733,0.5003305471720564,0.5029980068168441,1.1368683772161603e-13,109.99146764352933
1282,293.11855151566846,5267.302711884896,0.028701344711804744,-0.41773460117184963,0.41871943375543264,0.03321914897199623,-0.48348912172667785,0.48462897425397294,-1.9184653865522705e-13,100.29832190176771
1283,291.9122282916403,5204.444118494511,0.03446171105281189,-0.4691442951652833,0.4704083111668181,0.039886239644458206,-0.542991082367226,0.5444540638504839,1.9895196601282805e-13,111.1885712780454
1284,239.70115424010726,1953.251990870219,0.04144821698436579,0.3930957346911578,0.3952748554152721,0.047972473361534484,0.4549719151518031,0.45749404561952783,1.2434497875801753e-13,97.75860664563349
1285,241.4687495743305,2047.7904572136965,0.04544166877988302,0.44396487119799727,0.4462843848034064,0.052594524050790535,0.5138482305532376,0.5165328527817203,1.1368683772161603e-13,113.12866162279549
1286,293.3682509237988,5282.319849827053,0.02742630692519378,-0.40625070102624833,0.40717543442093007,0.031743410793048356,-0.4701975706322319,0.47126786391311354,2.3447910280083306e-13,97.72795758976645
1287,291.6766938983956,5181.927072505919,0.03574431496146562,-0.4833171981792697,0.4846371530412458,0.041370734909103736,-0.5593949053000807,0.5609226308347753,-1.0658141036401503e-13,114.05424153895741
1288,239.33319565333122,1929.2125720066492,0.04082813950014043,0.38538915123771295,0.38754578422009406,0.04725479108812549,0.44605225837698254,0.4485483613658495,-9.947598300641403e-14,94.76203847554348
1289,241.8520430001188,2069.705917594712,0.04635306152834379,0.45658122902925574,0.4589281261972468,0.053649376768916436,0.5284504965616387,0.531166812728295,4.263256414560601e-14,116.32577866650301
1290,234.0202354589149,1582.4963782026462,0.00873638139484015,0.32991571983131296,0.33003137207194333,0.010111552540324248,0.38184689795290855,0.3819807547128974,0.0,44.935424332980986
1291,291.3158203788133,5164.377241361071,0.03724464215962014,-0.49815975640909577,0.49955010386863874,0.04310722472178256,-0.5765737921401571,0.5781829905887023,-9.947598300641403e-14,116.96683923185292
1292,293.5908084274009,5297.822452832886,0.02618612649520265,-0.3952473222912114,0.3961138207626635,0.03030801677685492,-0.457462178577791,0.45846507032715683,5.044853423896711e-13,95.21190162519883
1293,296.1983758007353,5478.595612039744,0.007913897500840934,-0.2688667487458663,0.26898319344306,0.009159603588936268,-0.3111883666040119,0.31132314055909716,1.1013412404281553e-13,57.73129114632907
1294,238.96686170957253,1904.730801298798,0.04033828719212786,0.37851863326628393,0.3806619670302907,0.04668783239829614,0.43810026998412493,0.4405809803591328,2.1316282072803006e-13,91.78347185285905
1295,296.28141956468846,5492.107999611384,0.006290130396361205,-0.26304522098816446,0.26312041734748653,0.00728024351430695,-0.30445048725482,0.30453752007810947,-1.2079226507921703e-13,54.64261081036469
1296,290.96633158253945,5144.470838943092,0.03883918683860906,-0.513574788285456,0.5150413047482069,0.044952762544686414,-0.5944152642192778,0.5961126212363507,-7.815970093361102e-14,119.97096217158865
1297,233.97696712481502,1594.5891426971125,0.006685821456812115,0.3236391772512294,0.32370822859545145,0.007738219278717724,0.3745823810778119,0.37466230161510594,0.0,42.089158637243756
1298,296.17279696811505,5466.992797848039,0.008731710991002038,-0.2723864934716006,0.2725264108349587,0.010106146980326433,-0.31526214522175994,0.3154240866145355,-1.4210854715202004e-13,59.38017810946764
1299,238.6305515159965,1885.6356048439243,0.04005995960878699,0.37263602214373676,0.37478314444884675,0.04636569399165161,0.4312916922959917,0.4337767875565356,-3.907985046680551e-14,88.82600681498431
1300,242.23682118591913,2088.733237076005,0.047416263066870606,0.47043514379141965,0.4728187036457847,0.05487993410517431,0.5444851201289579,0.5472438699603989,0.0,119.73246306656502
1301,293.8583339203186,5309.843563448818,0.024991949665808134,-0.3843989726217765,0.3852105498305772,0.028925867668759413,-0.44490621831224136,0.44584554378539026,1.1368683772161603e-13,92.6347031049653
1302,242.69989418329249,2121.6118950660184,0.048609871531594274,0.48484135666102013,0.48727206028995407,0.05626142538378968,0.5611589776169215,0.5639722920022617,1.2789769243681803e-13,123.11659838572582
1303,290.5988850882814,5123.705250514569,0.04049998170866987,-0.5296557337996542,0.5312018871062609,0.04687497882947902,-0.6130274696755258,0.6148169989655798,4.263256414560601e-14,123.05416516911576
1304,294.0483328874725,5325.609502470505,0.023836826723901406,-0.3742686730462663,0.37502697760571607,0.02758891981933033,-0.4331813345442897,0.4340590018584677,4.973799150320701e-14,90.16948369347159
1305,238.2989705138198,1867.3362476814723,0.04001658011595833,0.36782643767772516,0.36999677693037053,0.04631548624532214,0.42572504360847824,0.428237010336077,2.0250467969162855e-13,85.86847516800408
1306,296.37096743636846,5490.011882631692,0.005447451632224132,-0.2606566948677575,0.2607136116674169,0.006304920870629782,-0.30168598943027486,0.30175186535580656,-2.1316282072803006e-14,53.0983222813687
1307,296.11966422151204,5457.830713466345,0.009583595127752881,-0.2761925110006021,0.2763587314133396,0.011092123990454722,-0.31966725810254876,0.3198596428395135,1.2079226507921703e-13,61.04488231009365
1308,258.71155640248816,3127.016443199825,0.26497223869497283,0.23177973049546965,0.352039956180514,0.30668083182288514,0.26826357696234915,0.40745365298670594,-1.9895196601282805e-13,177.27676170769232
1309,290.1800129592851,5103.313557614777,0.042271055165351464,-0.5464728521529372,0.548105300325547,0.04892483236730494,-0.6324917270288625,0.6343811346360498,-5.684341886080802e-14,126.2165418181042
1310,237.9855051135321,1852.9604204570012,0.040258050217699515,0.3641938163530032,0.366412126542089,0.04659496552974481,0.42152062077893887,0.4240881094237141,1.7053025658242404e-13,82.89846374699074
1311,243.12424475220462,2146.586654924831,0.049720845752283284,0.5001450727586055,0.5026104419001193,0.0575472751762538,0.5788716119891267,0.5817250484955083,-5.684341886080802e-14,126.57087067440125
1312,294.26538606836976,5337.6603419501,0.02262001657616364,-0.36464050311102664,0.36534143162111865,0.02618057474093014,-0.42203761934146594,0.42284887919110953,1.1368683772161603e-13,87.75500481995903
1313,243.41399087640428,2144.5706810560396,0.050818493728336904,0.5168854281924721,0.5193775747782458,0.05881770107446401,0.5982470233709168,0.6011314522896364,6.750155989720952e-14,130.3629513259304
1314,294.61161203321757,5338.7697269710325,0.021340446940383468,-0.3551798309958541,0.35582035779569837,0.024699591366184576,-0.41108776735631264,0.41182911781909537,-7.105427357601002e-15,85.21631738942598
1315,289.91276063448726,5073.175329122322,0.043977400186469125,-0.5646286833934147,0.5663387341845353,0.05089976873433927,-0.65350542059423,0.6554846460469159,-2.842170943040401e-14,129.72606333679406
1316,237.47343843767567,1802.0369019960024,0.04092247274409586,0.3619049191243923,0.3642112289069685,0.04736397308344429,0.4188714341717503,0.42154077419788016,-1.9895196601282805e-13,79.6407182625887
1317,244.2358158529695,2184.1529052810106,0.05375110761707985,0.552767820059685,0.55537504847049,0.062211930112360946,0.6397775695135243,0.6427951949889932,-1.9895196601282805e-13,137.77713289144222
1318,243.86918707471682,2172.3931244738465,0.05221442246055321,0.534393659490842,0.5369384780558226,0.060433359329343996,0.6185111799662524,0.6214565718238688,1.7053025658242404e-13,134.00851485586287
1319,295.0473058000712,5354.3279180159,0.019254037101567287,-0.3378251103391307,0.3383733487146326,0.022284765163851028,-0.39100128511473464,0.39163582027156557,4.263256414560601e-14,80.55342668448792
1320,296.4915446868975,5482.224335953433,0.004601414083155639,-0.25852449828551327,0.25856544476271576,0.0053257107443931,-0.2992181693119367,0.2992655610679581,-2.2737367544323206e-13,51.48008449344649
1321,294.79995951560403,5350.000079439316,0.0202107509251828,-0.34629027948638774,0.3468795642866848,0.02339207283007269,-0.4007989345907266,0.40148097718366305,-8.526512829121202e-14,82.87121748221783
1322,233.83061993989708,1570.5403315454494,0.005660863936662934,0.321057106442831,0.32110700860920605,0.006551925852619138,0.3715938731977211,0.3716516303347292,1.4210854715202004e-13,40.58655829116971
1323,296.02036010887775,5453.668647149081,0.010440731536617105,-0.28036728998978605,0.2805616263341024,0.01208418001923276,-0.32449917822891905,0.32472410455335926,2.5579538487363607e-13,62.705960036640356
1324,296.5260072821129,5485.020696521033,0.0037868057587495015,-0.25677696013628076,0.256804881485309,0.004382877035589701,-0.2971955557132879,0.297227872089478,1.6342482922482304e-13,49.93060017081789
1325,275.2435292950689,4165.0718003995,0.26123039558139877,-0.2878780045829006,0.38873521206374734,0.30234999488587816,-0.3331921349339127,0.4499250139626705,-1.9895196601282805e-13,176.06459431318098
1326,296.01955094708734,5434.00020837809,0.01134622714060497,-0.2850640377911263,0.2852897518525804,0.01313220733866316,-0.3299352289249147,0.3301964720515977,0.0,64.53102706989954
1327,233.68098184815167,1544.2696911949042,0.00460091220567837,0.3188258243434091,0.3188590200407991,0.005325129867683298,0.36901137076783463,0.36904979171388785,7.105427357601002e-14,39.025978162075916
1328,289.57080946971365,5044.388849133705,0.04573815923068075,-0.5838264437903868,0.5856153137331203,0.052937684294769395,-0.6757250506833182,0.6777955020059263,6.394884621840902e-14,133.34256091515542
1329,286.27279436365495,4805.020614661134,0.09588071033078885,-0.7280482533311389,0.7343346442815147,0.11097304436433894,-0.8426484413554849,0.8499243568073088,-1.9895196601282805e-13,160.57610999378102
1330,237.02575299607034,1765.6820049713137,0.04222845086888282,0.361590149526063,0.3640476319069611,0.04887552183898475,0.4185071175070174,0.4213514258182421,-1.1723955140041653e-13,76.35679010818912
1331,296.4708974426995,5499.250403651055,0.003047774704994389,-0.2553849724633799,0.2554031579498846,0.0035275170196694314,-0.2955844588696526,0.2956055068864405,1.1368683772161603e-13,48.47957946136276
1332,234.40972957871125,1642.2336845744767,0.010879188375775903,0.33745197382669023,0.33762729655530643,0.01259165321270359,0.3905694141512619,0.3907723339760492,2.1316282072803006e-14,47.8871451191153
1333,283.12242837669584,4644.939732616961,0.21215387724770376,-0.6773857855087426,0.7098315082049613,0.24554846903669417,-0.784011325820304,0.8215642456075941,1.6697754290362354e-13,168.5319974228208
1334,233.68527283508797,1551.2848503604332,0.0036753964956069856,0.31707779780759354,0.3170990987087682,0.004253931129174752,0.36698819190693693,0.3670128457277409,-1.5631940186722204e-13,37.61535787554941
1335,233.95795501172597,1580.6929245579436,0.007690843386384458,0.3264184597043252,0.326509050269266,0.008901439104611641,0.37779914317630237,0.37790399336720604,-2.842170943040401e-14,43.40437943223789
1336,295.77242341479734,5423.28079981504,0.013357906639280168,-0.2956879228626035,0.2959894954159432,0.015460540091759456,-0.34223139220208737,0.34258043450919357,1.0658141036401503e-13,68.13487523438076
1337,278.7946882613069,4836.478058391829,0.11736880618320238,-0.6913603830333778,0.7012521771038782,0.13584352567500274,-0.8001856285108537,0.8116344642405996,-2.842170943040401e-14,163.51101212857722
1338,295.8635616565119,5433.840745085375,0.012266479738255752,-0.29018031509220205,0.29043946321424485,0.014197314511870082,-0.33585684617153017,0.33615678612759825,2.8421709430404007e-13,66.27505164759779
1339,289.3205927898399,5012.251006723695,0.0477533623750801,-0.6035791642748594,0.605465268339038,0.0552700953415279,-0.6985869956884946,0.7007699865035163,-8.526512829121202e-14,137.03395729625132
1340,236.50632811724435,1715.9875914057986,0.04378971183513706,0.3640993651936661,0.366723174338676,0.050682536846223446,0.4214113023074839,0.4244481184475417,0.0,73.05442422340889
1341,295.64916416382596,5391.660171986927,0.014814482268850373,-0.308415953018231,0.3087715481728162,0.017146391514873117,-0.3569629085859155,0.3573744770518706,2.842170943040401e-14,72.01126563185379
1342,296.3402335142626,5523.138636794019,0.0024450733372741234,-0.2544043530308432,0.2544161025262877,0.0028299459922154213,-0.29444948267458704,0.29446308162764784,5.684341886080802e-14,47.180624568706115
1343,288.8033066303659,4987.25464197895,0.05021741614050431,-0.6239190452057511,0.6259367091442111,0.058122009421879985,-0.7221285245436935,0.7244637837317258,-1.5987211554602254e-13,140.66788250748155
1344,229.21324188478062,516.3171047872114,0.00023261584304934787,0.31536741126591167,0.3153674970549329,0.0002692312998256341,0.36500857785406443,0.3650086771469131,2.842170943040401e-14,33.436155061829766
1345,300.21788598938485,4947.006896915298,0.00018932134313041617,-0.25393429935735734,0.25393436993184465,0.00021912192491946314,-0.29390543907101546,0.29390552075444987,8.526512829121202e-14,43.827377392519324
1346,249.0994526152757,2507.8681930517773,0.14769461852979873,0.6677817660830742,0.6839197229614689,0.17094284552060035,0.7728955625961508,0.7915737534276261,4.156675004196586e-13,166.24544644849163
1347,235.63681769377462,2017.7286355937667,0.0009121619626295625,0.3135591750794808,0.3135605018428988,0.0010557430123027344,0.36291571189754723,0.3629172475033552,1.2789769243681803e-13,33.39610681091426
1348,295.04487238820127,5724.954443176417,0.0007344844415715869,-0.25247764621553365,0.25247871456012105,0.0008500977333004478,-0.2922194979346454,0.2922207344445845,-2.842170943040401e-14,43.782864561308045
1349,234.98662189428387,1608.4733074269843,0.02588485794227985,0.37961909659269805,0.3805005707861004,0.029959326322083157,0.43937395438969684,0.4403941791505792,-1.7053025658242404e-13,61.094227027111025
1350,234.21002785602678,1610.8692664602524,0.009881336100271679,0.333903883526211,0.33405006247119906,0.011436731597536665,0.3864628281553368,0.386632016749073,9.947598300641403e-14,46.53932760520942
1351,292.5935156070309,5702.369983173236,0.02234123154883864,-0.3136346867185914,0.3144293996117217,0.02585790688522991,-0.36300310962799937,0.3639229162172706,2.2737367544323206e-13,73.9276624790214
1352,248.16602697283966,2460.6180422397083,0.10399542171015462,0.6682662388109698,0.6763097024819569,0.12036507142379006,0.7734562949201041,0.782765859354117,-4.263256414560601e-14,162.14964748354646
1353,288.1114829277171,4964.816207327515,0.05405858035537096,-0.6446022116218689,0.6468650101356873,0.0625678013372349,-0.7460673745623483,0.7486863543237121,8.526512829121202e-14,144.29052913807598
1354,245.41787488938854,2339.141279963463,0.05726411590597706,0.5663703381616102,0.5692578843720918,0.0662779119282142,0.655521224724086,0.6588632920973286,5.684341886080802e-14,140.32651118975843
1355,238.76776618950677,2346.0162457494894,0.032977744398169785,0.3753090322486747,0.37675509460792667,0.03816868564602984,0.4343854539915216,0.4360591372776929,5.684341886080802e-14,63.78337303278622
1356,250.60377281406667,2595.0758140806647,0.2168228749230341,0.623454018414453,0.6600811102940447,0.25095240153128945,0.7215902990908022,0.7639827665440333,-8.881784197001252e-14,170.06401320098203
1357,234.51826044528133,1587.6631417878007,0.01597641680530444,0.36046379014661395,0.3608176684986462,0.018491223154287546,0.41720346081784027,0.4176130422438035,0.0,54.9675281256433
1358,234.34788394035292,1590.8929402421275,0.013235876303816894,0.3486423174095498,0.3488934707188302,0.015319301277565847,0.4035212007054974,0.4038118874060534,1.616484723854228e-13,51.45410945917805
1359,294.6591902920312,5411.274368510571,0.019294240610754788,-0.33193058253842256,0.3324908710702329,0.02233129700318841,-0.38417891497502604,0.3848273970720288,5.684341886080802e-14,79.0137330921484
1360,234.78746190302712,1622.512852330427,0.018164252041259977,0.3668065912028445,0.3672560624442694,0.02102343986256942,0.424544665744033,0.4250648870882748,0.0,56.81045926915766
1361,293.0275727110576,5717.410290803154,0.019881783938940134,-0.3013692363488456,0.30202433999610206,0.023011324003402934,-0.3488069865148676,0.3495652083288218,2.842170943040401e-14,70.18377220612354
1362,238.16410778965343,2294.255852140274,0.026395967552502324,0.3707986745012062,0.3717370093424708,0.030550888370951768,0.4291651325245442,0.4302511682204523,-5.684341886080802e-14,59.17826856883584
1363,246.42885867503853,2328.9997717916967,0.06724578269766664,0.63548633887696,0.6390343356892995,0.07783076701118823,0.7355165959224075,0.739623073714467,8.526512829121202e-14,153.73305293917844
1364,233.97496754260973,1622.4455515526063,0.0029572820916164,0.3159455496150107,0.3159593895406506,0.003422780198630093,0.36567771946181793,0.3656937378942715,5.684341886080802e-14,36.5455287929215
1365,287.4949214423975,4893.163896617268,0.06288751832005421,-0.6896817698885312,0.6925429832703759,0.07278647953709978,-0.7982427892228372,0.8015543787851573,-1.1368683772161603e-13,152.1809712276654
1366,253.00950982405382,3238.623341393457,0.09179582975943179,0.6416233686943474,0.6481566335507992,0.10624517333267569,0.7426196396925318,0.7501812888319436,0.0,157.08802605857693
1367,251.5324764048994,3147.213705627787,0.08029750382004867,0.6101030774762992,0.6153644889541335,0.09293692571764893,0.7061378211531241,0.7122274177709879,3.694822225952521e-13,149.25636493081075
1368,253.05836732146463,2760.063834424224,0.27881318684588213,0.5119186428668433,0.5829215127903477,0.32270044773828954,0.5924984292440317,0.6746776768406803,4.263256414560601e-14,173.27862027629078
1369,281.7933823106906,5036.064340526864,0.07680820546050146,-0.6647794180195329,0.6692018940861207,0.08889838594965446,-0.7694206227077928,0.7745392292663434,1.7053025658242404e-13,148.31056428314696
1370,280.3608865801803,4947.431602332095,0.08820134533168109,-0.6972007244297324,0.7027576591284239,0.10208489043018645,-0.806945282904783,0.8133769202875278,1.1368683772161603e-13,155.91164762183692
1371,236.70212406846917,1798.8973076440825,0.04394606823671486,0.36756576895124654,0.3701835374759217,0.05086350490360516,0.42542334369357243,0.4284531683749095,2.842170943040401e-14,70.75584945693656
1372,280.4809016369652,4501.579002428117,0.2743135939008126,-0.5646139385113188,0.6277235437356505,0.3174925855333479,-0.6534883547584709,0.7265318793236697,-2.842170943040401e-14,171.83863091646452
1373,234.28177847716785,1593.5761003821,0.012248114300512583,0.34400467786272654,0.3442226527922831,0.01417605821818586,0.39815356234111865,0.39840584813921653,0.0,49.8661841547757
1374,234.43592386079655,1590.1974695311478,0.014483579325378531,0.3543807061018129,0.3546765553674136,0.016763401996965892,0.41016285428450566,0.410505272415988,-8.526512829121202e-14,53.221572782160365
1375,297.92327053483945,5098.063688034692,0.010865717452854732,-0.326504219242418,0.3266849690433679,0.012576061866730015,-0.37789840190094676,0.3781076030594536,-8.526512829121202e-14,77.20202541611744
1376,261.1639619873518,3292.646488972747,0.2295146354518657,0.13911142223423884,0.26838210760524905,0.26564193918040013,0.16100859054888753,0.31062743935792714,0.0,178.2529956004452
1377,255.94517355150222,2952.8764032600334,0.2924298881787554,0.3615638349446433,0.46502004928832547,0.33846051872541133,0.4184766608155594,0.5382176496392657,-4.263256414560601e-14,175.6469227310771
1378,232.75589603017494,1032.2977194378493,0.05418572498673439,0.37697540456605394,0.3808497714848705,0.06271495947538704,0.43631412565515504,0.4407983466260075,0.0,67.94764816574936
1379,270.8327043094486,3912.009102550716,0.20027085385598248,-0.1303939336072028,0.23897906357202905,0.23179496974072045,-0.1509189046379662,0.2765961383935521,-2.842170943040401e-14,178.09331761188943
1380,240.27537190356617,1505.0300854545696,0.03859169886306578,0.5846567105477651,0.5859289960478751,0.044666318128548356,0.6766860075784319,0.6781585602405962,-3.126388037344441e-13,143.6311719808756
1381,273.0355040039525,4058.232172183069,0.23096435424347544,-0.20970944307572767,0.31196567671177783,0.2673198544484669,-0.24271926281912926,0.3610713850830762,-4.831690603168681e-13,177.11215725097864
1382,277.85399362218755,4335.271929836649,0.286358622552417,-0.4149806783412728,0.5041926458276643,0.33143359091714936,-0.4803017110431398,0.5835563030412781,2.8421709430404007e-13,174.26466423406845
1383,267.0082383042231,3612.688301888619,0.18165262894608944,-0.028404492706985657,0.18385998153205296,0.21024609831723318,-0.03287557026271488,0.21280090455098724,-3.126388037344441e-13,179.09472472950532
1384,263.037151322563,3414.1850956876433,0.20540274644262008,0.08289969944020624,0.2215008993513295,0.23773466023451398,0.09594872620394242,0.2563667816566314,-2.842170943040401e-14,178.76390921789036
1385,295.2291875787674,5392.659369315915,0.016823101790209134,-0.3201532632944415,0.3205949605841048,0.01947118262755687,-0.37054775844264065,0.37105898215752875,3.694822225952521e-13,75.75481478269062
1386,235.7976193180608,1700.9372943656483,0.03977765098990433,0.37917246472191524,0.3812532223097488,0.046038947904981864,0.4388570193540686,0.44126530359924626,-1.1368683772161603e-13,65.78674224660617
1387,245.81525162414061,2324.470934407957,0.05943303191016988,0.5985153729028444,0.6014590068184749,0.06878823137751144,0.6927261260449589,0.6961331097436052,2.8421709430404007e-13,146.4985842893525
1388,237.94024141803638,3057.19044952277,0.08433511432356795,0.13087315816094683,0.15569262999573705,0.0009761008602264809,0.0015147356268628103,0.0018019980323580674,6.366462912410498e-12,32.69595367458407
1389,293.19091135608954,6505.053438389991,0.067929390899684,-0.10535770784981795,0.1253580821142764,0.0007862198020796759,-0.0012194179149284483,0.001450903728174495,-9.094947017729282e-12,42.973737562887194
1390,238.01947719191207,3005.902344656309,0.5467483693849857,0.15853174614202317,0.5692680334956282,0.006328106127141038,0.001834858172940083,0.006588750387680881,-5.4569682106375694e-12,35.58325266193648
1391,238.22329023412686,3022.0946235128104,1.0214047111935975,0.16249116645642803,1.0342489851214973,0.011821813786962935,0.0018806847969493983,0.011970474364832144,-1.2732925824820995e-11,38.56977545662557
1392,238.42883104292716,3075.6484193772862,1.3435907113380512,0.16107868689931593,1.3532118618187983,0.015550818418264481,0.0018643366539272677,0.01566217432660646,-5.4569682106375694e-12,40.27526514982481
1393,239.00688262863673,3066.4767424436777,2.009841561234025,0.17389100884840333,2.017350040082766,0.02326205510687529,0.00201262741722689,0.02334895879725424,9.094947017729282e-12,44.934045905673855
1394,239.38558513883257,3131.099199759833,2.3568079958010673,0.17432391928197152,2.36324623302475,0.02727787032177161,0.002017637954652448,0.027352386956304976,0.0,46.66543465813587
1395,240.06826680837443,3177.1728809615915,2.8977638844162805,0.182039863520302,2.9034761996162155,0.033538933847410655,0.00210694286481831,0.03360504860666916,-1.0913936421275139e-11,50.33967280583129
1396,240.6016993233958,3211.498771363166,3.2686918461276506,0.18418650445545384,3.273877067540091,0.03783208155240336,0.002131788246012197,0.03789209568912143,1.8189894035458565e-11,53.22952415456778
1397,242.5844229897384,3290.754962440673,4.363407144508279,0.1834326259026028,4.367261091003309,0.05050239750588285,0.0021230627997986438,0.05054700336809385,1.0913936421275139e-11,65.14876283985176
1398,243.78949520273994,3394.3528855306636,4.9128632818469695,0.18670000300384684,4.916409514802628,0.056861843539895464,0.0021608796643963757,0.056902887902808175,9.094947017729282e-12,69.49969233756765
1399,238.68878570120728,3068.864020037478,1.6724518397938468,0.16706460212137134,1.6807753382626112,0.019357081479095446,0.0019336180801084641,0.01945341826692837,-1.4551915228366852e-11,42.52012907416251
1400,241.19853830390346,3225.4725824456273,3.6390197249155647,0.1846265287130223,3.6437002502166904,0.04211828385318941,0.0021368811193636836,0.042172456599730214,-1.8189894035458565e-11,57.12658756042812
1401,241.86073496978608,3260.6214772349563,4.002892235333182,0.18174134625722047,4.007015867778673,0.04632977124228221,0.0021034878039030147,0.046377498469660564,7.275957614183426e-12,60.93682962425746
1402,244.6726996985922,3465.5291947754176,5.2922499112109795,0.1911569675502164,5.295701097017808,0.061252892490867815,0.0022124649022015794,0.061292836771039444,-2.1827872842550278e-11,72.32316527327089
1403,245.62112439209594,3485.1750570199856,5.6865792437785485,0.20492822950745906,5.690270562549911,0.06581688939558505,0.0023718545081881834,0.06585961299247581,-1.0913936421275139e-11,78.01176404751742
1404,246.64184262928802,3545.2410206979007,6.099599265430566,0.21443741036751193,6.103367480482085,0.07059721372026118,0.0024819144718462027,0.07064082732039448,1.6370904631912708e-11,82.09329080838809
1405,272.57965091329385,5177.481832110252,11.029234543061605,-0.22829903550938868,11.031597121699008,0.12765317758173153,-0.002642349948025332,0.12768052224188667,-9.094947017729282e-12,122.70747384763591
1406,256.95219152565824,4186.266969633414,10.079026503999339,0.3215941020629203,10.084155791874835,0.11665539935184417,0.003722153959061577,0.11671476610966243,0.0,116.6998390817988
1407,263.6137219314496,4625.085863136198,11.578396542081002,0.06732514280789133,11.578592278879475,0.13400921923704862,0.0007792261899061496,0.13401148470925317,2.7284841053187847e-11,125.3102197163105
1408,266.6372426475725,4806.675556329251,11.645243846078934,-0.014167275323495687,11.645252463829602,0.13478291488517283,-0.00016397309402194082,0.13478301462765738,-9.094947017729282e-12,126.5957952758804
1409,248.30981343413123,3669.2161505719127,6.759671720733672,0.23094189972534881,6.76361559619818,0.07823694121219528,0.002672938654228574,0.07828258791896044,-1.4551915228366852e-11,86.86146309321992
1410,252.20186530233067,3905.908009986168,8.268685280115323,0.27836617973445643,8.273369566967002,0.09570237592726066,0.003221830783963616,0.09575659221026622,-1.0913936421275139e-11,100.3311804917445
1411,255.26444698759622,4097.013107146734,9.444819323893714,0.3124849258921813,9.449987242843557,0.10931503847099205,0.003616723679307654,0.10937485234772633,1.2732925824820995e-11,110.06448080993644
1412,259.6915222269014,4373.262602079371,10.969277676774475,0.24802909929404673,10.97208144265615,0.12695923237007492,0.002870707167755171,0.1269916833640758,1.0913936421275139e-11,121.75532342960868
1413,270.63702948612513,5056.262255054931,11.383331015858056,-0.13424466368015261,11.384122568135087,0.13175151638724603,-0.0015537576814832477,0.13176067787193388,4.001776687800884e-11,124.92311644839556
1414,249.52190026061913,3738.6781913833556,7.232486383204091,0.24545764295875758,7.236650381061633,0.08370933313893623,0.0028409449416522867,0.08375752755858369,-3.456079866737127e-11,91.43818229830565
1415,250.81705966902425,3819.4961384678277,7.734223820578417,0.261115702732252,7.738630338568703,0.0895164794048428,0.0030221724853269905,0.0895674807704711,1.6370904631912708e-11,95.7837659673651
1416,261.6262919905717,4477.927886629431,11.370969253641794,0.1528114996572299,11.371996004294695,0.1316084404356689,0.0017686516164031236,0.1316203241237812,-1.0913936421275139e-11,126.36029678983304
1417,253.6822338487584,3998.2830072832626,8.838479846240421,0.29665910035386106,8.843457051075719,0.10229722044259744,0.0034335544022437623,0.10235482698004301,-5.4569682106375694e-12,105.09733042335091
1418,268.64824364341246,4932.162018469664,11.571076581508,-0.06475098010233184,11.57125775119313,0.1339244974711574,-0.000749432640073285,0.13392659434251306,-1.8189894035458565e-12,126.11734826499196
1419,274.44454590291815,5278.82663222397,10.47751992982549,-0.3156718498920157,10.482274209192612,0.1212675917803876,-0.003653609373750181,0.1213226181619515,-1.4551915228366852e-11,120.77204300972511
1420,276.2009161211125,5388.42413384015,9.803473725755323,-0.34811387422460033,9.809652407756484,0.11346613108513104,-0.004029095766488429,0.11353764360829265,1.0913936421275139e-11,116.24711294652167
1421,283.84658669125446,5880.538624655404,6.435858151410861,-0.259684628942631,6.441095112757667,0.07448909897466273,-0.003005609131280451,0.07454971195321372,-1.2732925824820995e-11,90.83283960910052
1422,290.02209400783465,6250.865633971723,3.2930144374310015,-0.17244355740391484,3.2975264768640042,0.03811359302582177,-0.001995874506989755,0.03816581570444449,0.0,67.41633631669312
1423,277.83823159835663,5490.592619620288,9.113912143596266,-0.3425159420381192,9.12034603135987,0.10548509425458641,-0.003964304884700454,0.10555956054814665,-2.546585164964199e-11,111.41410776132035
1424,279.35837299260675,5586.752515370192,8.453784434466888,-0.323571403859188,8.459974569573484,0.09784472725077416,-0.0037450393965183792,0.09791637233302643,-9.094947017729282e-12,106.56392793122812
1425,281.42978503387087,5735.902378395704,7.535254825380487,-0.2940700312754359,7.54099081465521,0.08721359751597785,-0.0034035883249471746,0.08727998628073158,-1.8189894035458565e-11,98.36504711449828
1426,282.68671791760033,5808.162813179387,6.968290681112375,-0.27693599984641537,6.973791548683435,0.08065151251287471,-0.003205277776000178,0.08071517996161383,-5.4569682106375694e-12,94.72394924480815
1427,284.9177409510129,5932.354003226044,5.934988391798973,-0.2461921075252349,5.940092403708572,0.06869199527545107,-0.0028494456889494777,0.06875106948736771,1.2732925824820995e-11,88.0427338573121
1428,289.4224116016736,6212.405750363196,3.642394900487048,-0.18225436249312565,3.6469517769970343,0.042157348385266746,-0.002109425491818584,0.04221009001153974,-1.8189894035458565e-12,70.25785467716472
1429,290.81175765808325,6305.070572818878,2.7987748125281375,-0.16190000577321942,2.8034535956764612,0.03239322699685345,-0.0018738426594122615,0.03244737957958868,1.2732925824820995e-11,63.30671073352958
1430,291.2696478194024,6330.01606456224,2.4866617978811223,-0.15529105402299023,2.4915060121342165,0.02878080784584632,-0.0017973501623031278,0.02883687514044232,9.094947017729282e-12,60.95894770711627
1431,291.6740599397521,6355.251380872062,2.18699560203225,-0.1488104968776611,2.192052537529468,0.025312449097595485,-0.001722343713861818,0.025370978443628102,-3.637978807091713e-12,58.66011918249215
1432,292.02753002570597,6377.307914235583,1.8980581510016232,-0.1436910057975865,1.9034893878692423,0.02196826563659286,-0.0016630903448794736,0.022031127174412524,1.8189894035458565e-12,56.488287967249114
1433,292.69924248702154,6417.919699072984,1.213701054251196,-0.13440804081251942,1.2211207026848427,0.014047465905685138,-0.0015556486205152709,0.014133341466259755,-3.637978807091713e-12,51.42821161963056
1434,292.8865876788732,6429.610039044524,0.9515125049071195,-0.13159369633353324,0.9605690750327865,0.011012876214202771,-0.0015230751890455234,0.01111769762769429,7.275957614183426e-12,49.48839784530121
1435,293.02897532649405,6438.4950282560685,0.6940619595144085,-0.12952935969288434,0.7060452242366838,0.008033124531416766,-0.0014991824038528279,0.008171819724961617,0.0,47.58704292672613
1436,286.8103849452141,6065.479635702484,5.018600766484837,-0.2168224398027974,5.023282355568342,0.058085657019500414,-0.0025095189791990435,0.05813984207833728,-5.4569682106375694e-12,80.26324083677684
1437,287.6431277552781,6102.41813981219,4.598352712450353,-0.20704830691122997,4.603011695563495,0.05322167491261983,-0.0023963924411021984,0.0532755983282812,4.18367562815547e-11,77.77447517155369
1438,285.90401838445786,5993.897715073011,5.463388063934665,-0.23200364792526215,5.468311881174518,0.06323365814739194,-0.0026852274065423862,0.0632906467728532,-1.8189894035458565e-12,84.45343938929008
1439,288.75910481039455,6210.551245214147,4.009916721857507,-0.18784976243416626,4.014314343630681,0.046411073169647064,-0.002174187065210257,0.046461971569799546,0.0,71.57016090208698
1440,292.3316525988292,6395.248413348968,1.6185653614435782,-0.1399198429496039,1.6246019179220559,0.01873339538707845,-0.0016194426267315265,0.01880326293891268,1.2732925824820995e-11,54.42410595849091
1441,293.12708790416764,6445.9203258515945,0.4401952283917809,-0.12719650790486411,0.4582038746257874,0.005094852180460426,-0.001472181804454446,0.005303285585946612,-5.4569682106375694e-12,45.70677378978001
1442,241.52210982117168,3244.978887408175,3.821799092906017,0.1828260148027937,3.8261695804323583,0.04423378579752333,0.002116041837995297,0.04428437014389302,-1.4551915228366852e-11,58.94817659592479
1443,242.97104312471703,3346.4717421944697,4.544647855221606,0.18222975923578702,4.548299881617468,0.052600090916916725,0.002109140731895683,0.052642359740942904,-1.8189894035458565e-11,65.79152061031756
1444,239.8238545766322,3135.225944998499,2.714755012256164,0.1817497075085214,2.7208321765131704,0.03142077560481671,0.0021035845776449236,0.03149111315408762,-2.546585164964199e-11,49.46592935878073
1445,238.07454266736318,3036.034043026799,0.7039542147849254,0.1584976680227271,0.7215767785080833,0.008147618226677375,0.0018344637502630452,0.008351583084584295,1.8189894035458565e-11,36.45600041554874
1446,246.1233217858222,3527.0964353658974,5.89057536920204,0.20970624906511548,5.894306989896837,0.06817795566206064,0.0024271556604758735,0.06822114571639856,-3.637978807091713e-12,79.35110754129337
1447,243.37211644837524,3364.3812390605885,4.7276376498955335,0.18367515978439997,4.731204319518613,0.05471802835527237,0.0021258699049120366,0.054759309253687646,1.8189894035458565e-12,67.86861267490588
1448,240.3260335211498,3162.9776725953375,3.08274681884204,0.18515578062556415,3.0883022216389024,0.035679940032893986,0.0021430067202032888,0.03574423867637619,1.0913936421275139e-11,52.3403906869724
1449,244.22222362515373,3404.3112866042825,5.100907159268883,0.19051020316140635,5.1044635354745305,0.059038277306352804,0.002204979203257018,0.05907943906799225,-1.8189894035458565e-12,72.06932736247286
1450,237.9805250597126,3057.4340293607997,0.38569653545623056,0.1550288213532866,0.41568708533358184,0.00446408027148415,0.0017943150619593358,0.004811193117286827,-1.0913936421275139e-11,34.43686368789084
1451,238.84147534894942,3089.998312375237,1.8401169435832874,0.16868097113911348,1.8478321449976818,0.021297649809991753,0.0019523260548508503,0.021386946122658353,-9.094947017729282e-12,43.45735930223153
1452,242.21560802001915,3299.9331820383804,4.183134687496985,0.1807174780419473,4.18703649621189,0.0484159107349188,0.0020916374773373527,0.048461070558007975,0.0,62.203893924246124
1453,247.1802068922455,3624.3872108303,6.313634118866523,0.21549160093234432,6.317310536691056,0.07307446896836252,0.0024941157515317633,0.07311702010059092,-5.4569682106375694e-12,81.33542657144122
1454,275.33519032705897,5369.184793952372,10.147245138586632,-0.3354556645635512,10.152788503926288,0.1174449668817897,-0.003882588710226287,0.11750912620285053,-5.4569682106375694e-12,115.11921724493277
1455,254.46046967424365,4051.3038460463868,9.137493703968836,0.3051668515930601,9.142588145453198,0.10575802898112079,0.003532023745290047,0.10581699242422682,1.8189894035458565e-12,107.15897377628274
1456,251.49811901097326,3866.4531646583087,7.997154009852271,0.26926693347691644,8.00168588103534,0.09255965289180869,0.0031165154337606062,0.09261210510457571,9.094947017729282e-12,97.68052316314348
1457,269.64660552885823,4998.918723374331,11.494622462830135,-0.09585667639581742,11.495022142884665,0.13303961183831173,-0.0011094522730997387,0.1330442377648688,7.275957614183426e-12,125.13468781397597
1458,256.09649236252875,4165.97694245721,9.760004825983307,0.31670798644416326,9.7651419934323,0.11296301881925123,0.0036656016949555927,0.11302247677583681,-3.637978807091713e-12,110.96649942271037
1459,258.75195906913825,4328.814720319157,10.697428964072815,0.2840551608840713,10.70119964190038,0.12381283523232424,0.0032876754731952693,0.12385647733680996,-3.092281986027956e-11,118.30693809864296
1460,250.15883187892038,3782.8816476182074,7.479533630086803,0.2527994097713531,7.48380457155184,0.08656867627415282,0.002925919094575846,0.08661810846703519,-2.3646862246096134e-11,93.26058027184688
1461,265.62850115057137,4757.617023406368,11.649142767507007,0.009250593714398292,11.649146440458411,0.13482804129059034,0.00010706705687960986,0.13482808380160197,0.0,125.06170918819288
1462,260.65157668000234,4450.21385243723,11.19558330644267,0.20047268455574566,11.197378035448779,0.1295785104912346,0.002320285700876686,0.1295992828176942,-7.275957614183426e-12,121.52318149092554
1463,248.90622588484214,3705.747729781295,6.9927257901435445,0.2375496213602787,6.996759521288914,0.08093432627480954,0.0027494169138921145,0.08098101297788095,-1.0913936421275139e-11,88.96100546657088
1464,273.5227589635054,5253.499400911623,10.775553443039803,-0.2746629955069921,10.779053379815307,0.1247170537388866,-0.0031789698554050005,0.12475756226638088,-7.275957614183426e-12,119.31949900921805
1465,267.64431082807096,4873.975534045205,11.621231281480043,-0.03792909469228789,11.621293177347969,0.1345049916837968,-0.0004389941515311098,0.13450570807115705,-5.4569682106375694e-12,125.93855771695326
1466,271.6158430333561,5121.799143654996,11.230872083399284,-0.17905972174457932,11.232299414529004,0.12998694540971395,-0.002072450483154853,0.13000346544593758,1.2732925824820995e-11,123.48199474624704
1467,252.92995632567397,3955.7998130956385,8.549057399841603,0.28703070689541055,8.55387450530386,0.09894742360927782,0.0033221146631413254,0.0990031771447206,1.8189894035458565e-12,102.31120505761268
1468,277.03256130812014,5470.722418734593,9.456687289703316,-0.34575180978446846,9.463005802027466,0.10945239918638094,-0.0040017570576906065,0.10952553011605862,-1.0913936421275139e-11,110.98491104246136
1469,283.2779512549604,5849.51469668324,6.697946130885359,-0.26823872690656003,6.703315178839095,0.07752252466302498,-0.0031046148947518524,0.07758466642174877,3.637978807091713e-12,92.44878020026158
1470,278.6104820553161,5573.718125503431,8.779653970909752,-0.33075041161678204,8.785881838705551,0.10161636540404806,-0.003828129764083125,0.10168844720724018,5.4569682106375694e-12,105.95779161477398
1471,289.72865283995503,6262.834756337298,3.4656428573353275,-0.17593139406619115,3.470105512807564,0.040111607145084806,-0.0020362429868772125,0.04016325825008754,5.4569682106375694e-12,67.7391799030262
1472,290.2980316029612,6314.828667271973,3.124757785064537,-0.16491687444328706,3.1291067081193593,0.036166178067876587,-0.0019087601208713778,0.03621651282545555,-9.094947017729282e-12,64.59219806269111
1473,293.0827131459547,6476.785345559281,0.5667519438031071,-0.12739106598827446,0.5808926316439461,0.006559628979202629,-0.0014744336341235471,0.006723294347730858,-1.4551915228366852e-11,46.43368578661346
1474,282.07094444413974,5775.226167881537,7.247280756405136,-0.28478299822447184,7.252873893722262,0.08388056431024461,-0.0032960995164869424,0.0839452996958595,-3.092281986027956e-11,96.34632318623423
1475,280.07287170808166,5676.88949533733,8.138471057728944,-0.30869124160072375,8.144323264712218,0.09419526687186279,-0.003572815296304673,0.09426300074898401,9.094947017729282e-12,100.55554082228987
1476,291.47739646114246,6376.768712135174,2.3355100508500715,-0.15023923470116074,2.340337374240153,0.02703136632928323,-0.0017388800312634345,0.027087238127779543,-1.8189894035458565e-11,59.01086106704379
1477,291.85613816606866,6400.402194522569,2.0412947366061385,-0.1448473619609729,2.046427364936996,0.023626096488496968,-0.0016764740967705194,0.023685501908993004,-1.0913936421275139e-11,56.87959326056963
1478,292.18481916594305,6420.78846636122,1.7572602236045298,-0.14019449001514203,1.7628437220846458,0.020338659995422798,-0.0016226214122122922,0.02040328382042414,9.094947017729282e-12,54.85155575914328
1479,292.7977386617658,6458.847810037714,1.081925676677051,-0.13151483010056494,1.0898895909171147,0.012522287924502903,-0.0015221623854232054,0.012614462857836971,-1.2732925824820995e-11,50.071201162364055
1480,292.96262183931947,6464.758195881459,0.8222862399584372,-0.12956024269407748,0.8324304877357225,0.009517201851370801,-0.0014995398459962672,0.009634612126570862,-5.4569682106375694e-12,48.27492089527712
1481,285.4195575281889,5998.449307302515,5.695785046158792,-0.23660421588149919,5.700697224640072,0.06592343803424527,-0.0027384747208506846,0.06598029195185268,5.4569682106375694e-12,84.20005271851198
1482,287.23488993131497,6109.136373302726,4.8055330068132625,-0.2104959218580632,4.8101409555948145,0.0556195949862646,-0.0024362953918757313,0.05567292772679182,1.6370904631912708e-11,77.79868281102792
1483,291.0472425660848,6330.3490920546965,2.6412156113006464,-0.1584575590111399,2.645964607357025,0.030569625130794514,-0.0018339995255918968,0.030624590362928528,1.4551915228366852e-11,61.789216937663234
1484,292.5874611898066,6437.645944775597,1.3469689353033412,-0.13473018822298855,1.3536903398823597,0.01558991823267756,-0.0015593771785068118,0.015667712267156943,1.8189894035458565e-12,52.054349357225064
1485,284.3918593709793,5931.731266337781,6.181673040424683,-0.2508792232541964,6.186761831796499,0.07154714167158198,-0.002903694713590236,0.07160603971986688,-7.275957614183426e-12,87.87281764010665
1486,288.4046551481533,6147.23947597598,4.2006455026372675,-0.19618767835812037,4.205224398764738,0.048618582206449844,-0.002270690721737504,0.04867157868940667,-3.637978807091713e-12,74.77207296295305
1487,293.1583736204508,6504.003651993298,0.31060367861875166,-0.12446125494459466,0.33461208757886224,0.003594949984013329,-0.0014405237840809566,0.003872825087718312,7.275957614183426e-12,44.56949518309403
1488,293.18376698711427,6435.361589688392,0.17392882851775612,-0.1337608744439223,0.21941560774375593,0.002013065144881437,-0.001548158269026878,0.0025395324970342117,2.9103830456733704e-11,43.766106153141074
1489,286.36579752009743,6054.905006842751,5.237917748852412,-0.22285102632325793,5.242656285097893,0.06062404801912513,-0.002579294286148818,0.060678892188633024,-1.0913936421275139e-11,80.99984077711129
1490,288.0311483712044,6161.091388626725,4.396920698980687,-0.19963747422607414,4.401450528432664,0.05089028586783203,-0.0023106189146536358,0.050942714449452135,-2.3646862246096134e-11,74.64615745031433
1491,237.94910544977265,2988.191130161827,0.2159435853404184,0.16630189642689697,0.272558164076692,0.002499347052551139,0.0019247904679038999,0.003154608380517268,1.6370904631912708e-11,33.511953491465505
1492,264.6207817057538,4688.801472809785,11.627737134111264,0.03620671481286308,11.627793504624494,0.13458029090406556,0.00041905919922295237,0.13458094334056128,7.275957614183426e-12,125.5665696995468
1493,238.5505633285636,3048.625713261404,1.5069084596028148,0.1656521839165265,1.515986065786504,0.01744107013429184,0.0019172706471820196,0.017546135020677135,-1.8189894035458565e-12,41.5864956628189
1494,239.18909407667365,3099.847129303343,2.181977948383089,0.17427820683724923,2.1889268285185963,0.025254374402582047,0.002017108875431125,0.025334801256002272,-9.094947017729282e-12,45.78243603103438
1495,245.13881318522522,3472.856880847465,5.487288029194368,0.19747306088652297,5.4908401474743105,0.06351027811567556,0.0022855678343347563,0.06355139059576748,9.094947017729282e-12,75.2192350572499
1496,238.31894077319936,3047.010350114631,1.1818835467385398,0.16149012927439801,1.1928653653721075,0.013679207716881248,0.0018690987184536805,0.01380631209921421,-1.4551915228366852e-11,39.442445657586816
1497,240.89045204353476,3194.666122799875,3.4544284947768555,0.18626975448556213,3.4594468700881076,0.03998181128213953,0.002155899936175487,0.04003989432972347,-1.0913936421275139e-11,55.66035757882643
1498,238.1420231264224,3033.052892003199,0.8622589512620874,0.15989829959295324,0.8769595003444074,0.009979848972940825,0.0018506747638073289,0.010149994216949157,-5.4569682106375694e-12,37.47445731555541
1499,239.5972751077043,3128.2793178063052,2.5342480173112545,0.17860899436350341,2.5405342324230875,0.029331574274435817,0.002067233731059067,0.029404331393785735,1.8189894035458565e-12,48.09311341211809
1500,247.73275666442242,3621.9104034259817,6.533329379468231,0.22445971327136363,6.537184022459869,0.0756172381882897,0.00259791334804819,0.07566185211180404,0.0,85.56625550361031
1501,262.61343673210206,4574.3614661918955,11.495297612291209,0.1053273148948108,11.49578014048681,0.13304742606818526,0.0012190661446158657,0.13305301088526397,1.8189894035458565e-12,123.42298351484237
1502,290.56229739558154,6307.662089184571,2.9599823744206866,-0.16295476623159857,2.964464523774694,0.03425905525949868,-0.0018860505350879464,0.03431093198813302,-7.275957614183426e-12,64.04220676796633
1503,289.09830375578235,6213.9392162715385,3.823716008311345,-0.18460734115715813,3.8281697954277787,0.044255972318418345,-0.002136659041170811,0.044307520780414104,3.092281986027956e-11,70.8538612700384
1504,280.76378706232396,5683.04670025538,7.832287400183478,-0.3033610936215951,7.838160107588781,0.09065147453916061,-0.0035111237687684613,0.09071944568968494,-1.8189894035458565e-12,101.37014012488015
1505,257.8401602988877,4261.883118123476,10.395451762179292,0.3093214646187903,10.400052745456172,0.12031772872892697,0.0035801095441989617,0.12037098085018716,9.094947017729282e-12,117.11350476162076
1506,292.46544615426257,6422.300782978268,1.4819397308719677,-0.13698694011570187,1.4882576348533016,0.017152080218425552,-0.0015854969920798823,0.017225204107098397,-2.3646862246096134e-11,53.13625486741755
1507,293.1990523522064,6225.711595272333,0.07559449911844013,-0.18817719828470844,0.202793457121403,0.0008749363323893533,-0.00217797683199894,0.002347146494460683,-2.546585164964199e-11,43.32109462032876
1508,293.1882726806506,6751.833357715101,0.05126409377607502,-0.056250381066877256,0.07610593065491754,0.0005933344187045719,-0.0006510460771629312,0.0008808556788763602,-3.637978807091713e-12,42.516309568687575
1509,237.93013610891484,2776.8242553582036,0.09389085789090813,0.23374341681897176,0.2518957683282875,0.0010866997441077331,0.002705363620589951,0.0029154602815774015,5.4569682106375694e-12,32.98931608789803
1510,237.9435248745948,3304.505798434041,0.06364889432739745,0.06988095660150578,0.09452264196816412,0.0007366770176782111,0.0008088073680729835,0.0010940120598167144,2.1827872842550278e-11,32.26696168847014
# Total Flowrate: 183.958670
# Unconfined: True
# Converged: True
# Closure Error: 3.203303e-04
# Closure Fraction: 1.741317e-06
